{
    "(4, 1024, 20)": {
        "read": [
            [
                1.4549691677093506
            ]
        ],
        "compute": [
            [
                86.91867136955261
            ]
        ],
        "write": [
            [
                5.531809329986572
            ]
        ],
        "cold_start": [
            [
                1.414407730102539
            ]
        ],
        "time_consumption": [
            [
                96.36173105
            ]
        ],
        "worker_time_execution": [
            [
                96.36173105239868
            ]
        ],
        "measurement_energy": [
            [
                "null, null, null, psutil"
            ]
        ],
        "RAPL_wrong": [
            [
                12
            ]
        ],
        "TDP": [
            [
                20.765953041791917
            ]
        ],
        "perf_energy_cores": [
            [
                0.0
            ]
        ],
        "rapl_energy_cores": [
            [
                0.0
            ]
        ],
        "ebpf_energy_pkg": [
            [
                0.0
            ]
        ],
        "ebpf_energy_cores": [
            [
                0.0
            ]
        ],
        "psutil_cpu_percent": [
            [
                1.9
            ]
        ],
        "cpu_name": [
            [
                "aarch64"
            ]
        ],
        "cpu_architecture": [
            [
                "aarch64"
            ]
        ],
        "cpu_cores_physical": [
            [
                0
            ]
        ],
        "cpu_cores_logical": [
            [
                2
            ]
        ],
        "aws_cpu": [
            [
                "type:lambda-function|arch:aarch64|lambda:True|mem:1024"
            ]
        ]
    },
    "(4, 1024, 16)": {
        "read": [
            [
                1.578394889831543
            ]
        ],
        "compute": [
            [
                86.32672333717346
            ]
        ],
        "write": [
            [
                5.37008810043335
            ]
        ],
        "cold_start": [
            [
                1.6223540306091309
            ]
        ],
        "time_consumption": [
            [
                95.28160048
            ]
        ],
        "worker_time_execution": [
            [
                95.28160047531128
            ]
        ],
        "measurement_energy": [
            [
                "null, null, null, psutil"
            ]
        ],
        "RAPL_wrong": [
            [
                12
            ]
        ],
        "TDP": [
            [
                20.53318490242958
            ]
        ],
        "perf_energy_cores": [
            [
                0.0
            ]
        ],
        "rapl_energy_cores": [
            [
                0.0
            ]
        ],
        "ebpf_energy_pkg": [
            [
                0.0
            ]
        ],
        "ebpf_energy_cores": [
            [
                0.0
            ]
        ],
        "psutil_cpu_percent": [
            [
                0.0
            ]
        ],
        "cpu_name": [
            [
                "aarch64"
            ]
        ],
        "cpu_architecture": [
            [
                "aarch64"
            ]
        ],
        "cpu_cores_physical": [
            [
                0
            ]
        ],
        "cpu_cores_logical": [
            [
                2
            ]
        ],
        "aws_cpu": [
            [
                "type:lambda-function|arch:aarch64|lambda:True|mem:1024"
            ]
        ]
    },
    "(4, 1024, 12)": {
        "read": [
            [
                1.3550662994384766
            ]
        ],
        "compute": [
            [
                87.52622604370117
            ]
        ],
        "write": [
            [
                5.788527250289917
            ]
        ],
        "cold_start": [
            [
                0.8429090976715088
            ]
        ],
        "time_consumption": [
            [
                96.87605977
            ]
        ],
        "worker_time_execution": [
            [
                96.8760597705841
            ]
        ],
        "measurement_energy": [
            [
                "null, null, null, psutil"
            ]
        ],
        "RAPL_wrong": [
            [
                12
            ]
        ],
        "TDP": [
            [
                20.92522891044617
            ]
        ],
        "perf_energy_cores": [
            [
                0.0
            ]
        ],
        "rapl_energy_cores": [
            [
                0.0
            ]
        ],
        "ebpf_energy_pkg": [
            [
                0.0
            ]
        ],
        "ebpf_energy_cores": [
            [
                0.0
            ]
        ],
        "psutil_cpu_percent": [
            [
                3.8
            ]
        ],
        "cpu_name": [
            [
                "aarch64"
            ]
        ],
        "cpu_architecture": [
            [
                "aarch64"
            ]
        ],
        "cpu_cores_physical": [
            [
                0
            ]
        ],
        "cpu_cores_logical": [
            [
                2
            ]
        ],
        "aws_cpu": [
            [
                "type:lambda-function|arch:aarch64|lambda:True|mem:1024"
            ]
        ]
    }
}