{
    "(4, 1024, 20)": {
        "read": [
            [
                5.3451762199401855
            ]
        ],
        "compute": [
            [
                11.991008520126343
            ]
        ],
        "write": [
            [
                2.7571842670440674
            ]
        ],
        "cold_start": [
            [
                1.1076381206512451
            ]
        ],
        "time_consumption": [
            [
                22.21898985
            ]
        ],
        "worker_time_execution": [
            [
                22.218989849090576
            ]
        ],
        "measurement_energy": [
            [
                "null, null, null, psutil"
            ]
        ],
        "RAPL_wrong": [
            [
                12
            ]
        ],
        "TDP": [
            [
                4.377141000270845
            ]
        ],
        "perf_energy_cores": [
            [
                0.0
            ]
        ],
        "rapl_energy_cores": [
            [
                0.0
            ]
        ],
        "ebpf_energy_pkg": [
            [
                0.0
            ]
        ],
        "ebpf_energy_cores": [
            [
                0.0
            ]
        ],
        "psutil_cpu_percent": [
            [
                3.8
            ]
        ],
        "cpu_name": [
            [
                "aarch64"
            ]
        ],
        "cpu_architecture": [
            [
                "aarch64"
            ]
        ],
        "cpu_cores_physical": [
            [
                0
            ]
        ],
        "cpu_cores_logical": [
            [
                2
            ]
        ],
        "aws_cpu": [
            [
                "type:lambda-function|arch:aarch64|lambda:True|mem:1024"
            ]
        ]
    },
    "(4, 1024, 16)": {
        "read": [
            [
                5.264176845550537
            ]
        ],
        "compute": [
            [
                11.83643126487732
            ]
        ],
        "write": [
            [
                2.9255778789520264
            ]
        ],
        "cold_start": [
            [
                1.1339242458343506
            ]
        ],
        "time_consumption": [
            [
                22.25874472
            ]
        ],
        "worker_time_execution": [
            [
                22.258744716644287
            ]
        ],
        "measurement_energy": [
            [
                "null, null, null, psutil"
            ]
        ],
        "RAPL_wrong": [
            [
                12
            ]
        ],
        "TDP": [
            [
                4.36271396446228
            ]
        ],
        "perf_energy_cores": [
            [
                0.0
            ]
        ],
        "rapl_energy_cores": [
            [
                0.0
            ]
        ],
        "ebpf_energy_pkg": [
            [
                0.0
            ]
        ],
        "ebpf_energy_cores": [
            [
                0.0
            ]
        ],
        "psutil_cpu_percent": [
            [
                1.9
            ]
        ],
        "cpu_name": [
            [
                "aarch64"
            ]
        ],
        "cpu_architecture": [
            [
                "aarch64"
            ]
        ],
        "cpu_cores_physical": [
            [
                0
            ]
        ],
        "cpu_cores_logical": [
            [
                2
            ]
        ],
        "aws_cpu": [
            [
                "type:lambda-function|arch:aarch64|lambda:True|mem:1024"
            ]
        ]
    },
    "(4, 1024, 12)": {
        "read": [
            [
                44.857016801834106
            ]
        ],
        "compute": [
            [
                93.75273180007935
            ]
        ],
        "write": [
            [
                19.581073999404907
            ]
        ],
        "cold_start": [
            [
                0.507094144821167
            ]
        ],
        "time_consumption": [
            [
                160.62488699
            ]
        ],
        "worker_time_execution": [
            [
                160.6248869895935
            ]
        ],
        "measurement_energy": [
            [
                "null, null, null, psutil"
            ]
        ],
        "RAPL_wrong": [
            [
                12
            ]
        ],
        "TDP": [
            [
                30.67935341501236
            ]
        ],
        "perf_energy_cores": [
            [
                0.0
            ]
        ],
        "rapl_energy_cores": [
            [
                0.0
            ]
        ],
        "ebpf_energy_pkg": [
            [
                0.0
            ]
        ],
        "ebpf_energy_cores": [
            [
                0.0
            ]
        ],
        "psutil_cpu_percent": [
            [
                2.0
            ]
        ],
        "cpu_name": [
            [
                "aarch64"
            ]
        ],
        "cpu_architecture": [
            [
                "aarch64"
            ]
        ],
        "cpu_cores_physical": [
            [
                0
            ]
        ],
        "cpu_cores_logical": [
            [
                2
            ]
        ],
        "aws_cpu": [
            [
                "type:lambda-function|arch:aarch64|lambda:True|mem:1024"
            ]
        ]
    }
}