{
    "(4, 2048, 28)": {
        "read": [
            [
                0.0007059574127197266,
                0.0008466243743896484,
                0.0005068778991699219,
                0.0005338191986083984,
                0.0004680156707763672,
                0.0005629062652587891,
                0.0006237030029296875,
                0.0005657672882080078,
                0.0050144195556640625,
                0.0007336139678955078,
                0.0005564689636230469,
                0.0006723403930664062,
                0.0009412765502929688,
                0.0007526874542236328,
                0.00054168701171875,
                0.0008220672607421875,
                0.0006198883056640625,
                0.0005640983581542969,
                0.0005929470062255859,
                0.0006670951843261719,
                0.0006458759307861328,
                0.0006473064422607422,
                0.0004258155822753906,
                0.0008153915405273438,
                0.0006220340728759766,
                0.0006341934204101562,
                0.0007293224334716797,
                0.0004787445068359375
            ]
        ],
        "compute": [
            [
                1.239776611328125e-05,
                1.5497207641601562e-05,
                8.58306884765625e-06,
                9.298324584960938e-06,
                8.821487426757812e-06,
                1.2159347534179688e-05,
                1.0728836059570312e-05,
                8.821487426757812e-06,
                1.3828277587890625e-05,
                1.4781951904296875e-05,
                9.775161743164062e-06,
                1.1682510375976562e-05,
                1.9073486328125e-05,
                1.33514404296875e-05,
                9.298324584960938e-06,
                1.3113021850585938e-05,
                1.049041748046875e-05,
                8.58306884765625e-06,
                8.58306884765625e-06,
                1.4781951904296875e-05,
                1.1682510375976562e-05,
                1.1205673217773438e-05,
                7.3909759521484375e-06,
                1.1444091796875e-05,
                1.1205673217773438e-05,
                1.049041748046875e-05,
                1.2636184692382812e-05,
                1.0013580322265625e-05
            ]
        ],
        "write": [
            [
                0.0002396106719970703,
                0.0002732276916503906,
                0.0001537799835205078,
                0.00016188621520996094,
                0.00015401840209960938,
                0.00017452239990234375,
                0.00018835067749023438,
                0.00017333030700683594,
                0.00024890899658203125,
                0.0002918243408203125,
                0.0001595020294189453,
                0.00022125244140625,
                0.00032711029052734375,
                0.00025200843811035156,
                0.0001571178436279297,
                0.0002677440643310547,
                0.00020766258239746094,
                0.00015091896057128906,
                0.00014901161193847656,
                0.00021719932556152344,
                0.0002346038818359375,
                0.00022029876708984375,
                0.00013756752014160156,
                0.00025391578674316406,
                0.00020837783813476562,
                0.000213623046875,
                0.0002434253692626953,
                0.0001652240753173828
            ]
        ],
        "cold_start": [
            [
                0.761948823928833,
                1.0256714820861816,
                1.2064061164855957,
                0.794121265411377,
                0.6799473762512207,
                0.6972849369049072,
                0.9601635932922363,
                1.1784183979034424,
                5.1941142082214355,
                5.2016003131866455,
                5.4556965827941895,
                5.39649510383606,
                5.6412293910980225,
                5.803795337677002,
                5.968708515167236,
                5.803069114685059,
                9.736525535583496,
                9.787374258041382,
                10.173293828964233,
                10.022412061691284,
                10.493782758712769,
                10.385445594787598,
                10.5904700756073,
                10.690085649490356,
                14.123807668685913,
                14.275092601776123,
                14.495836734771729,
                14.728962659835815
            ]
        ],
        "time_consumption": [
            [
                3.81072235,
                3.8230114,
                3.84203243,
                3.78827834,
                3.79789019,
                3.80081725,
                3.8132627,
                3.81251669,
                3.77107215,
                3.78964829,
                3.78164792,
                3.77768612,
                3.7735281,
                3.79107952,
                3.80690575,
                3.80219054,
                3.82936668,
                3.80623436,
                3.8061862,
                3.76806307,
                3.827564,
                3.81883001,
                3.81595707,
                3.82002902,
                3.79825807,
                3.79995155,
                3.79646564,
                3.80883002
            ]
        ],
        "worker_time_execution": [
            [
                3.8107223510742188,
                3.8230113983154297,
                3.8420324325561523,
                3.788278341293335,
                3.7978901863098145,
                3.8008172512054443,
                3.813262701034546,
                3.812516689300537,
                3.7710721492767334,
                3.7896482944488525,
                3.7816479206085205,
                3.77768611907959,
                3.7735280990600586,
                3.791079521179199,
                3.806905746459961,
                3.8021905422210693,
                3.829366683959961,
                3.806234359741211,
                3.8061861991882324,
                3.7680630683898926,
                3.827564001083374,
                3.8188300132751465,
                3.8159570693969727,
                3.8200290203094482,
                3.798258066177368,
                3.7999515533447266,
                3.7964656352996826,
                3.8088300228118896
            ]
        ],
        "measurement_energy": [
            [
                "null, null, null, psutil",
                "null, null, null, psutil",
                "null, null, null, psutil",
                "null, null, null, psutil",
                "null, null, null, psutil",
                "null, null, null, psutil",
                "null, null, null, psutil",
                "null, null, null, psutil",
                "null, null, null, psutil",
                "null, null, null, psutil",
                "null, null, null, psutil",
                "null, null, null, psutil",
                "null, null, null, psutil",
                "null, null, null, psutil",
                "null, null, null, psutil",
                "null, null, null, psutil",
                "null, null, null, psutil",
                "null, null, null, psutil",
                "null, null, null, psutil",
                "null, null, null, psutil",
                "null, null, null, psutil",
                "null, null, null, psutil",
                "null, null, null, psutil",
                "null, null, null, psutil",
                "null, null, null, psutil",
                "null, null, null, psutil",
                "null, null, null, psutil",
                "null, null, null, psutil"
            ]
        ],