{
    "(4, 512, 28)": {
        "read": [
            [
                3.322856903076172
            ]
        ],
        "compute": [
            [
                149.40177273750305
            ]
        ],
        "write": [
            [
                7.614885330200195
            ]
        ],
        "cold_start": [
            [
                1.7644462585449219
            ]
        ],
        "time_consumption": [
            [
                164.00836563
            ]
        ],
        "worker_time_execution": [
            [
                164.00836563110352
            ]
        ],
        "measurement_energy": [
            [
                "null, null, null, psutil"
            ]
        ],
        "RAPL_wrong": [
            [
                12
            ]
        ],
        "TDP": [
            [
                21.48509589767456
            ]
        ],
        "perf_energy_cores": [
            [
                0.0
            ]
        ],
        "rapl_energy_cores": [
            [
                0.0
            ]
        ],
        "ebpf_energy_pkg": [
            [
                0.0
            ]
        ],
        "ebpf_energy_cores": [
            [
                0.0
            ]
        ],
        "psutil_cpu_percent": [
            [
                1.8
            ]
        ],
        "cpu_name": [
            [
                "Intel(R) Xeon(R) Processor @ 2.50GHz"
            ]
        ],
        "cpu_architecture": [
            [
                "x86_64"
            ]
        ],
        "cpu_cores_physical": [
            [
                2
            ]
        ],
        "cpu_cores_logical": [
            [
                2
            ]
        ],
        "aws_cpu": [
            [
                "type:lambda-function|arch:x86_64|lambda:True|mem:512"
            ]
        ]
    },
    "(4, 512, 24)": {
        "read": [
            [
                3.09613299369812
            ]
        ],
        "compute": [
            [
                147.86441493034363
            ]
        ],
        "write": [
            [
                8.677369117736816
            ]
        ],
        "cold_start": [
            [
                0.9896142482757568
            ]
        ],
        "time_consumption": [
            [
                162.64217901
            ]
        ],
        "worker_time_execution": [
            [
                162.64217901229858
            ]
        ],
        "measurement_energy": [
            [
                "null, null, null, psutil"
            ]
        ],
        "RAPL_wrong": [
            [
                12
            ]
        ],
        "TDP": [
            [
                20.16763019752502
            ]
        ],
        "perf_energy_cores": [
            [
                0.0
            ]
        ],
        "rapl_energy_cores": [
            [
                0.0
            ]
        ],
        "ebpf_energy_pkg": [
            [
                0.0
            ]
        ],
        "ebpf_energy_cores": [
            [
                0.0
            ]
        ],
        "psutil_cpu_percent": [
            [
                3.6
            ]
        ],
        "cpu_name": [
            [
                "Intel(R) Xeon(R) Processor @ 2.50GHz"
            ]
        ],
        "cpu_architecture": [
            [
                "x86_64"
            ]
        ],
        "cpu_cores_physical": [
            [
                2
            ]
        ],
        "cpu_cores_logical": [
            [
                2
            ]
        ],
        "aws_cpu": [
            [
                "type:lambda-function|arch:x86_64|lambda:True|mem:512"
            ]
        ]
    },
    "(4, 512, 20)": {
        "read": [
            [
                3.067518472671509
            ]
        ],
        "compute": [
            [
                150.93497347831726
            ]
        ],
        "write": [
            [
                9.013370275497437
            ]
        ],
        "cold_start": [
            [
                1.0825750827789307
            ]
        ],
        "time_consumption": [
            [
                166.02571654
            ]
        ],
        "worker_time_execution": [
            [
                166.02571654319763
            ]
        ],
        "measurement_energy": [
            [
                "null, null, null, psutil"
            ]
        ],
        "RAPL_wrong": [
            [
                12
            ]
        ],
        "TDP": [
            [
                19.009944544196127
            ]
        ],
        "perf_energy_cores": [
            [
                0.0
            ]
        ],
        "rapl_energy_cores": [
            [
                0.0
            ]
        ],
        "ebpf_energy_pkg": [
            [
                0.0
            ]
        ],
        "ebpf_energy_cores": [
            [
                0.0
            ]
        ],
        "psutil_cpu_percent": [
            [
                1.8
            ]
        ],
        "cpu_name": [
            [
                "Intel(R) Xeon(R) Processor @ 2.50GHz"
            ]
        ],
        "cpu_architecture": [
            [
                "x86_64"
            ]
        ],
        "cpu_cores_physical": [
            [
                2
            ]
        ],
        "cpu_cores_logical": [
            [
                2
            ]
        ],
        "aws_cpu": [
            [
                "type:lambda-function|arch:x86_64|lambda:True|mem:512"
            ]
        ]
    },
    "(4, 512, 16)": {
        "read": [
            [
                3.3557567596435547
            ]
        ],
        "compute": [
            [
                148.34272694587708
            ]
        ],
        "write": [
            [
                7.538621664047241
            ]
        ],
        "cold_start": [
            [
                1.5156288146972656
            ]
        ],
        "time_consumption": [
            [
                162.00032377
            ]
        ],
        "worker_time_execution": [
            [
                162.00032377243042
            ]
        ],
        "measurement_energy": [
            [
                "null, null, null, psutil"
            ]
        ],
        "RAPL_wrong": [
            [
                12
            ]
        ],
        "TDP": [
            [
                19.683039338350294
            ]
        ],
        "perf_energy_cores": [
            [
                0.0
            ]
        ],
        "rapl_energy_cores": [
            [
                0.0
            ]
        ],
        "ebpf_energy_pkg": [
            [
                0.0
            ]
        ],
        "ebpf_energy_cores": [
            [
                0.0
            ]
        ],
        "psutil_cpu_percent": [
            [
                1.9
            ]
        ],
        "cpu_name": [
            [
                "Intel(R) Xeon(R) Processor @ 2.50GHz"
            ]
        ],
        "cpu_architecture": [
            [
                "x86_64"
            ]
        ],
        "cpu_cores_physical": [
            [
                2
            ]
        ],
        "cpu_cores_logical": [
            [
                2
            ]
        ],
        "aws_cpu": [
            [
                "type:lambda-function|arch:x86_64|lambda:True|mem:512"
            ]
        ]
    }
}