{
    "(4, 2048, 28)": {
        "read": [
            [
                0.0008411407470703125,
                0.0005168914794921875,
                0.0008890628814697266,
                0.0005021095275878906,
                0.0006799697875976562,
                0.0004799365997314453,
                0.0007154941558837891,
                0.0005497932434082031,
                0.0007500648498535156,
                0.0007457733154296875,
                0.00044989585876464844,
                0.0004520416259765625,
                0.0010790824890136719,
                0.0007135868072509766,
                0.0007076263427734375,
                0.0007932186126708984,
                0.0006392002105712891,
                0.000993967056274414,
                0.0004661083221435547,
                0.0004897117614746094,
                0.0009226799011230469,
                0.0006573200225830078,
                0.0008509159088134766,
                0.0007505416870117188,
                0.0004930496215820312,
                0.0005586147308349609,
                0.0007021427154541016,
                0.0007069110870361328
            ]
        ],
        "compute": [
            [
                1.1444091796875e-05,
                8.106231689453125e-06,
                1.1920928955078125e-05,
                7.867813110351562e-06,
                9.059906005859375e-06,
                7.62939453125e-06,
                1.049041748046875e-05,
                1.0013580322265625e-05,
                1.1444091796875e-05,
                1.1205673217773438e-05,
                6.4373016357421875e-06,
                7.3909759521484375e-06,
                1.3113021850585938e-05,
                1.0967254638671875e-05,
                1.0728836059570312e-05,
                1.2636184692382812e-05,
                1.0728836059570312e-05,
                1.5497207641601562e-05,
                7.152557373046875e-06,
                7.152557373046875e-06,
                1.4066696166992188e-05,
                2.09808349609375e-05,
                1.621246337890625e-05,
                1.2159347534179688e-05,
                1.0728836059570312e-05,
                8.58306884765625e-06,
                1.0251998901367188e-05,
                1.1682510375976562e-05
            ]
        ],
        "write": [
            [
                0.0002510547637939453,
                0.00016498565673828125,
                0.0002703666687011719,
                0.00017905235290527344,
                0.00015783309936523438,
                0.0001513957977294922,
                0.00022268295288085938,
                0.00015783309936523438,
                0.0002307891845703125,
                0.0002276897430419922,
                0.00013566017150878906,
                0.00016188621520996094,
                0.0003542900085449219,
                0.0002295970916748047,
                0.00026226043701171875,
                0.00028824806213378906,
                0.00023555755615234375,
                0.0002777576446533203,
                0.00015401840209960938,
                0.0001609325408935547,
                0.00032591819763183594,
                0.00020456314086914062,
                0.0003426074981689453,
                0.00029158592224121094,
                0.00019478797912597656,
                0.00017905235290527344,
                0.0001933574676513672,
                0.0002307891845703125
            ]
        ],
        "cold_start": [
            [
                0.8137166500091553,
                1.1524450778961182,
                0.8986003398895264,
                1.0513050556182861,
                0.7983558177947998,
                0.5967109203338623,
                0.6024229526519775,
                1.1446738243103027,
                5.1927666664123535,
                5.078191757202148,
                5.223230838775635,
                5.630207061767578,
                6.221467971801758,
                6.225531101226807,
                6.464592456817627,
                6.487212657928467,
                9.635406017303467,
                9.786711931228638,
                9.781226396560669,
                10.11394214630127,
                10.717581272125244,
                10.683494091033936,
                10.924408435821533,
                11.015921831130981,
                14.174015045166016,
                14.307008028030396,
                14.269867897033691,
                14.590277671813965
            ]
        ],
        "time_consumption": [
            [
                3.7774353,
                4.3215723,
                3.77549481,
                4.33365583,
                4.31248879,
                3.81165051,
                3.80440831,
                4.30418301,
                3.84661269,
                3.86833858,
                3.8368609,
                3.81388211,
                3.81005359,
                3.83202314,
                3.80470109,
                3.82867026,
                3.83905888,
                3.84669542,
                3.83370876,
                3.8084774,
                3.80381441,
                3.79073119,
                3.79955268,
                3.81307197,
                3.80662012,
                3.79990292,
                3.81192017,
                3.79950929
            ]
        ],
        "worker_time_execution": [
            [
                3.777435302734375,
                4.321572303771973,
                3.7754948139190674,
                4.333655834197998,
                4.312488794326782,
                3.811650514602661,
                3.804408311843872,
                4.304183006286621,
                3.8466126918792725,
                3.8683385848999023,
                3.8368608951568604,
                3.8138821125030518,
                3.810053586959839,
                3.8320231437683105,
                3.804701089859009,
                3.8286702632904053,
                3.8390588760375977,
                3.8466954231262207,
                3.8337087631225586,
                3.8084774017333984,
                3.80381441116333,
                3.790731191635132,
                3.7995526790618896,
                3.8130719661712646,
                3.8066201210021973,
                3.79990291595459,
                3.811920166015625,
                3.799509286880493
            ]
        ],
        "measurement_energy": [
            [
                "null, null, null, psutil",
                "null, null, null, psutil",
                "null, null, null, psutil",
                "null, null, null, psutil",
                "null, null, null, psutil",
                "null, null, null, psutil",
                "null, null, null, psutil",
                "null, null, null, psutil",
                "null, null, null, psutil",
                "null, null, null, psutil",
                "null, null, null, psutil",
                "null, null, null, psutil",
                "null, null, null, psutil",
                "null, null, null, psutil",
                "null, null, null, psutil",
                "null, null, null, psutil",
                "null, null, null, psutil",
                "null, null, null, psutil",
                "null, null, null, psutil",
                "null, null, null, psutil",
                "null, null, null, psutil",
                "null, null, null, psutil",
                "null, null, null, psutil",
                "null, null, null, psutil",
                "null, null, null, psutil",
                "null, null, null, psutil",
                "null, null, null, psutil",
                "null, null, null, psutil"
            ]
        ],