{
    "(4, 2048, 28)": {
        "read": [
            [
                0.0006527900695800781
            ]
        ],
        "compute": [
            [
                1.3828277587890625e-05
            ]
        ],
        "write": [
            [
                0.0001938343048095703
            ]
        ],
        "cold_start": [
            [
                0.550957202911377
            ]
        ],
        "time_consumption": [
            [
                3.80731273
            ]
        ],
        "worker_time_execution": [
            [
                3.8073127269744873
            ]
        ],
        "measurement_energy": [
            [
                "null, null, null, psutil"
            ]
        ],
        "RAPL_wrong": [
            [
                12
            ]
        ],
        "TDP": [
            [
                2.334358615726232
            ]
        ],
        "perf_energy_cores": [
            [
                0.0
            ]
        ],
        "rapl_energy_cores": [
            [
                0.0
            ]
        ],
        "ebpf_energy_pkg": [
            [
                0.0
            ]
        ],
        "ebpf_energy_cores": [
            [
                0.0
            ]
        ],
        "psutil_cpu_percent": [
            [
                66.7
            ]
        ],
        "cpu_name": [
            [
                "Intel(R) Core(TM) i7-10510U CPU @ 1.80GHz"
            ]
        ],
        "cpu_architecture": [
            [
                "x86_64"
            ]
        ],
        "cpu_cores_physical": [
            [
                4
            ]
        ],
        "cpu_cores_logical": [
            [
                8
            ]
        ],
        "aws_cpu": [
            [
                "type:unknown|arch:Unknown|lambda:False|mem:unknown"
            ]
        ]
    },
    "(4, 2048, 24)": {
        "read": [
            [
                0.0004932880401611328
            ]
        ],
        "compute": [
            [
                8.821487426757812e-06
            ]
        ],
        "write": [
            [
                0.00014090538024902344
            ]
        ],
        "cold_start": [
            [
                0.3879373073577881
            ]
        ],
        "time_consumption": [
            [
                3.30266714
            ]
        ],
        "worker_time_execution": [
            [
                3.3026671409606934
            ]
        ],
        "measurement_energy": [
            [
                "null, null, null, psutil"
            ]
        ],
        "RAPL_wrong": [
            [
                12
            ]
        ],
        "TDP": [
            [
                1.0948341572284697
            ]
        ],
        "perf_energy_cores": [
            [
                0.0
            ]
        ],
        "rapl_energy_cores": [
            [
                0.0
            ]
        ],
        "ebpf_energy_pkg": [
            [
                0.0
            ]
        ],
        "ebpf_energy_cores": [
            [
                0.0
            ]
        ],
        "psutil_cpu_percent": [
            [
                100.0
            ]
        ],
        "cpu_name": [
            [
                "Intel(R) Core(TM) i7-10510U CPU @ 1.80GHz"
            ]
        ],
        "cpu_architecture": [
            [
                "x86_64"
            ]
        ],
        "cpu_cores_physical": [
            [
                4
            ]
        ],
        "cpu_cores_logical": [
            [
                8
            ]
        ],
        "aws_cpu": [
            [
                "type:unknown|arch:Unknown|lambda:False|mem:unknown"
            ]
        ]
    },
    "(4, 2048, 20)": {
        "read": [
            [
                0.00044274330139160156
            ]
        ],
        "compute": [
            [
                7.62939453125e-06
            ]
        ],
        "write": [
            [
                0.000171661376953125
            ]
        ],
        "cold_start": [
            [
                0.3733866214752197
            ]
        ],
        "time_consumption": [
            [
                3.80258918
            ]
        ],
        "worker_time_execution": [
            [
                3.802589178085327
            ]
        ],
        "measurement_energy": [
            [
                "null, null, null, psutil"
            ]
        ],
        "RAPL_wrong": [
            [
                12
            ]
        ],
        "TDP": [
            [
                0.35982000097632405
            ]
        ],
        "perf_energy_cores": [
            [
                0.0
            ]
        ],
        "rapl_energy_cores": [
            [
                0.0
            ]
        ],
        "ebpf_energy_pkg": [
            [
                0.0
            ]
        ],
        "ebpf_energy_cores": [
            [
                0.0
            ]
        ],
        "psutil_cpu_percent": [
            [
                51.9
            ]
        ],
        "cpu_name": [
            [
                "Intel(R) Core(TM) i7-10510U CPU @ 1.80GHz"
            ]
        ],
        "cpu_architecture": [
            [
                "x86_64"
            ]
        ],
        "cpu_cores_physical": [
            [
                4
            ]
        ],
        "cpu_cores_logical": [
            [
                8
            ]
        ],
        "aws_cpu": [
            [
                "type:unknown|arch:Unknown|lambda:False|mem:unknown"
            ]
        ]
    },
    "(4, 2048, 16)": {
        "read": [
            [
                0.0005660057067871094
            ]
        ],
        "compute": [
            [
                1.621246337890625e-05
            ]
        ],
        "write": [
            [
                0.0002155303955078125
            ]
        ],
        "cold_start": [
            [
                0.4558749198913574
            ]
        ],
        "time_consumption": [
            [
                3.80390334
            ]
        ],
        "worker_time_execution": [
            [
                3.803903341293335
            ]
        ],
        "measurement_energy": [
            [
                "null, null, null, psutil"
            ]
        ],
        "RAPL_wrong": [
            [
                12
            ]
        ],
        "TDP": [
            [
                2.3184790865182876
            ]
        ],
        "perf_energy_cores": [
            [
                0.0
            ]
        ],
        "rapl_energy_cores": [
            [
                0.0
            ]
        ],
        "ebpf_energy_pkg": [
            [
                0.0
            ]
        ],
        "ebpf_energy_cores": [
            [
                0.0
            ]
        ],
        "psutil_cpu_percent": [
            [
                91.6
            ]
        ],
        "cpu_name": [
            [
                "Intel(R) Core(TM) i7-10510U CPU @ 1.80GHz"
            ]
        ],
        "cpu_architecture": [
            [
                "x86_64"
            ]
        ],
        "cpu_cores_physical": [
            [
                4
            ]
        ],
        "cpu_cores_logical": [
            [
                8
            ]
        ],
        "aws_cpu": [
            [
                "type:unknown|arch:Unknown|lambda:False|mem:unknown"
            ]
        ]
    }
}