{
    "(4, 2048, 2)": {
        "read": [
            [
                0.07212138175964355,
                0.060088157653808594
            ]
        ],
        "compute": [
            [
                13.465332508087158,
                13.67374873161316
            ]
        ],
        "write": [
            [
                0.00870370864868164,
                0.008373022079467773
            ]
        ],
        "cold_start": [
            [
                0.5117089748382568,
                0.6239361763000488
            ]
        ],
        "time_consumption": [
            [
                17.39950204,
                17.89719296
            ]
        ],
        "worker_time_execution": [
            [
                17.39950203895569,
                17.89719295501709
            ]
        ],
        "measurement_energy": [
            [
                "null, rapl, null, psutil",
                "null, rapl, null, psutil"
            ]
        ],
        "RAPL_wrong": [
            [
                12,
                12
            ]
        ],
        "TDP": [
            [
                15.896620050340891,
                16.230516861081124
            ]
        ],
        "perf_energy_cores": [
            [
                0.0,
                0.0
            ]
        ],
        "rapl_energy_cores": [
            [
                630.059423,
                642.072147
            ]
        ],
        "ebpf_energy_pkg": [
            [
                0.0,
                0.0
            ]
        ],
        "ebpf_energy_cores": [
            [
                0.0,
                0.0
            ]
        ],
        "psutil_cpu_percent": [
            [
                81.2,
                81.0
            ]
        ],
        "cpu_name": [
            [
                "Intel(R) Core(TM) i7-10510U CPU @ 1.80GHz",
                "Intel(R) Core(TM) i7-10510U CPU @ 1.80GHz"
            ]
        ],
        "cpu_architecture": [
            [
                "x86_64",
                "x86_64"
            ]
        ],
        "cpu_cores_physical": [
            [
                4,
                4
            ]
        ],
        "cpu_cores_logical": [
            [
                8,
                8
            ]
        ],
        "aws_cpu": [
            [
                "type:unknown|arch:Unknown|lambda:False|mem:unknown",
                "type:unknown|arch:Unknown|lambda:False|mem:unknown"
            ]
        ]
    }
}