{
  "x86_stats": {
    "avg_compute_time": 1.6852264070920846,
    "avg_energy_consumption": 5040.72330816852,
    "avg_cost": 0.6900989275236395,
    "avg_cpu_utilization": 2.6171140873015877,
    "processor_tdp": 166
  },
  "arm_stats": {
    "avg_compute_time": 1.5558732781514077,
    "avg_energy_consumption": 3015.9570534250147,
    "avg_cost": 0.5142674165420591,
    "avg_cpu_utilization": 2.554781853348063,
    "processor_tdp": 100
  },
  "statistical_tests": {
    "compute_time_pvalue": 1.0552359938789809e-08,
    "energy_consumption_pvalue": 0.12481753908126596,
    "cost_pvalue": 0.26834927854348506
  },
  "performance_insights": {
    "compute_time_difference_percent": -7.675712200824106,
    "energy_savings_percent": 40.16816895032426,
    "cost_savings_percent": 25.479174647109893
  }
}