{
    "(1, 1024, 1)": {
        "read": [
            [
                0.00016355514526367188
            ],
            [
                0.00016570091247558594
            ]
        ],
        "compute": [
            [
                1.0037522315979004
            ],
            [
                1.0109663009643555
            ]
        ],
        "write": [
            [
                0.00017499923706054688
            ],
            [
                0.00029850006103515625
            ]
        ],
        "cold_start": [
            [
                0.1270751953125
            ],
            [
                0.14113593101501465
            ]
        ],
        "RAPL": [
            [
                177947.3674642857
            ],
            [
                184858.23514285716
            ]
        ],
        "TDP": [
            [
                0.5020453929901123
            ],
            [
                0.5057152509689331
            ]
        ]
    }
}