{
    "(1, 1024, 10)": {
        "read": [
            [
                0.3281996250152588,
                0.3427612781524658,
                0.3385612964630127,
                0.3399386405944824,
                0.3434569835662842,
                0.3766448497772217,
                0.3265514373779297,
                0.32608675956726074,
                0.34606361389160156,
                0.3353853225708008
            ]
        ],
        "compute": [
            [
                15.892363786697388,
                15.583400964736938,
                15.420393466949463,
                15.721142768859863,
                15.47932481765747,
                16.04163885116577,
                15.534344673156738,
                15.533666372299194,
                15.52125859260559,
                15.407660961151123
            ]
        ],
        "write": [
            [
                0.24414324760437012,
                0.26957058906555176,
                0.2603952884674072,
                0.25509047508239746,
                0.2442622184753418,
                0.2916228771209717,
                0.23146629333496094,
                0.24622750282287598,
                0.24098658561706543,
                0.2555878162384033
            ]
        ],
        "cold_start": [
            [
                3.3241376876831055,
                3.229027032852173,
                3.4192864894866943,
                3.495432138442993,
                3.219566822052002,
                3.518467664718628,
                3.1871533393859863,
                3.2455902099609375,
                3.4137520790100098,
                3.222184896469116
            ]
        ],
        "RAPL": [
            [
                70.33949999999999,
                67.575,
                65.487,
                73.948,
                66.875,
                63.744,
                64.6155,
                65.47200000000001,
                69.2325,
                63.849500000000006
            ]
        ],
        "TDP": [
            [
                2.1898082908799994,
                2.1407618679000002,
                2.08837403319,
                2.23116934887,
                2.09674614625,
                2.1546960522000003,
                2.0905210431600003,
                2.08122039456,
                2.1400129737,
                2.073055867545
            ]
        ],
        "time_consumption": [
            [
                16.78014016,
                16.79028916,
                16.77408862,
                16.77570939,
                16.77396917,
                17.3067956,
                16.79133368,
                16.78403544,
                16.78441548,
                16.78587747
            ]
        ],
        "worker_time_execution": [
            [
                16.780140161514282,
                16.790289163589478,
                16.774088621139526,
                16.77570939064026,
                16.773969173431396,
                17.306795597076416,
                16.79133367538452,
                16.784035444259644,
                16.78441548347473,
                16.785877466201782
            ]
        ],
        "measurement_energy": [
            [
                "n/a",
                "n/a",
                "n/a",
                "n/a",
                "n/a",
                "n/a",
                "n/a",
                "n/a",
                "n/a",
                "n/a"
            ]
        ]
    }
}