{
    "(1, 1024, 10)": {
        "read": [
            [
                0.3281996250152588,
                0.3427612781524658,
                0.3385612964630127,
                0.3399386405944824,
                0.3434569835662842,
                0.3766448497772217,
                0.3265514373779297,
                0.32608675956726074,
                0.34606361389160156,
                0.3353853225708008
            ],
            [
                0.3811767101287842,
                0.35602498054504395,
                0.3438887596130371,
                0.3701169490814209,
                0.35995960235595703,
                0.36475086212158203,
                0.32836318016052246,
                0.3542168140411377,
                0.34017324447631836,
                0.3415241241455078
            ],
            [
                0.3570990562438965,
                0.36037421226501465,
                0.3590242862701416,
                0.34326815605163574,
                0.3478555679321289,
                0.37108707427978516,
                0.3553588390350342,
                0.35888123512268066,
                0.3554811477661133,
                0.36387181282043457
            ],
            [
                0.34196043014526367,
                0.3723773956298828,
                0.36107349395751953,
                0.37941980361938477,
                0.3791615962982178,
                0.3450045585632324,
                0.3822057247161865,
                0.36401867866516113,
                0.3718295097351074,
                0.3799104690551758
            ]
        ],
        "compute": [
            [
                15.892363786697388,
                15.583400964736938,
                15.420393466949463,
                15.721142768859863,
                15.47932481765747,
                16.04163885116577,
                15.534344673156738,
                15.533666372299194,
                15.52125859260559,
                15.407660961151123
            ],
            [
                14.670353889465332,
                14.460570812225342,
                14.423434019088745,
                14.512297868728638,
                14.521773338317871,
                14.462363481521606,
                14.416679620742798,
                14.481425762176514,
                14.582081079483032,
                14.428006172180176
            ],
            [
                14.67946195602417,
                14.621728420257568,
                14.624076128005981,
                14.525757551193237,
                15.016039848327637,
                14.478792190551758,
                14.421855926513672,
                14.638749122619629,
                14.703653812408447,
                14.476800918579102
            ],
            [
                14.503736019134521,
                14.523216247558594,
                14.601751327514648,
                14.49443507194519,
                14.499192953109741,
                14.514654397964478,
                14.573994159698486,
                14.465046167373657,
                14.338249683380127,
                14.465710163116455
            ]
        ],
        "write": [
            [
                0.24414324760437012,
                0.26957058906555176,
                0.2603952884674072,
                0.25509047508239746,
                0.2442622184753418,
                0.2916228771209717,
                0.23146629333496094,
                0.24622750282287598,
                0.24098658561706543,
                0.2555878162384033
            ],
            [
                0.2793610095977783,
                0.26005983352661133,
                0.25710296630859375,
                0.265148401260376,
                0.2661001682281494,
                0.26521921157836914,
                0.2702155113220215,
                0.26035261154174805,
                0.2692270278930664,
                0.258573055267334
            ],
            [
                0.28499841690063477,
                0.2606782913208008,
                0.26010751724243164,
                0.26914000511169434,
                0.26040172576904297,
                0.2609682083129883,
                0.25533175468444824,
                0.2654705047607422,
                0.26132678985595703,
                0.27298784255981445
            ],
            [
                0.2681543827056885,
                0.3097062110900879,
                0.2638556957244873,
                0.2715461254119873,
                0.2744002342224121,
                0.26210927963256836,
                0.2906782627105713,
                0.2772536277770996,
                0.26038599014282227,
                0.2635936737060547
            ]
        ],
        "cold_start": [
            [
                3.3241376876831055,
                3.229027032852173,
                3.4192864894866943,
                3.495432138442993,
                3.219566822052002,
                3.518467664718628,
                3.1871533393859863,
                3.2455902099609375,
                3.4137520790100098,
                3.222184896469116
            ],
            [
                3.2615225315093994,
                3.347987174987793,
                2.827388048171997,
                2.6402716636657715,
                3.0174388885498047,
                2.957620620727539,
                3.2473549842834473,
                2.8756866455078125,
                3.237109661102295,
                3.2471089363098145
            ],
            [
                3.313723087310791,
                3.4056131839752197,
                3.402808666229248,
                3.2027180194854736,
                3.3805556297302246,
                3.171689987182617,
                3.4471664428710938,
                3.368884325027466,
                3.349426507949829,
                3.345668315887451
            ],
            [
                3.038093090057373,
                3.1409389972686768,
                3.120637893676758,
                3.2606096267700195,
                3.116846799850464,
                3.062943696975708,
                3.6587069034576416,
                3.473210096359253,
                3.4604427814483643,
                3.0759165287017822
            ]
        ],
        "RAPL": [
            [
                70.33949999999999,
                67.575,
                65.487,
                73.948,
                66.875,
                63.744,
                64.6155,
                65.47200000000001,
                69.2325,
                63.849500000000006
            ],
            [
                95.98500000000001,
                88.85400000000001,
                89.535,
                93.4965,
                90.79199999999999,
                90.20700000000001,
                86.931,
                92.15799999999999,
                90.29700000000001,
                87.8955
            ],
            [
                93.798,
                88.893,
                92.76,
                91.09599999999999,
                94.67200000000001,
                90.771,
                89.562,
                92.4,
                94.1105,
                93.53
            ],
            [
                91.44999999999999,
                90.8895,
                94.32000000000001,
                88.335,
                89.3,
                88.595,
                92.31150000000001,
                90.27000000000001,
                90.50800000000001,
                88.80300000000001
            ]
        ],