architecture,avg_TDP,avg_cold_start,avg_compute,avg_cpu_cores_logical,avg_cpu_cores_physical,avg_ebpf_cpu_cycles,avg_ebpf_energy_cores,avg_ebpf_energy_from_cycles,avg_ebpf_energy_pkg,avg_ebpf_energy_total,avg_execution,avg_perf_energy_cores,avg_perf_energy_pkg,avg_perf_energy_total,avg_psutil_cpu_percent,avg_psutil_memory_percent,avg_rapl,avg_rapl_energy_cores,avg_rapl_energy_pkg,avg_rapl_energy_total,avg_read,avg_tdp,avg_time_consumption,avg_worker_time_execution,avg_write,aws_cpu,aws_cpu_type,backend,cost_aws_moneywise,cost_per_second,cpu,cpu_architecture,cpu_name,ebpf_available,ebpf_source,example,filename,max_TDP,max_cold_start,max_compute,max_cpu_cores_logical,max_cpu_cores_physical,max_ebpf_cpu_cycles,max_ebpf_energy_cores,max_ebpf_energy_from_cycles,max_ebpf_energy_pkg,max_ebpf_energy_total,max_execution,max_perf_energy_cores,max_perf_energy_pkg,max_perf_energy_total,max_psutil_cpu_percent,max_psutil_memory_percent,max_rapl,max_rapl_energy_cores,max_rapl_energy_pkg,max_rapl_energy_total,max_read,max_tdp,max_time_consumption,max_worker_time_execution,max_write,measurement_energy,memory,min_TDP,min_cold_start,min_compute,min_cpu_cores_logical,min_cpu_cores_physical,min_ebpf_cpu_cycles,min_ebpf_energy_cores,min_ebpf_energy_from_cycles,min_ebpf_energy_pkg,min_ebpf_energy_total,min_execution,min_perf_energy_cores,min_perf_energy_pkg,min_perf_energy_total,min_psutil_cpu_percent,min_psutil_memory_percent,min_rapl,min_rapl_energy_cores,min_rapl_energy_pkg,min_rapl_energy_total,min_read,min_tdp,min_time_consumption,min_worker_time_execution,min_write,perf_available,perf_source,processor_tdp_watts,processor_type,rapl_available,rapl_source,stage,total_TDP,total_cold_start,total_compute,total_cpu_cores_logical,total_cpu_cores_physical,total_ebpf_cpu_cycles,total_ebpf_energy_cores,total_ebpf_energy_from_cycles,total_ebpf_energy_pkg,total_ebpf_energy_total,total_execution,total_executions,total_perf_energy_cores,total_perf_energy_pkg,total_perf_energy_total,total_psutil_cpu_percent,total_psutil_memory_percent,total_rapl,total_rapl_energy_cores,total_rapl_energy_pkg,total_rapl_energy_total,total_read,total_tdp,total_time_consumption,total_worker_time_execution,total_write,workers
x86,0,2.2498154163360597,3.854360580444336,2.0,2.0,0,0.0,0,0.0,0,6.00116446018219,0.0,0,0,2.0300000000000002,0,0.0,0,0,0,1.4015465021133422,341.1745295817852,11.612882876,11.61288287639618,0.7452573776245117,,type:lambda-function|arch:x86_64|lambda:True|mem:512,aws,0.12850438175201415,0.021413241147554364,4,x86_64,Intel(R) Xeon(R) Processor @ 2.50GHz,False,,ml,ml_stage3_aws_512Mb_x86_analysis.json,0,2.5693306922912598,3.9495699405670166,2,2,0,0.0,0,0.0,0,3.854360580444336,0.0,0,0,3.6,0,0.0,0,0,0,1.6907081604003906,374.9777731561661,11.78378749,11.783787488937378,0.836003303527832,"null, null, null, psutil",512,0,2.047457695007324,3.780987501144409,2,2,0,0.0,0,0.0,0,0.7452573776245117,0.0,0,0,0.0,0,0.0,0,0,0,1.257986068725586,294.2411735987663,11.23921108,11.239211082458496,0.42349886894226074,False,,220,type:lambda-function|arch:x86_64|lambda:True|mem:512,False,,stage3,0,8.999261665344239,15.417442321777344,8.0,8.0,0,0.0,0,0.0,0,24.00465784072876,10,0.0,0,0,8.120000000000001,0,0.0,0,0,0,5.606186008453369,1364.6981183271407,46.451531504,46.45153150558472,2.981029510498047,4
x86,0,2.183398985862732,3.933221459388733,2.0,2.0,0,0.0,0,0.0,0,6.226412868499756,0.0,0,0,2.4,0,0.0,0,0,0,1.4833484411239624,344.16762563371657,11.852059913000002,11.852059912681579,0.8098429679870606,,type:lambda-function|arch:x86_64|lambda:True|mem:512,aws,0.16391700432002546,0.026326073741319532,4,x86_64,Intel(R) Xeon(R) Processor @ 2.50GHz,False,,ml,ml_stage3_aws_512Mb_x86_analysis.json,0,2.5671865940093994,4.058532953262329,2,2,0,0.0,0,0.0,0,3.933221459388733,0.0,0,0,5.3,0,0.0,0,0,0,1.8416218757629395,364.5974744796753,12.27292538,12.27292537689209,0.8230769634246826,"null, null, null, psutil",512,0,2.0358405113220215,3.8819029331207275,2,2,0,0.0,0,0.0,0,0.8098429679870606,0.0,0,0,0.0,0,0.0,0,0,0,1.3381035327911377,330.7553389072418,11.72908902,11.72908902168274,0.7936153411865234,False,,220,type:lambda-function|arch:x86_64|lambda:True|mem:512,False,,stage3,0,10.91699492931366,19.666107296943665,10.0,10.0,0,0.0,0,0.0,0,31.132064342498783,10,0.0,0,0,12.0,0,0.0,0,0,0,7.416742205619812,1720.838128168583,59.26029956500001,59.2602995634079,4.049214839935303,5
x86,0,2.2142285823822023,4.007861638069153,2.0,2.0,0,0.0,0,0.0,0,6.349837613105774,0.0,0,0,2.06,0,0.0,0,0,0,1.6052112579345703,349.12024358034137,12.052179979,12.052179980278016,0.7367647171020508,,type:lambda-function|arch:x86_64|lambda:True|mem:512,aws,0.20043316051983837,0.0315650844528927,4,x86_64,Intel(R) Xeon(R) Processor @ 2.50GHz,False,,ml,ml_stage3_aws_512Mb_x86_analysis.json,0,2.4990670680999756,4.056089878082275,2,2,0,0.0,0,0.0,0,4.007861638069153,0.0,0,0,3.7,0,0.0,0,0,0,1.9496276378631592,365.4035711669922,12.2760601,12.276060104370117,0.8197171688079834,"null, null, null, psutil",512,0,2.0584723949432373,3.9407870769500732,2,2,0,0.0,0,0.0,0,0.7367647171020508,0.0,0,0,0.0,0,0.0,0,0,0,1.4880869388580322,333.61986074924465,11.73376489,11.733764886856079,0.4423196315765381,False,,220,type:lambda-function|arch:x86_64|lambda:True|mem:512,False,,stage3,0,13.285371494293214,24.04716982841492,12.0,12.0,0,0.0,0,0.0,0,38.099025678634646,10,0.0,0,0,12.36,0,0.0,0,0,0,9.631267547607422,2094.721461482048,72.313079874,72.3130798816681,4.420588302612305,6
x86,0,2.355055546760559,4.059470558166504,2.0,2.0,0,0.0,0,0.0,0,6.48311882019043,0.0,0,0,2.37,0,0.0,0,0,0,1.6790637969970703,345.9290719003677,11.987056731,11.987056732177734,0.7445844650268555,,type:lambda-function|arch:x86_64|lambda:True|mem:512,aws,0.23684980971622474,0.03653331309902904,4,x86_64,Intel(R) Xeon(R) Processor @ 2.50GHz,False,,ml,ml_stage3_aws_512Mb_x86_analysis.json,0,2.5911705493927,4.1356165409088135,2,2,0,0.0,0,0.0,0,4.059470558166504,0.0,0,0,5.3,0,0.0,0,0,0,1.9598305225372314,368.76204889774317,12.25586438,12.255864381790161,0.8591835498809814,"null, null, null, psutil",512,0,2.0820183753967285,3.922110080718994,2,2,0,0.0,0,0.0,0,0.7445844650268555,0.0,0,0,0.0,0,0.0,0,0,0,1.5362389087677002,333.1456154108048,11.21702409,11.217024087905884,0.43384408950805664,False,,220,type:lambda-function|arch:x86_64|lambda:True|mem:512,False,,stage3,0,16.485388827323913,28.41629390716553,14.0,14.0,0,0.0,0,0.0,0,45.381831741333016,10,0.0,0,0,16.59,0,0.0,0,0,0,11.753446578979492,2421.5035033025742,83.909397117,83.90939712524414,5.212091255187988,7
x86,0,2.2336318254470826,4.112745451927185,2.0,2.0,0,0.0,0,0.0,0,6.6640941381454475,0.0,0,0,2.05,0,0.0,0,0,0,1.7265032291412354,358.2986990940571,12.260079885,12.260079884529114,0.8248454570770264,,type:lambda-function|arch:x86_64|lambda:True|mem:512,aws,0.27423786673450473,0.04115155954426875,4,x86_64,Intel(R) Xeon(R) Processor @ 2.50GHz,False,,ml,ml_stage3_aws_512Mb_x86_analysis.json,0,2.619807243347168,4.179816722869873,2,2,0,0.0,0,0.0,0,4.112745451927185,0.0,0,0,3.6,0,0.0,0,0,0,2.105156183242798,376.08354865551,12.75771904,12.757719039916992,0.882981538772583,"null, null, null, psutil",512,0,2.0356860160827637,4.038528680801392,2,2,0,0.0,0,0.0,0,0.8248454570770264,0.0,0,0,0.0,0,0.0,0,0,0,1.5619776248931885,336.81190318107605,11.73151875,11.731518745422363,0.7766323089599609,False,,220,type:lambda-function|arch:x86_64|lambda:True|mem:512,False,,stage3,0,17.86905460357666,32.90196361541748,16.0,16.0,0,0.0,0,0.0,0,53.31275310516358,10,0.0,0,0,16.4,0,0.0,0,0,0,13.812025833129884,2866.389592752457,98.08063908,98.08063907623291,6.598763656616211,8
x86,0,2.4763901948928835,4.195767736434936,2.0,2.0,0,0.0,0,0.0,0,6.783122181892395,0.0,0,0,3.1100000000000003,0,0.0,0,0,0,1.9652057886123657,363.1092014012337,12.299283338,12.299283337593078,0.6221486568450928,,type:lambda-function|arch:x86_64|lambda:True|mem:512,aws,0.31474551674866674,0.04640127485671461,4,x86_64,Intel(R) Xeon(R) Processor @ 2.50GHz,False,,ml,ml_stage3_aws_512Mb_x86_analysis.json,0,2.63801908493042,4.294796705245972,2,2,0,0.0,0,0.0,0,4.195767736434936,0.0,0,0,5.4,0,0.0,0,0,0,2.2437310218811035,472.8732593917846,12.76605749,12.76605749130249,0.8271262645721436,"null, null, null, psutil",512,0,2.079981803894043,4.078476190567017,2,2,0,0.0,0,0.0,0,0.6221486568450928,0.0,0,0,1.8,0,0.0,0,0,0,1.618135690689087,285.15157626152035,12.21757483,12.217574834823608,0.4167594909667969,False,,220,type:lambda-function|arch:x86_64|lambda:True|mem:512,False,,stage3,0,22.28751175403595,37.76190962791443,18.0,18.0,0,0.0,0,0.0,0,61.048099637031555,10,0.0,0,0,27.990000000000002,0,0.0,0,0,0,17.68685209751129,3267.9828126111033,110.693550042,110.6935500383377,5.5993379116058355,9
x86,0,2.3888148069381714,4.308981823921203,2.0,2.0,0,0.0,0,0.0,0,6.936619067192077,0.0,0,0,2.56,0,0.0,0,0,0,2.0326619386672973,380.7393955869675,12.405369948,12.40536994934082,0.5949753046035766,,type:lambda-function|arch:x86_64|lambda:True|mem:512,aws,0.35915363502383235,0.05177646798027453,4,x86_64,Intel(R) Xeon(R) Processor @ 2.50GHz,False,,ml,ml_stage3_aws_512Mb_x86_analysis.json,0,2.5916554927825928,4.6717236042022705,2,2,0,0.0,0,0.0,0,4.308981823921203,0.0,0,0,5.4,0,0.0,0,0,0,2.2571163177490234,469.54842862606057,12.78953671,12.789536714553833,0.8475902080535889,"null, null, null, psutil",512,0,2.025045394897461,4.12127161026001,2,2,0,0.0,0,0.0,0,0.5949753046035766,0.0,0,0,0.0,0,0.0,0,0,0,1.8137476444244385,347.1848761367798,11.75369263,11.753692626953125,0.41263580322265625,False,,220,type:lambda-function|arch:x86_64|lambda:True|mem:512,False,,stage3,0,23.888148069381714,43.089818239212036,20.0,20.0,0,0.0,0,0.0,0,69.36619067192078,10,0.0,0,0,25.6,0,0.0,0,0,0,20.326619386672974,3807.3939558696748,124.05369948,124.0536994934082,5.949753046035767,10
x86,0,2.5499017238616943,4.424480009078979,2.0,2.0,0,0.0,0,0.0,0,7.251239681243897,0.0,0,0,2.08,0,0.0,0,0,0,2.2500244140625,381.2161271753311,12.807512212,12.807512211799622,0.576735258102417,,type:lambda-function|arch:x86_64|lambda:True|mem:512,aws,0.4425364905080795,0.06102908053815229,4,x86_64,Intel(R) Xeon(R) Processor @ 2.50GHz,False,,ml,ml_stage3_aws_512Mb_x86_analysis.json,0,2.8950207233428955,4.7407636642456055,2,2,0,0.0,0,0.0,0,4.424480009078979,0.0,0,0,5.3,0,0.0,0,0,0,2.5192477703094482,426.699024591446,13.28452754,13.28452754020691,0.8061642646789551,"null, null, null, psutil",512,0,2.433906316757202,4.3008809089660645,2,2,0,0.0,0,0.0,0,0.576735258102417,0.0,0,0,0.0,0,0.0,0,0,0,1.979555368423462,359.22770629882814,12.73348904,12.733489036560059,0.4217979907989502,False,,220,type:lambda-function|arch:x86_64|lambda:True|mem:512,False,,stage3,0,30.598820686340332,53.09376010894775,24.0,24.0,0,0.0,0,0.0,0,87.01487617492677,10,0.0,0,0,24.96,0,0.0,0,0,0,27.000292968750003,4574.593526103973,153.69014654400002,153.69014654159548,6.920823097229004,12
x86,0,2.3997743129730225,4.81985608736674,2.0,2.0,0,0.0,0,0.0,0,8.000667889912924,0.0,0,0,2.0777777777777775,0,0.0,0,0,0,2.654751433266534,376.3012017159992,13.543703978888889,13.543703979916042,0.5260603692796495,,type:lambda-function|arch:x86_64|lambda:True|mem:512,aws,0.6427760078112286,0.08034029366743585,4,x86_64,Intel(R) Xeon(R) Processor @ 2.50GHz,False,,ml,ml_stage3_aws_512Mb_x86_analysis.json,0,2.6749353408813477,5.082298755645752,2,2,0,0.0,0,0.0,0,4.81985608736674,0.0,0,0,3.6,0,0.0,0,0,0,3.240642547607422,426.68975499629977,14.25347233,14.253472328186035,0.9003443717956543,"null, null, null, psutil",512,0,2.0533394813537598,4.53816819190979,2,2,0,0.0,0,0.0,0,0.5260603692796495,0.0,0,0,0.0,0,0.0,0,0,0,2.1827495098114014,335.52673860549925,12.72865939,12.728659391403198,0.4046964645385742,False,,220,type:lambda-function|arch:x86_64|lambda:True|mem:512,False,,stage3,0,38.39638900756836,77.11769739786784,32.0,32.0,0,0.0,0,0.0,0,128.01068623860678,9,0.0,0,0,33.24444444444444,0,0.0,0,0,0,42.47602293226454,6020.819227455987,216.69926366222222,216.69926367865668,8.416965908474392,16
x86,0,2.421042389339871,5.051013496186998,2.0,2.0,0,0.0,0,0.0,0,8.906477000978258,0.0,0,0,2.2666666666666666,0,0.0,0,0,0,3.0572267373402915,387.77723618057036,14.312611156666666,14.312611156039768,0.7982367674509684,,type:lambda-function|arch:x86_64|lambda:True|mem:512,aws,0.8420039498143727,0.09453838478692414,4,x86_64,Intel(R) Xeon(R) Processor @ 2.50GHz,False,,ml,ml_stage3_aws_512Mb_x86_analysis.json,0,2.5764856338500977,5.400264501571655,2,2,0,0.0,0,0.0,0,5.051013496186998,0.0,0,0,3.6,0,0.0,0,0,0,3.279721975326538,416.6219791531563,14.79541564,14.79541563987732,0.8789420127868652,"null, null, null, psutil",512,0,2.109712600708008,4.88629937171936,2,2,0,0.0,0,0.0,0,0.7982367674509684,0.0,0,0,1.8,0,0.0,0,0,0,2.7819793224334717,332.1357687473297,13.76475167,13.764751672744751,0.4387803077697754,False,,220,type:lambda-function|arch:x86_64|lambda:True|mem:512,False,,stage3,0,48.42084778679742,101.02026992373996,40.0,40.0,0,0.0,0,0.0,0,178.12954001956516,9,0.0,0,0,45.33333333333333,0,0.0,0,0,0,61.14453474680583,7755.544723611407,286.2522231333333,286.25222312079535,15.964735349019367,20
x86,0,2.2701696157455444,5.574599719047546,2.0,2.0,0,0.0,0,0.0,0,9.700817847251892,0.0,0,0,2.59,0,0.0,0,0,0,3.4729820489883423,431.8099558410645,15.259777832000001,15.25977783203125,0.6532360792160035,,type:lambda-function|arch:x86_64|lambda:True|mem:512,aws,1.1151429277982712,0.11495349622652443,4,x86_64,Intel(R) Xeon(R) Processor @ 2.50GHz,False,,ml,ml_stage3_aws_512Mb_x86_analysis.json,0,2.5120482444763184,5.947069883346558,2,2,0,0.0,0,0.0,0,5.574599719047546,0.0,0,0,3.7,0,0.0,0,0,0,3.94128680229187,573.4508449840546,15.8160367,15.816036701202393,0.9275095462799072,"null, null, null, psutil",512,0,2.0087716579437256,5.286778211593628,2,2,0,0.0,0,0.0,0,0.6532360792160035,0.0,0,0,1.8,0,0.0,0,0,0,2.9602866172790527,389.41561328172685,14.21743751,14.217437505722046,0.42063045501708984,False,,220,type:lambda-function|arch:x86_64|lambda:True|mem:512,False,,stage3,0,54.484070777893066,133.7903932571411,48.0,48.0,0,0.0,0,0.0,0,232.81962833404543,10,0.0,0,0,62.16,0,0.0,0,0,0,83.35156917572021,10363.438940185548,366.23466796800005,366.23466796875005,15.677665901184083,24
x86,0,2.4140031576156615,5.55474967956543,2.0,2.0,0,0.0,0,0.0,0,10.246805429458618,0.0,0,0,1.64,0,0.0,0,0,0,3.8653483390808105,408.56995751142506,15.641119073999999,15.641119074821471,0.826707410812378,,type:lambda-function|arch:x86_64|lambda:True|mem:512,aws,1.29636748021698,0.126514306252956,4,x86_64,Intel(R) Xeon(R) Processor @ 2.50GHz,False,,ml,ml_stage3_aws_512Mb_x86_analysis.json,0,2.5465199947357178,5.7021403312683105,2,2,0,0.0,0,0.0,0,5.55474967956543,0.0,0,0,3.6,0,0.0,0,0,0,4.3945183753967285,450.69991478919985,15.75940466,15.75940465927124,0.9010627269744873,"null, null, null, psutil",512,0,2.372802495956421,5.374595403671265,2,2,0,0.0,0,0.0,0,0.826707410812378,0.0,0,0,0.0,0,0.0,0,0,0,3.5743863582611084,347.9731770372391,15.22908878,15.22908878326416,0.7800264358520508,False,,220,type:lambda-function|arch:x86_64|lambda:True|mem:512,False,,stage3,0,67.59208841323853,155.53299102783203,56.0,56.0,0,0.0,0,0.0,0,286.9105520248413,10,0.0,0,0,45.919999999999995,0,0.0,0,0,0,108.2297534942627,11439.958810319902,437.95133407199995,437.9513340950012,23.147807502746584,28
x86,0,0.5244600866970263,35.69385689496994,8.0,4.0,110508031414.76315,1436.6044083990548,2394.3406806650914,957.7362722660366,2394.3406806650914,35.695272853499965,404.85013157894736,452.8371052631579,857.6872368421053,92.94736842105263,17.218421052631577,1334.511645618421,0,789.9561501578947,2124.467795776316,0.0009336283332423159,4319.764803653674,40.60370411697369,40.60370411684639,0.00048233019678216234,,type:unknown|arch:Unknown|lambda:False|mem:unknown,NA,4.760132755513191,0.13335470988132408,1,x86_64,Intel(R) Core(TM) i7-10510U CPU @ 1.80GHz,True,ebpf,pi,pi_stage_local_2048Mb_x86_analysis.json,0,0.7289767265319824,36.75158953666687,8,4,113184520483,1471.3987662792206,2452.3312771320343,980.9325108528137,2452.3312771320343,35.69385689496994,424.76,490.94,915.7,97.7,20.5,1460.101304,0,891.475623,2351.576927,0.004406929016113281,4877.170644770265,41.9140873,41.91408729553223,0.0007779598236083984,"perf, rapl, ebpf, psutil",2048,0,0.305103063583374,34.496928453445435,8,4,106542398929,1385.0511860847473,2308.418643474579,923.3674573898315,2308.418643474579,0.00048233019678216234,385.41,433.37,818.86,83.6,14.2,1275.168306,0,758.721263,2042.9187820000002,0.0005261898040771484,3971.7767780750987,38.99349475,38.993494749069214,0.0002703666687011719,True,perf,220,type:unknown|arch:Unknown|lambda:False|mem:unknown,True,rapl_direct,stage,0,2.097840346788105,142.77542757987976,32.0,16.0,442032125659.0526,5746.417633596219,9577.362722660366,3830.9450890641465,9577.362722660366,142.78109141399986,19,1619.4005263157894,1811.3484210526317,3430.7489473684213,371.7894736842105,68.8736842105263,5338.046582473684,0,3159.824600631579,8497.871183105264,0.0037345133329692638,17279.059214614696,162.41481646789475,162.41481646738555,0.0019293207871286494,4
x86,0,0.6124640093909369,28.783149263593884,8.0,4.0,89818868779.66667,1167.6452941417695,1946.0754902362823,778.4301960945129,1946.0754902362823,28.7849304066764,340.6251111111111,380.14166666666665,720.7667777777777,96.83222222222221,17.842222222222222,1119.9318973333334,0,664.1497606111111,1784.0816579444445,0.0013342433505588109,3920.7974956403837,34.009105977,34.009105976422624,0.0004468997319539388,,type:unknown|arch:Unknown|lambda:False|mem:unknown,NA,4.7981509822411015,0.1666896850001838,1,x86_64,Intel(R) Core(TM) i7-10510U CPU @ 1.80GHz,True,ebpf,pi,pi_stage_local_2048Mb_x86_analysis.json,0,0.8728039264678955,29.72782063484192,8,4,92946985244,1208.3108081817627,2013.8513469696045,805.5405387878418,2013.8513469696045,28.783149263593884,350.24,390.08,740.3199999999999,99.7,21.0,1152.764996,0,696.335558,1835.9516589999998,0.0070455074310302734,4131.005714046955,34.96847916,34.96847915649414,0.0008594989776611328,"perf, rapl, ebpf, psutil",2048,0,0.40175938606262207,28.22365117073059,8,4,88144284725,1145.8757014274597,1909.7928357124329,763.9171342849731,1909.7928357124329,0.0004468997319539388,327.83,366.02,693.8499999999999,91.8,14.3,1076.189445,0,646.100336,1735.210646,0.0005838871002197266,3781.109636850357,32.52773929,32.52773928642273,0.0002684593200683594,True,perf,220,type:unknown|arch:Unknown|lambda:False|mem:unknown,True,rapl_direct,stage,0,3.0623200469546847,143.91574631796942,40.0,20.0,449094343898.3334,5838.226470708847,9730.377451181412,3892.1509804725647,9730.377451181412,143.924652033382,18,1703.1255555555554,1900.7083333333333,3603.833888888889,484.16111111111104,89.21111111111111,5599.659486666667,0,3320.7488030555555,8920.408289722222,0.006671216752794054,19603.987478201918,170.04552988499998,170.04552988211313,0.0022344986597696943,5
x86,0,0.7036102524510136,24.915900965531666,8.0,4.0,78364822195.12962,1018.7426885432667,1697.9044809054446,679.1617923621778,1697.9044809054446,24.917843968779952,302.282037037037,338.33851851851847,640.6205555555556,98.72870370370372,18.387037037037036,995.7452425462964,0,595.2473108055556,1590.9925533518517,0.001537621021270752,3997.8291112772736,30.45190323953704,30.45190323944445,0.00040538222701461227,,type:unknown|arch:Unknown|lambda:False|mem:unknown,NA,4.984176829144955,0.20002440160511986,1,x86_64,Intel(R) Core(TM) i7-10510U CPU @ 1.80GHz,True,ebpf,pi,pi_stage_local_2048Mb_x86_analysis.json,0,0.9646186828613281,26.08643913269043,8,4,82025603771,1066.3328490257263,1777.2214150428772,710.8885660171509,1777.2214150428772,24.915900965531666,313.47,351.73,665.2,100.0,21.5,1034.894447,0,616.798164,1651.595381,0.013650178909301758,4357.716906702519,31.46037436,31.460374355316162,0.000705718994140625,"perf, rapl, ebpf, psutil",2048,0,0.4320237636566162,24.447596073150635,8,4,76484849452,994.3030428886414,1657.1717381477356,662.8686952590942,1657.1717381477356,0.00040538222701461227,291.98,326.77,618.75,95.8,14.2,963.243078,0,579.232404,1543.933791,0.0007290840148925781,3872.2413283169276,28.9385159,28.93851590156555,0.0003173351287841797,True,perf,220,type:unknown|arch:Unknown|lambda:False|mem:unknown,True,rapl_direct,stage,0,4.221661514706081,149.49540579319,48.0,24.0,470188933170.7777,6112.4561312596,10187.426885432667,4074.970754173067,10187.426885432667,149.50706381267972,18,1813.692222222222,2030.031111111111,3843.7233333333334,592.3722222222223,110.32222222222222,5974.471455277779,0,3571.4838648333334,9545.95532011111,0.009225726127624512,23986.974667663642,182.71141943722222,182.71141943666672,0.0024322933620876735,6
x86,0,0.7518895240057082,22.76903930542961,8.0,4.0,71839563005.99207,933.9143190838042,1556.5238651396737,622.6095460558695,1556.5238651396737,22.771250107931714,282.7187301587301,316.60515873015873,599.3238888888889,99.68492063492063,18.727777777777778,933.668271515873,0,560.6489931904763,1494.317264706349,0.001779130526951381,4353.687343838731,28.543269019603176,28.54326901927827,0.0004316719751509409,,type:unknown|arch:Unknown|lambda:False|mem:unknown,NA,5.313838393101163,0.23335734173198683,1,x86_64,Intel(R) Core(TM) i7-10510U CPU @ 1.80GHz,True,ebpf,pi,pi_stage_local_2048Mb_x86_analysis.json,0,1.038440227508545,23.588183879852295,8,4,74658721446,970.5633788108826,1617.605631351471,647.0422525405884,1617.605631351471,22.76903930542961,293.46,329.7,623.16,100.0,22.1,974.580024,0,580.653299,1551.4267519999999,0.010191917419433594,4728.374294980764,29.51240778,29.512407779693604,0.0008947849273681641,"perf, rapl, ebpf, psutil",2048,0,0.3401978015899658,21.84426474571228,8,4,69339096307,901.4082520008087,1502.3470866680145,600.9388346672058,1502.3470866680145,0.0004316719751509409,268.53,300.72,569.25,97.3,15.5,886.757801,0,539.449668,1426.207469,0.0007278919219970703,4105.370030076503,27.44682741,27.44682741165161,0.00032258033752441406,True,perf,220,type:unknown|arch:Unknown|lambda:False|mem:unknown,True,rapl_direct,stage,0,5.263226668039957,159.3832751380073,56.0,28.0,502876941041.94446,6537.40023358663,10895.667055977716,4358.266822391086,10895.667055977716,159.398750755522,18,1979.031111111111,2216.2361111111113,4195.267222222222,697.7944444444444,131.09444444444443,6535.677900611111,0,3924.542952333334,10460.220852944443,0.012453913688659668,30475.81140687112,199.80288313722224,199.80288313494788,0.0030217038260565866,7
x86,0,0.5709379265705744,21.725622379117542,8.0,4.0,68737100774.47223,893.5823100755612,1489.3038501259352,595.7215400503742,1489.3038501259352,21.72797569135825,301.19993055555557,333.41291666666666,634.6128472222222,99.66805555555555,18.963194444444444,981.0915566736112,0,574.1025630208334,1555.1941196944445,0.0018578320741653442,4655.837734525042,26.858460433958335,26.85846043460899,0.0004954801665412055,,type:unknown|arch:Unknown|lambda:False|mem:unknown,NA,5.794658000958231,0.2666911121068176,1,x86_64,Intel(R) Core(TM) i7-10510U CPU @ 1.80GHz,True,ebpf,pi,pi_stage_local_2048Mb_x86_analysis.json,0,0.8281047344207764,22.922972202301025,8,4,72799164533,946.3891389369965,1577.3152315616608,630.9260926246643,1577.3152315616608,21.725622379117542,326.56,359.34,685.9,100.0,22.4,1061.199494,0,608.937162,1669.177979,0.011388540267944336,5075.36160298705,28.44627333,28.44627332687378,0.003553152084350586,"perf, rapl, ebpf, psutil",2048,0,0.2768404483795166,20.784953117370605,8,4,65897397994,856.6661739349365,1427.7769565582275,571.110782623291,1427.7769565582275,0.0004954801665412055,286.63,318.29,604.9200000000001,97.0,15.6,933.591422,0,546.303411,1484.6129,0.0004725456237792969,4390.387356525063,25.02750421,25.027504205703735,0.0002989768981933594,True,perf,220,type:unknown|arch:Unknown|lambda:False|mem:unknown,True,rapl_direct,stage,0,4.567503412564595,173.80497903294034,64.0,32.0,549896806195.7778,7148.658480604489,11914.430801007482,4765.7723204029935,11914.430801007482,173.823805530866,18,2409.5994444444445,2667.3033333333333,5076.902777777777,797.3444444444444,151.70555555555555,7848.73245338889,0,4592.820504166667,12441.552957555556,0.014862656593322754,37246.701876200335,214.86768347166668,214.86768347687192,0.003963841332329644,8
x86,0,3.324599192466265,19.31458870717037,8.0,4.0,61430680424.55556,798.5988455260241,1330.998075876707,532.3992303506827,1330.998075876707,19.316831469535828,248.36296296296297,277.4963580246914,525.8593209876543,95.84814814814814,18.664814814814815,815.4878828888889,0,486.3622599567901,1301.8501428456789,0.0016854868994818793,4157.38972516263,24.66288570728395,24.662885707101704,0.0005572754659770448,,type:unknown|arch:Unknown|lambda:False|mem:unknown,NA,5.795535487473542,0.3000251618187776,1,x86_64,Intel(R) Core(TM) i7-10510U CPU @ 1.80GHz,True,ebpf,pi,pi_stage_local_2048Mb_x86_analysis.json,0,26.19048500061035,20.910435438156128,8,4,66833529710,868.8358862400055,1448.0598104000092,579.2239241600037,1448.0598104000092,19.31458870717037,286.04,315.55,601.59,100.0,22.5,934.128898,0,548.361755,1478.523073,0.012932538986206055,4591.742399155497,25.99355102,25.993551015853882,0.004896402359008789,"perf, rapl, ebpf, psutil",2048,0,0.2919495105743408,17.20974349975586,8,4,54662672996,710.614748954773,1184.3579149246216,473.74316596984863,1184.3579149246216,0.0005572754659770448,105.95,128.84,234.79000000000002,51.9,14.1,372.013454,0,264.604304,636.6177580000001,0.00034880638122558594,2289.7348643696305,21.37651753,21.37651753425598,0.00030803680419921875,True,perf,220,type:unknown|arch:Unknown|lambda:False|mem:unknown,True,rapl_direct,stage,0,29.921392732196384,173.83129836453332,72.0,36.0,552876123821.0,7187.389609734217,11978.982682890362,4791.593073156145,11978.982682890362,173.85148322582245,18,2235.266666666667,2497.4672222222225,4732.733888888889,862.6333333333332,167.98333333333332,7339.3909459999995,0,4377.260339611111,11716.65128561111,0.015169382095336914,37416.507526463676,221.96597136555556,221.96597136391534,0.005015479193793403,9
x86,0,5.496746419535743,17.364883736769357,8.0,4.0,55572720694.03333,722.4453690290451,1204.0756150484085,481.6302460193634,1204.0756150484085,17.367252206802366,210.46716666666669,238.02138888888888,448.4885555555556,95.27611111111112,18.502777777777776,702.8714886444444,0,430.17033500555556,1133.04182365,0.0018627113766140407,3856.726191172563,23.239831082166667,23.239831082026164,0.0005057586563958062,,type:unknown|arch:Unknown|lambda:False|mem:unknown,NA,5.789452237838905,0.3333545323635771,1,x86_64,Intel(R) Core(TM) i7-10510U CPU @ 1.80GHz,True,ebpf,pi,pi_stage_local_2048Mb_x86_analysis.json,0,25.885343313217163,19.066835165023804,8,4,60608116149,787.9055099487305,1313.1758499145508,525.2703399658203,1313.1758499145508,17.364883736769357,244.87,275.2,520.0699999999999,100.0,22.8,812.940118,0,505.160206,1312.29791,0.013981342315673828,4720.406420924663,25.48732948,25.487329483032227,0.0025539398193359375,"perf, rapl, ebpf, psutil",2048,0,0.28450894355773926,14.761117219924927,8,4,47956944465,623.4402780532837,1039.0671300888062,415.62685203552246,1039.0671300888062,0.0005057586563958062,112.45,133.43,245.88,64.6,14.1,388.599713,0,260.919682,649.519395,0.0004105567932128906,2018.0745650398728,18.98902464,18.98902463912964,0.0002524852752685547,True,perf,220,type:unknown|arch:Unknown|lambda:False|mem:unknown,True,rapl_direct,stage,0,54.96746419535743,173.64883736769357,80.0,40.0,555727206940.3334,7224.453690290451,12040.756150484085,4816.302460193634,12040.756150484085,173.67252206802365,18,2104.671666666667,2380.213888888889,4484.885555555556,952.7611111111112,185.02777777777777,7028.714886444444,0,4301.703350055555,11330.4182365,0.01862711376614041,38567.26191172563,232.39831082166666,232.39831082026166,0.005057586563958062,10
x86,0,8.014226660684303,14.153670854038662,8.0,4.0,45976265347.18519,597.6914495196608,996.1524158661013,398.4609663464405,996.1524158661013,14.155632101827198,186.97972222222222,210.475,397.45472222222224,97.49583333333332,18.486574074074074,622.0034952777778,0,377.39128649074075,999.3947817685186,0.0014810727702246772,3227.7776556916865,19.93147534606481,19.931475345735198,0.0004801750183105469,,type:unknown|arch:Unknown|lambda:False|mem:unknown,NA,5.662600635283788,0.40002456934105146,1,x86_64,Intel(R) Core(TM) i7-10510U CPU @ 1.80GHz,True,ebpf,pi,pi_stage_local_2048Mb_x86_analysis.json,0,23.25919532775879,16.000364303588867,8,4,51712002038,672.256026506424,1120.42671084404,448.17068433761597,1120.42671084404,14.153670854038662,214.07,240.52,454.59000000000003,100.0,22.7,711.019542,0,434.484483,1144.3505260000002,0.012907266616821289,3995.334476661683,22.45996165,22.459961652755737,0.004671812057495117,"perf, rapl, ebpf, psutil",2048,0,0.31786084175109863,11.757107734680176,8,4,38378238916,498.91710591316223,831.5285098552704,332.61140394210815,831.5285098552704,0.0004801750183105469,141.95,161.85,303.79999999999995,70.5,14.6,474.369328,0,292.760787,770.7169610000001,0.0005192756652832031,1883.3519433903693,16.38874984,16.388749837875366,0.0002472400665283203,True,perf,220,type:unknown|arch:Unknown|lambda:False|mem:unknown,True,rapl_direct,stage,0,96.17071992821164,169.84405024846393,96.0,48.0,551715184166.2223,7172.2973942359295,11953.828990393215,4781.531596157286,11953.828990393215,169.8675852219264,18,2243.7566666666667,2525.7,4769.456666666667,1169.9499999999998,221.8388888888889,7464.041943333334,0,4528.6954378888895,11992.737381222223,0.017772873242696125,38733.331868300236,239.17770415277772,239.1777041488224,0.0057621002197265625,12
x86,0,10.167963615722126,11.84444365898768,8.0,4.0,39035298309.71181,507.45887803286314,845.7647967214385,338.30591868857545,845.7647967214385,11.846622633437315,166.78489583333334,188.67413194444444,355.45902777777775,99.97569444444444,18.915625,559.4059606597223,0,341.51784126736106,900.9238019270833,0.0017363238665792677,3336.2343535535415,18.025084059895832,18.02508406009939,0.0004426505830552843,,type:unknown|arch:Unknown|lambda:False|mem:unknown,NA,6.318300025450389,0.5333418832483842,1,x86_64,Intel(R) Core(TM) i7-10510U CPU @ 1.80GHz,True,ebpf,pi,pi_stage_local_2048Mb_x86_analysis.json,0,21.553772449493408,13.195834159851074,8,4,42958288908,558.4577558040619,930.7629263401031,372.30517053604126,930.7629263401031,11.84444365898768,182.42,211.7,394.12,100.0,22.7,628.158974,0,397.136557,1025.295531,0.012926816940307617,3688.360748211145,19.98301125,19.98301124572754,0.0010919570922851562,"perf, rapl, ebpf, psutil",2048,0,0.2901880741119385,10.543820858001709,8,4,34360203981,446.68265175819397,744.4710862636566,297.78843450546265,744.4710862636566,0.0004426505830552843,156.9,177.26,334.15999999999997,98.3,14.6,524.68097,0,320.69907,846.389131,0.0006954669952392578,3010.3038158380987,16.91141701,16.91141700744629,0.0002899169921875,True,perf,220,type:unknown|arch:Unknown|lambda:False|mem:unknown,True,rapl_direct,stage,0,162.68741785155402,189.5110985438029,128.0,64.0,624564772955.3889,8119.34204852581,13532.236747543016,5412.894699017207,13532.236747543016,189.54596213499704,18,2668.5583333333334,3018.786111111111,5687.344444444444,1599.611111111111,302.65,8950.495370555556,0,5464.285460277777,14414.780830833333,0.027781181865268283,53379.749656856664,288.4013449583333,288.4013449615902,0.0070824093288845485,16
x86,0,14.273295456171036,9.522930343283548,8.0,4.0,31416088377.052776,410.3633965346401,683.9389942244003,273.5755976897601,683.9389942244003,9.525121188163757,139.81430555555556,158.66025000000002,298.4745555555555,98.8313888888889,18.70638888888889,470.39321913888887,0,287.80441949444446,758.1976386333334,0.0017105976740519205,2815.4431351767794,15.490804991638889,15.490804991457198,0.00048024720615810816,,type:unknown|arch:Unknown|lambda:False|mem:unknown,NA,6.349889952901471,0.6666466313092229,1,x86_64,Intel(R) Core(TM) i7-10510U CPU @ 1.80GHz,True,ebpf,pi,pi_stage_local_2048Mb_x86_analysis.json,0,38.90036749839783,12.164066314697266,8,4,40618852615,528.0450839996338,880.0751399993896,352.03005599975586,880.0751399993896,9.522930343283548,170.5,199.4,369.9,100.0,22.7,592.977608,0,375.463395,967.938074,0.016954421997070312,4072.3463535189635,18.97556663,18.975566625595093,0.002087831497192383,"perf, rapl, ebpf, psutil",2048,0,0.4407229423522949,7.205383539199829,8,4,20165287603,275.44059623359203,459.06766038932005,183.62706415572802,459.06766038932005,0.00048024720615810816,96.88,111.18,208.06,84.1,14.9,324.909139,0,203.191435,531.474896,0.0005459785461425781,1468.5096656084058,11.39142823,11.391428232192993,0.0002713203430175781,True,perf,220,type:unknown|arch:Unknown|lambda:False|mem:unknown,True,rapl_direct,stage,0,285.4659091234207,190.45860686567096,160.0,80.0,628321767541.0555,8207.267930692802,13678.779884488005,5471.511953795202,13678.779884488005,190.50242376327515,18,2796.2861111111115,3173.2050000000004,5969.4911111111105,1976.627777777778,374.12777777777774,9407.864382777778,0,5756.08838988889,15163.95277266667,0.03421195348103841,56308.86270353559,309.8160998327778,309.816099829144,0.009604944123162163,20
x86,0,16.397699552001775,8.616857331108164,8.0,4.0,28376914358.37037,371.8111079308815,619.6851798848024,247.874071953921,619.6851798848024,8.619115577251824,133.27724537037037,151.64310185185184,284.92034722222223,99.93495370370371,18.97013888888889,450.52720104398145,0,276.12927704398146,726.6564780879629,0.0017574898622654102,2910.6108681080545,14.825363668101852,14.825363668026748,0.0005007562813935456,,type:unknown|arch:Unknown|lambda:False|mem:unknown,NA,6.89486456205951,0.7999503545650231,1,x86_64,Intel(R) Core(TM) i7-10510U CPU @ 1.80GHz,True,ebpf,pi,pi_stage_local_2048Mb_x86_analysis.json,0,38.199360609054565,10.98448657989502,8,4,36749565839,477.74435591697693,796.2405931949615,318.4962372779846,796.2405931949615,8.616857331108164,156.19,183.78,339.97,100.0,22.9,546.820377,0,346.64047,893.4608470000001,0.017609596252441406,3773.948639876842,17.54444861,17.544448614120483,0.004548311233520508,"perf, rapl, ebpf, psutil",2048,0,0.3119204044342041,6.879780530929565,8,4,19747593989,270.49546041526327,450.8257673587721,180.33030694350884,450.8257673587721,0.0005007562813935456,114.87,130.11,244.98000000000002,92.4,14.9,384.480891,0,235.801703,620.282594,0.0007090568542480469,2391.2186470389365,12.93203521,12.932035207748413,0.00029730796813964844,True,perf,220,type:unknown|arch:Unknown|lambda:False|mem:unknown,True,rapl_direct,stage,0,393.5447892480426,206.80457594659595,192.0,96.0,681045944600.8889,8923.466590341157,14872.444317235258,5948.977726894104,14872.444317235258,206.85877385404376,18,3198.653888888889,3639.434444444444,6838.088333333333,2398.438888888889,455.28333333333336,10812.652825055555,0,6627.102649055555,17439.75547411111,0.042179756694369845,69854.6608345933,355.80872803444447,355.80872803264197,0.012018150753445095,24
x86,0,19.30645610037304,7.366427194504511,8.0,4.0,22236952777.791668,299.21662324675657,498.69437207792765,199.47774883117106,498.69437207792765,7.368639547200431,118.60420634920634,134.93291666666667,253.53712301587302,99.08849206349205,18.782341269841268,400.7569174583333,0,244.9901280793651,645.7470455376983,0.0017381405073498923,2595.6166653280693,13.367666758472222,13.367666758242107,0.00047421218856932623,,type:unknown|arch:Unknown|lambda:False|mem:unknown,NA,6.876707114613851,0.9332397209233176,1,x86_64,Intel(R) Core(TM) i7-10510U CPU @ 1.80GHz,True,ebpf,pi,pi_stage_local_2048Mb_x86_analysis.json,0,47.53174185752869,9.699436902999878,8,4,33186376333,431.422892332077,719.038153886795,287.615261554718,719.038153886795,7.366427194504511,185.18,208.51,393.53999999999996,100.0,22.8,620.603758,0,349.813008,970.416766,0.013863086700439453,3538.3003707981115,16.53146601,16.531466007232666,0.0076372623443603516,"perf, rapl, ebpf, psutil",2048,0,0.30261778831481934,5.1651740074157715,8,4,11650023788,172.58505243511422,287.6417540585237,115.05670162340948,287.6417540585237,0.00047421218856932623,77.77,89.17,166.94,82.0,14.9,260.046332,0,161.637465,421.683797,0.0005238056182861328,1232.9481599271296,9.38085198,9.380851984024048,0.00026726722717285156,True,perf,220,type:unknown|arch:Unknown|lambda:False|mem:unknown,True,rapl_direct,stage,0,540.5807708104451,206.2599614461263,224.0,112.0,622634677778.1667,8378.065450909184,13963.442418181974,5585.376967272789,13963.442418181974,206.32190732161206,18,3320.9177777777772,3778.121666666667,7099.039444444445,2774.4777777777776,525.9055555555556,11221.193688833333,0,6859.723586222222,18080.91727505555,0.04866793420579699,72677.26662918594,374.2946692372222,374.294669230779,0.013277941279941134,28
x86,0,0.31702618165449664,5.050138993696733e-06,8.0,4.0,0,0.0,0,0.0,0,0.000425642186945135,7.253636363636364,0,0,53.56363636363637,0,24.312997727272727,0,0,0,0.00031915577975186437,328.5428802359105,3.2469915054545453,3.246991504322399,0.00010143626819957386,,type:unknown|arch:Unknown|lambda:False|mem:unknown,NA,3.367432680996982e-07,0.0007911416641205825,4,x86_64,Intel(R) Core(TM) i7-10510U CPU @ 1.80GHz,False,,video,video_stage0_local_1024_x86_analysis.json,0,0.5858714580535889,7.152557373046875e-06,8,4,0,0.0,0,0.0,0,0.00031915577975186437,12.47,0,0,66.7,0,41.126419,0,0,0,0.0004296302795410156,365.30247970819477,3.36296344,3.3629634380340576,0.00015163421630859375,"perf, rapl, null, psutil",1024,0,0.21749448776245117,3.814697265625e-06,8,4,0,0.0,0,0.0,0,5.050138993696733e-06,5.46,0,0,50.0,0,19.311169,0,0,0,0.00024056434631347656,235.9211054170132,2.3098948,2.3098948001861572,7.605552673339844e-05,False,,220,type:unknown|arch:Unknown|lambda:False|mem:unknown,False,,stage0,0,1.2681047266179866,2.0200555974786933e-05,32.0,16.0,0,0.0,0,0.0,0,0.00170256874778054,11,29.014545454545456,0,0,214.25454545454548,0,97.2519909090909,0,0,0,0.0012766231190074575,1314.171520943642,12.987966021818181,12.987966017289596,0.00040574507279829544,4
x86,0,0.32310973514210095,5.375255237926137e-06,8.0,4.0,0,0.0,0,0.0,0,0.0004635724154385653,7.8127272727272725,0,0,55.86363636363637,0,25.946483454545454,0,0,0,0.0003513856367631392,342.37321733117096,3.3383090490909093,3.3383090496063232,0.0001068115234375,,type:unknown|arch:Unknown|lambda:False|mem:unknown,NA,4.480275240811435e-07,0.0009664671778567423,4,x86_64,Intel(R) Core(TM) i7-10510U CPU @ 1.80GHz,False,,video,video_stage0_local_1024_x86_analysis.json,0,0.5436244010925293,8.344650268554688e-06,8,4,0,0.0,0,0.0,0,0.0003513856367631392,14.06,0,0,68.6,0,43.524182,0,0,0,0.0005214214324951172,367.984593718648,3.36934638,3.3693463802337646,0.00016736984252929688,"perf, rapl, null, psutil",1024,0,0.22457098960876465,4.291534423828125e-06,8,4,0,0.0,0,0.0,0,5.375255237926137e-06,5.47,0,0,48.5,0,20.135751,0,0,0,0.0002918243408203125,318.8909577620029,3.28293061,3.282930612564087,8.988380432128906e-05,False,,220,type:unknown|arch:Unknown|lambda:False|mem:unknown,False,,stage0,0,1.6155486757105049,2.6876276189630683e-05,40.0,20.0,0,0.0,0,0.0,0,0.0023178620771928267,11,39.06363636363636,0,0,279.3181818181818,0,129.73241727272728,0,0,0,0.001756928183815696,1711.8660866558548,16.691545245454545,16.691545248031616,0.0005340576171875,5
x86,0,0.3138635808771307,5.375255237926137e-06,8.0,4.0,0,0.0,0,0.0,0,0.00043500553477894175,7.085454545454545,0,0,54.76363636363636,0,24.00027181818182,0,0,0,0.00032728368585759944,321.8251660495996,3.1640006627272728,3.1640006628903476,0.00010234659368341619,,type:unknown|arch:Unknown|lambda:False|mem:unknown,NA,5.376330288973722e-07,0.0012359222720478328,4,x86_64,Intel(R) Core(TM) i7-10510U CPU @ 1.80GHz,False,,video,video_stage0_local_1024_x86_analysis.json,0,0.45606374740600586,6.9141387939453125e-06,8,4,0,0.0,0,0.0,0,0.00032728368585759944,9.85,0,0,69.6,0,31.16722,0,0,0,0.0004451274871826172,371.9363377010822,3.38069892,3.3806989192962646,0.0001583099365234375,"perf, rapl, null, psutil",1024,0,0.2135465145111084,4.291534423828125e-06,8,4,0,0.0,0,0.0,0,5.375255237926137e-06,5.57,0,0,49.2,0,19.692026,0,0,0,0.0002837181091308594,225.5844826823473,2.34430528,2.3443052768707275,8.273124694824219e-05,False,,220,type:unknown|arch:Unknown|lambda:False|mem:unknown,False,,stage0,0,1.8831814852627842,3.225153142755682e-05,48.0,24.0,0,0.0,0,0.0,0,0.0026100332086736507,11,42.51272727272727,0,0,328.58181818181816,0,144.00163090909092,0,0,0,0.0019637021151455965,1930.9509962975976,18.98400397636364,18.984003977342084,0.0006140795621004971,6
x86,0,0.3460901000282981,5.353580821644176e-06,8.0,4.0,0,0.0,0,0.0,0,0.0004634857177734375,6.751818181818181,0,0,53.945454545454545,0,23.042216818181817,0,0,0,0.0003486980091441761,331.55730850398544,3.2456085236363634,3.245608524842696,0.00010943412780761719,,type:unknown|arch:Unknown|lambda:False|mem:unknown,NA,6.24709346077659e-07,0.00134785026187804,4,x86_64,Intel(R) Core(TM) i7-10510U CPU @ 1.80GHz,False,,video,video_stage0_local_1024_x86_analysis.json,0,0.5133509635925293,7.152557373046875e-06,8,4,0,0.0,0,0.0,0,0.0003486980091441761,9.03,0,0,58.0,0,26.818659,0,0,0,0.0004341602325439453,377.16212387919427,3.37447095,3.3744709491729736,0.0001513957977294922,"perf, rapl, null, psutil",1024,0,0.22545766830444336,4.0531158447265625e-06,8,4,0,0.0,0,0.0,0,5.353580821644176e-06,5.7,0,0,50.0,0,20.203743,0,0,0,0.00028133392333984375,228.48154449462893,2.31819749,2.31819748878479,8.606910705566406e-05,False,,220,type:unknown|arch:Unknown|lambda:False|mem:unknown,False,,stage0,0,2.422630700198087,3.7475065751509234e-05,56.0,28.0,0,0.0,0,0.0,0,0.0032444000244140625,11,47.26272727272727,0,0,377.6181818181818,0,161.2955177272727,0,0,0,0.002440886064009233,2320.901159527898,22.719259665454544,22.719259673898872,0.0007660388946533203,7
x86,0,0.31537209857593884,5.9387900612571025e-06,8.0,4.0,0,0.0,0,0.0,0,0.0004657615314830433,8.576363636363636,0,0,57.39090909090908,0,28.611992727272728,0,0,0,0.00034971670670942825,310.18663471400737,3.1566500009090905,3.1566500013524834,0.00011010603471235795,,type:unknown|arch:Unknown|lambda:False|mem:unknown,NA,7.919970425692473e-07,0.001700434640979106,4,x86_64,Intel(R) Core(TM) i7-10510U CPU @ 1.80GHz,False,,video,video_stage0_local_1024_x86_analysis.json,0,0.4811980724334717,1.0013580322265625e-05,8,4,0,0.0,0,0.0,0,0.00034971670670942825,22.39,0,0,100.0,0,71.545714,0,0,0,0.0005440711975097656,342.9084906464815,3.36489272,3.3648927211761475,0.00016736984252929688,"perf, rapl, null, psutil",1024,0,0.2152712345123291,4.5299530029296875e-06,8,4,0,0.0,0,0.0,0,5.9387900612571025e-06,5.84,0,0,48.1,0,20.781685,0,0,0,0.00028896331787109375,211.28628452301027,2.34384918,2.3438491821289062,8.821487426757812e-05,False,,220,type:unknown|arch:Unknown|lambda:False|mem:unknown,False,,stage0,0,2.5229767886075107,4.751032049005682e-05,64.0,32.0,0,0.0,0,0.0,0,0.0037260922518643465,11,68.61090909090909,0,0,459.12727272727267,0,228.89594181818183,0,0,0,0.002797733653675426,2481.493077712059,25.253200007272724,25.253200010819867,0.0008808482776988636,8
x86,0,0.32218883254311304,6.242231889204546e-06,8.0,4.0,0,0.0,0,0.0,0,0.0005152875726873225,8.549090909090909,0,0,65.75454545454545,0,28.707274272727272,0,0,0,0.0003853927959095348,351.73302992045876,3.256402991818182,3.256402991034768,0.0001236525448885831,,type:unknown|arch:Unknown|lambda:False|mem:unknown,NA,9.365220503373582e-07,0.0018174745520316315,4,x86_64,Intel(R) Core(TM) i7-10510U CPU @ 1.80GHz,False,,video,video_stage0_local_1024_x86_analysis.json,0,0.712334156036377,1.239776611328125e-05,8,4,0,0.0,0,0.0,0,0.0003853927959095348,12.58,0,0,94.1,0,40.709369,0,0,0,0.0007855892181396484,473.23334370613094,3.39284015,3.3928401470184326,0.0002803802490234375,"perf, rapl, null, psutil",1024,0,0.20789790153503418,4.291534423828125e-06,8,4,0,0.0,0,0.0,0,6.242231889204546e-06,6.23,0,0,48.1,0,21.733891,0,0,0,0.0003066062927246094,237.41086360156538,2.38286567,2.3828656673431396,8.869171142578125e-05,False,,220,type:unknown|arch:Unknown|lambda:False|mem:unknown,False,,stage0,0,2.8996994928880175,5.6180087002840913e-05,72.0,36.0,0,0.0,0,0.0,0,0.0046375881541859025,11,76.94181818181818,0,0,591.790909090909,0,258.36546845454546,0,0,0,0.0034685351631858134,3165.5972692841287,29.307626926363636,29.307626919312913,0.001112872903997248,9
x86,0,0.3060649958523837,6.112185391512784e-06,8.0,4.0,0,0.0,0,0.0,0,0.0005253011530095881,7.985454545454545,0,0,64.7,0,26.285066454545458,0,0,0,0.0003940625624223189,328.3064728933573,3.159135404545454,3.159135406667536,0.0001251264051957564,,type:unknown|arch:Unknown|lambda:False|mem:unknown,NA,1.0189013047651812e-06,0.0019396517577157945,4,x86_64,Intel(R) Core(TM) i7-10510U CPU @ 1.80GHz,False,,video,video_stage0_local_1024_x86_analysis.json,0,0.6789453029632568,1.2636184692382812e-05,8,4,0,0.0,0,0.0,0,0.0003940625624223189,11.92,0,0,93.5,0,38.544089,0,0,0,0.0008404254913330078,521.4047542834282,3.38695478,3.3869547843933105,0.00028061866760253906,"perf, rapl, null, psutil",1024,0,0.21527695655822754,4.5299530029296875e-06,8,4,0,0.0,0,0.0,0,6.112185391512784e-06,5.97,0,0,49.4,0,21.014106,0,0,0,0.0002980232238769531,222.49712891936306,2.34720182,2.3472018241882324,9.036064147949219e-05,False,,220,type:unknown|arch:Unknown|lambda:False|mem:unknown,False,,stage0,0,3.0606499585238374,6.112185391512784e-05,80.0,40.0,0,0.0,0,0.0,0,0.005253011530095881,11,79.85454545454546,0,0,647.0,0,262.8506645454546,0,0,0,0.0039406256242231884,3283.064728933573,31.59135404545454,31.59135406667536,0.001251264051957564,10
x86,0,0.3143801905892112,5.765394731001421e-06,8.0,4.0,0,0.0,0,0.0,0,0.0004999420859596946,8.505454545454546,0,0,59.53636363636363,0,28.396938545454546,0,0,0,0.00037795847112482244,331.5306961792708,3.2523101454545453,3.2523101459849966,0.00011621822010387073,,type:unknown|arch:Unknown|lambda:False|mem:unknown,NA,1.153309561989524e-06,0.0023068863261943985,4,x86_64,Intel(R) Core(TM) i7-10510U CPU @ 1.80GHz,False,,video,video_stage0_local_1024_x86_analysis.json,0,0.4844071865081787,9.059906005859375e-06,8,4,0,0.0,0,0.0,0,0.00037795847112482244,14.45,0,0,98.7,0,44.573737,0,0,0,0.0006151199340820312,360.40959708094596,3.36905456,3.3690545558929443,0.00018334388732910156,"perf, rapl, null, psutil",1024,0,0.21809124946594238,4.291534423828125e-06,8,4,0,0.0,0,0.0,0,5.765394731001421e-06,6.04,0,0,48.1,0,21.068796,0,0,0,0.0002732276916503906,256.08518504619605,2.40252542,2.4025254249572754,8.320808410644531e-05,False,,220,type:unknown|arch:Unknown|lambda:False|mem:unknown,False,,stage0,0,3.772562287070534,6.918473677201705e-05,96.0,48.0,0,0.0,0,0.0,0,0.0059993050315163355,11,102.06545454545454,0,0,714.4363636363636,0,340.76326254545455,0,0,0,0.0045355016534978695,3978.36835415125,39.02772174545454,39.02772175181996,0.0013946186412464488,12
x86,0,0.25220816785638983,5.201859907670454e-06,8.0,4.0,0,0.0,0,0.0,0,0.00044699148698286575,8.94909090909091,0,0,60.972727272727276,0,29.86851418181818,0,0,0,0.00033877112648703837,325.28405367136,3.3411258581818184,3.3411258567463267,0.00010301850058815695,,type:unknown|arch:Unknown|lambda:False|mem:unknown,NA,1.3874400745738635e-06,0.003103951898365902,4,x86_64,Intel(R) Core(TM) i7-10510U CPU @ 1.80GHz,False,,video,video_stage0_local_1024_x86_analysis.json,0,0.4007453918457031,6.4373016357421875e-06,8,4,0,0.0,0,0.0,0,0.00033877112648703837,19.57,0,0,100.0,0,63.183004,0,0,0,0.0004069805145263672,356.6430300855636,3.36461449,3.364614486694336,0.0001289844512939453,"perf, rapl, null, psutil",1024,0,0.21160149574279785,4.0531158447265625e-06,8,4,0,0.0,0,0.0,0,5.201859907670454e-06,5.87,0,0,50.0,0,20.195077,0,0,0,0.00025463104248046875,286.1612466073036,3.29743004,3.2974300384521484,8.0108642578125e-05,False,,220,type:unknown|arch:Unknown|lambda:False|mem:unknown,False,,stage0,0,4.035330685702237,8.322975852272727e-05,128.0,64.0,0,0.0,0,0.0,0,0.007151863791725852,11,143.18545454545455,0,0,975.5636363636364,0,477.8962269090909,0,0,0,0.005420338023792614,5204.54485874176,53.458013730909094,53.45801370794123,0.0016482960094105113,16
x86,0,0.28596067428588867,5.266883156516335e-06,8.0,4.0,0,0.0,0,0.0,0,0.0004534721374511719,8.002727272727272,0,0,59.872727272727275,0,26.18375990909091,0,0,0,0.0003414154052734375,326.56965697109695,3.3428949227272726,3.3428949226032603,0.00010678984902121805,,type:unknown|arch:Unknown|lambda:False|mem:unknown,NA,1.7559788443825465e-06,0.0038722971035273883,4,x86_64,Intel(R) Core(TM) i7-10510U CPU @ 1.80GHz,False,,video,video_stage0_local_1024_x86_analysis.json,0,0.43317127227783203,7.867813110351562e-06,8,4,0,0.0,0,0.0,0,0.0003414154052734375,13.59,0,0,100.0,0,41.845537,0,0,0,0.0004994869232177734,346.76204439997673,3.36884403,3.3688440322875977,0.0001773834228515625,"perf, rapl, null, psutil",1024,0,0.21579408645629883,4.5299530029296875e-06,8,4,0,0.0,0,0.0,0,5.266883156516335e-06,5.62,0,0,50.0,0,19.701671,0,0,0,0.00029158592224121094,303.512104332447,3.2942977,3.294297695159912,9.036064147949219e-05,False,,220,type:unknown|arch:Unknown|lambda:False|mem:unknown,False,,stage0,0,5.719213485717773,0.0001053376631303267,160.0,80.0,0,0.0,0,0.0,0,0.009069442749023438,11,160.05454545454543,0,0,1197.4545454545455,0,523.6751981818181,0,0,0,0.00682830810546875,6531.393139421939,66.85789845454545,66.8578984520652,0.0021357969804243608,20
x86,0,0.2554626898332076,5.9604644775390625e-06,8.0,4.0,0,0.0,0,0.0,0,0.0004518682306463068,8.261818181818182,0,0,54.06363636363637,0,27.360109636363635,0,0,0,0.0003451217304576527,344.2919718086719,3.3407858936363635,3.3407858935269443,0.00010078603571111506,,type:unknown|arch:Unknown|lambda:False|mem:unknown,NA,2.3846626281738283e-06,0.005277340752110515,4,x86_64,Intel(R) Core(TM) i7-10510U CPU @ 1.80GHz,False,,video,video_stage0_local_1024_x86_analysis.json,0,0.3572542667388916,1.2636184692382812e-05,8,4,0,0.0,0,0.0,0,0.0003451217304576527,12.28,0,0,61.5,0,41.340656,0,0,0,0.0004990100860595703,411.5529400259257,3.35899544,3.3589954376220703,0.00012946128845214844,"perf, rapl, null, psutil",1024,0,0.21711969375610352,4.291534423828125e-06,8,4,0,0.0,0,0.0,0,5.9604644775390625e-06,6.51,0,0,48.1,0,22.1648,0,0,0,0.00028824806213378906,306.1826053851843,3.29768348,3.2976834774017334,8.726119995117188e-05,False,,220,type:unknown|arch:Unknown|lambda:False|mem:unknown,False,,stage0,0,6.131104555996982,0.0001430511474609375,192.0,96.0,0,0.0,0,0.0,0,0.010844837535511364,11,198.28363636363636,0,0,1297.527272727273,0,656.6426312727273,0,0,0,0.008282921530983665,8263.007323408126,80.17886144727272,80.17886144464666,0.0024188648570667615,24
x86,0,0.29053339091214264,5.310231989080256e-06,8.0,4.0,0,0.0,0,0.0,0,0.00044176795265891337,7.379090909090909,0,0,57.1,0,25.215566636363636,0,0,0,0.0003348047083074396,336.1483007085323,3.338101149090909,3.3381011486053467,0.00010165301236239347,,type:unknown|arch:Unknown|lambda:False|mem:unknown,NA,2.4786038832231e-06,0.005610646649004023,4,x86_64,Intel(R) Core(TM) i7-10510U CPU @ 1.80GHz,False,,video,video_stage0_local_1024_x86_analysis.json,0,0.5217587947845459,7.62939453125e-06,8,4,0,0.0,0,0.0,0,0.0003348047083074396,13.97,0,0,100.0,0,46.583927,0,0,0,0.0005156993865966797,370.0608227312565,3.36773372,3.3677337169647217,0.00017189979553222656,"perf, rapl, null, psutil",1024,0,0.20525717735290527,3.814697265625e-06,8,4,0,0.0,0,0.0,0,5.310231989080256e-06,5.72,0,0,48.1,0,20.352853,0,0,0,0.0002567768096923828,300.6030642008781,3.29668856,3.2966885566711426,7.867813110351562e-05,False,,220,type:unknown|arch:Unknown|lambda:False|mem:unknown,False,,stage0,0,8.134934945539994,0.00014868649569424716,224.0,112.0,0,0.0,0,0.0,0,0.012369502674449574,11,206.61454545454546,0,0,1598.8,0,706.0358658181818,0,0,0,0.009374531832608309,9412.152419838905,93.46683217454544,93.4668321609497,0.002846284346147017,28
x86,0,1.3960885320390974,122.5113367012569,2.0,2.0,0,0.0,0,0.0,0,132.8677921976362,0.0,0,0,2.8857142857142857,0,0.0,0,0,0,2.631502594266619,3345.7680776963916,135.40413417285714,135.40413417134965,7.724952902112689,,type:lambda-function|arch:x86_64|lambda:True|mem:512,aws,4.084527965619905,0.030741294771755617,4,x86_64,Intel(R) Xeon(R) Processor @ 2.50GHz,False,,video,video_stage0_aws_512Mb_x86_analysis.json,0,1.6704909801483154,146.22473311424255,2,2,0,0.0,0,0.0,0,122.5113367012569,0.0,0,0,5.3,0,0.0,0,0,0,3.3732032775878906,4211.984666690827,160.39889336,160.39889335632324,8.09799337387085,"null, null, null, psutil",512,0,1.0494282245635986,108.00257062911987,2,2,0,0.0,0,0.0,0,2.631502594266619,0.0,0,0,1.8,0,0.0,0,0,0,1.9990806579589844,2748.9181911706924,119.0007875,119.00078749656677,6.715325593948364,False,,220,type:lambda-function|arch:x86_64|lambda:True|mem:512,False,,stage0,0,5.58435412815639,490.0453468050276,8.0,8.0,0,0.0,0,0.0,0,531.4711687905448,7,0.0,0,0,11.542857142857143,0,0.0,0,0,0,10.526010377066475,13383.072310785567,541.6165366914286,541.6165366853986,30.899811608450754,4
x86,0,1.4169045857020788,124.75470181873867,2.0,2.0,0,0.0,0,0.0,0,135.5171261514936,0.0,0,0,2.9,0,0.0,0,0,0,2.823452745165144,3468.593466102055,138.12565555,138.12565554891313,7.938971587589809,,type:lambda-function|arch:x86_64|lambda:True|mem:512,aws,5.199152198295934,0.03836527785044556,4,x86_64,Intel(R) Xeon(R) Processor @ 2.90GHz,False,,video,video_stage0_aws_512Mb_x86_analysis.json,0,1.57328462600708,144.51820278167725,2,2,0,0.0,0,0.0,0,124.75470181873867,0.0,0,0,5.5,0,0.0,0,0,0,3.2402734756469727,4012.7030808687214,158.444242,158.44424200057983,8.27199673652649,"null, null, null, psutil",512,0,0.9745938777923584,112.29315280914307,2,2,0,0.0,0,0.0,0,2.823452745165144,0.0,0,0,0.0,0,0.0,0,0,0,2.2512526512145996,2920.2125929832464,125.22352457,125.22352457046509,7.332927227020264,False,,220,type:lambda-function|arch:x86_64|lambda:True|mem:512,False,,stage0,0,7.084522928510394,623.7735090936933,10.0,10.0,0,0.0,0,0.0,0,677.585630757468,7,0.0,0,0,14.5,0,0.0,0,0,0,14.117263725825719,17342.967330510277,690.62827775,690.6282777445656,39.694857937949045,5
x86,0,1.5741957128047943,141.26577338576317,2.0,2.0,0,0.0,0,0.0,0,151.7864792048931,0.0,0,0,2.1,0,0.0,0,0,0,2.7392123639583588,3763.7862659531834,154.4393577575,154.43935775756836,7.781493455171585,,type:lambda-function|arch:x86_64|lambda:True|mem:512,aws,7.064701327022017,0.04654368006972174,4,x86_64,Intel(R) Xeon(R) Processor @ 2.50GHz,False,,video,video_stage0_aws_512Mb_x86_analysis.json,0,2.2148382663726807,149.55865383148193,2,2,0,0.0,0,0.0,0,141.26577338576317,0.0,0,0,3.6,0,0.0,0,0,0,3.317809581756592,4085.521526241302,162.89958239,162.89958238601685,8.21891736984253,"null, null, null, psutil",512,0,0.9660139083862305,117.2103476524353,2,2,0,0.0,0,0.0,0,2.7392123639583588,0.0,0,0,1.8,0,0.0,0,0,0,2.1430087089538574,3324.555125546455,129.92103171,129.92103171348572,7.251849412918091,False,,220,type:lambda-function|arch:x86_64|lambda:True|mem:512,False,,stage0,0,9.445174276828766,847.594640314579,12.0,12.0,0,0.0,0,0.0,0,910.7188752293587,8,0.0,0,0,12.600000000000001,0,0.0,0,0,0,16.435274183750153,22582.7175957191,926.636146545,926.6361465454102,46.68896073102951,6
x86,0,1.7165552973747253,137.0710137784481,2.0,2.0,0,0.0,0,0.0,0,147.65065789222717,0.0,0,0,2.05,0,0.0,0,0,0,2.795970767736435,3778.361849958003,150.1332286,150.13322860002518,7.783673346042633,,type:lambda-function|arch:x86_64|lambda:True|mem:512,aws,7.997408298903555,0.05416439325817976,4,x86_64,Intel(R) Xeon(R) Processor @ 2.50GHz,False,,video,video_stage0_aws_512Mb_x86_analysis.json,0,2.5384063720703125,148.566570520401,2,2,0,0.0,0,0.0,0,137.0710137784481,0.0,0,0,3.6,0,0.0,0,0,0,3.419520616531372,4512.808417358398,161.26237535,161.26237535476685,8.660552740097046,"null, null, null, psutil",512,0,1.4255080223083496,116.56569051742554,2,2,0,0.0,0,0.0,0,2.795970767736435,0.0,0,0,0.0,0,0.0,0,0,0,2.4164340496063232,3291.080363817215,129.44588876,129.4458887577057,7.131065607070923,False,,220,type:lambda-function|arch:x86_64|lambda:True|mem:512,False,,stage0,0,12.015887081623077,959.4970964491367,14.0,14.0,0,0.0,0,0.0,0,1033.5546052455902,8,0.0,0,0,14.349999999999998,0,0.0,0,0,0,19.571795374155045,26448.53294970602,1050.9326002,1050.9326002001762,54.48571342229843,7
x86,0,1.7213501036167145,140.88722693920135,2.0,2.0,0,0.0,0,0.0,0,151.90368223190308,0.0,0,0,2.3,0,0.0,0,0,0,2.591816008090973,3690.925418303311,154.68877461625,154.6887746155262,8.424639284610748,,type:lambda-function|arch:x86_64|lambda:True|mem:512,aws,9.394360292305947,0.061844190702132484,4,x86_64,Intel(R) Xeon(R) Processor @ 2.50GHz,False,,video,video_stage0_aws_512Mb_x86_analysis.json,0,3.310612440109253,149.55176711082458,2,2,0,0.0,0,0.0,0,140.88722693920135,0.0,0,0,3.6,0,0.0,0,0,0,3.0863471031188965,4178.484994153977,164.44254208,164.44254207611084,10.53052020072937,"null, null, null, psutil",512,0,1.0371532440185547,122.50889492034912,2,2,0,0.0,0,0.0,0,2.591816008090973,0.0,0,0,1.8,0,0.0,0,0,0,2.2827887535095215,3200.315494804382,135.50664186,135.5066418647766,6.983014106750488,False,,220,type:lambda-function|arch:x86_64|lambda:True|mem:512,False,,stage0,0,13.770800828933716,1127.0978155136108,16.0,16.0,0,0.0,0,0.0,0,1215.2294578552246,8,0.0,0,0,18.4,0,0.0,0,0,0,20.734528064727783,29527.403346426487,1237.51019693,1237.5101969242096,67.39711427688599,8
x86,0,1.357820212841034,141.27687573432922,2.0,2.0,0,0.0,0,0.0,0,151.71854719519615,0.0,0,0,2.5125,0,0.0,0,0,0,2.565673917531967,3971.7146119856834,154.405511765,154.40551176667213,7.875997543334961,,type:lambda-function|arch:x86_64|lambda:True|mem:512,aws,10.597884833210706,0.0698522694102509,4,x86_64,Intel(R) Xeon(R) Processor @ 2.50GHz,False,,video,video_stage0_aws_512Mb_x86_analysis.json,0,1.6286640167236328,152.65394139289856,2,2,0,0.0,0,0.0,0,141.27687573432922,0.0,0,0,3.6,0,0.0,0,0,0,2.9496891498565674,4635.880505206584,166.57853055,166.57853055000305,8.662373542785645,"null, null, null, psutil",512,0,0.9525365829467773,107.858726978302,2,2,0,0.0,0,0.0,0,2.565673917531967,0.0,0,0,0.0,0,0.0,0,0,0,2.0608036518096924,2770.3324971842762,120.50163102,120.50163102149963,7.310402154922485,False,,220,type:lambda-function|arch:x86_64|lambda:True|mem:512,False,,stage0,0,12.220381915569305,1271.491881608963,18.0,18.0,0,0.0,0,0.0,0,1365.4669247567654,8,0.0,0,0,22.6125,0,0.0,0,0,0,23.091065257787704,35745.43150787115,1389.649605885,1389.6496059000492,70.88397789001465,9
x86,0,1.4169134753090995,147.34040996006556,2.0,2.0,0,0.0,0,0.0,0,157.87055349349973,0.0,0,0,2.1142857142857143,0,0.0,0,0,0,2.768329926899501,3962.3717428806854,160.56308068428572,160.5630806854793,7.761813606534686,,type:lambda-function|arch:x86_64|lambda:True|mem:512,aws,12.280823170171466,0.07779046122541862,4,x86_64,Intel(R) Xeon(R) Processor @ 2.50GHz,False,,video,video_stage0_aws_512Mb_x86_analysis.json,0,1.63718843460083,151.9585223197937,2,2,0,0.0,0,0.0,0,147.34040996006556,0.0,0,0,3.6,0,0.0,0,0,0,3.6226000785827637,4258.180149044991,166.14046621,166.14046621322632,8.152927875518799,"null, null, null, psutil",512,0,1.0523991584777832,139.87765312194824,2,2,0,0.0,0,0.0,0,2.768329926899501,0.0,0,0,1.8,0,0.0,0,0,0,2.119741439819336,3074.9740718007083,152.75579095,152.7557909488678,7.350302219390869,False,,220,type:lambda-function|arch:x86_64|lambda:True|mem:512,False,,stage0,0,14.169134753090995,1473.4040996006556,20.0,20.0,0,0.0,0,0.0,0,1578.7055349349973,7,0.0,0,0,21.142857142857142,0,0.0,0,0,0,27.68329926899501,39623.717428806856,1605.6308068428573,1605.6308068547928,77.61813606534686,10
x86,0,1.376075097492763,145.36466349874223,2.0,2.0,0,0.0,0,0.0,0,155.87925829206193,0.0,0,0,2.085714285714286,0,0.0,0,0,0,2.6148007597242082,3858.9972258469033,158.56029599142857,158.5602959905352,7.8997940335954935,,type:lambda-function|arch:x86_64|lambda:True|mem:512,aws,14.539373643144199,0.0932733052649161,4,x86_64,Intel(R) Xeon(R) Processor @ 2.50GHz,False,,video,video_stage0_aws_512Mb_x86_analysis.json,0,1.6775603294372559,148.2570776939392,2,2,0,0.0,0,0.0,0,145.36466349874223,0.0,0,0,3.6,0,0.0,0,0,0,2.8368184566497803,4233.855407516956,161.04432893,161.04432892799377,9.046806335449219,"null, null, null, psutil",512,0,0.9806313514709473,140.0479519367218,2,2,0,0.0,0,0.0,0,2.6148007597242082,0.0,0,0,0.0,0,0.0,0,0,0,2.400341510772705,3070.5143286371235,154.2197051,154.21970510482788,7.134058237075806,False,,220,type:lambda-function|arch:x86_64|lambda:True|mem:512,False,,stage0,0,16.512901169913157,1744.3759619849068,24.0,24.0,0,0.0,0,0.0,0,1870.5510995047432,7,0.0,0,0,25.028571428571432,0,0.0,0,0,0,31.3776091166905,46307.966710162844,1902.723551897143,1902.7235518864222,94.79752840314592,12
x86,0,1.4033271372318268,140.72875586152077,2.0,2.0,0,0.0,0,0.0,0,151.35070222616196,0.0,0,0,2.575,0,0.0,0,0,0,2.769644260406494,4069.968739309907,154.09082177375,154.0908217728138,7.852302104234695,,type:lambda-function|arch:x86_64|lambda:True|mem:512,aws,18.76758688169241,0.12400065943300466,4,x86_64,Intel(R) Xeon(R) Processor @ 2.50GHz,False,,video,video_stage0_aws_512Mb_x86_analysis.json,0,1.6536686420440674,151.60031580924988,2,2,0,0.0,0,0.0,0,140.72875586152077,0.0,0,0,3.8,0,0.0,0,0,0,3.3557567596435547,4330.2686544370645,165.83811522,165.8381152153015,8.357557773590088,"null, null, null, psutil",512,0,0.9851253032684326,121.41901850700378,2,2,0,0.0,0,0.0,0,2.769644260406494,0.0,0,0,1.9,0,0.0,0,0,0,2.4888768196105957,3764.3115690517425,134.72840261,134.7284026145935,7.233790874481201,False,,220,type:lambda-function|arch:x86_64|lambda:True|mem:512,False,,stage0,0,22.45323419570923,2251.6600937843323,32.0,32.0,0,0.0,0,0.0,0,2421.6112356185913,8,0.0,0,0,41.2,0,0.0,0,0,0,44.314308166503906,65119.49982895851,2465.45314838,2465.4531483650208,125.63683366775513,16
x86,0,1.4516613185405731,136.7704881131649,2.0,2.0,0,0.0,0,0.0,0,147.29443672299385,0.0,0,0,2.3625,0,0.0,0,0,0,2.59797665476799,3883.690234517455,150.02891334875,150.0289133489132,7.925971955060959,,type:lambda-function|arch:x86_64|lambda:True|mem:512,aws,22.79964036846459,0.1547895553675408,4,x86_64,Intel(R) Xeon(R) Processor @ 2.50GHz,False,,video,video_stage0_aws_512Mb_x86_analysis.json,0,2.7494685649871826,150.93497347831726,2,2,0,0.0,0,0.0,0,136.7704881131649,0.0,0,0,3.8,0,0.0,0,0,0,3.067518472671509,4186.885574131012,166.02571654,166.02571654319763,9.013370275497437,"null, null, null, psutil",512,0,0.9648399353027344,116.08132004737854,2,2,0,0.0,0,0.0,0,2.59797665476799,0.0,0,0,1.8,0,0.0,0,0,0,2.169051170349121,3304.8131711769106,128.62493157,128.6249315738678,6.891695022583008,False,,220,type:lambda-function|arch:x86_64|lambda:True|mem:512,False,,stage0,0,29.033226370811462,2735.409762263298,40.0,40.0,0,0.0,0,0.0,0,2945.888734459877,8,0.0,0,0,47.25,0,0.0,0,0,0,51.9595330953598,77673.80469034909,3000.5782669749997,3000.578266978264,158.51943910121918,20
x86,0,1.1822135150432587,143.40992215275764,2.0,2.0,0,0.0,0,0.0,0,153.85560947656631,0.0,0,0,2.1,0,0.0,0,0,0,2.524038016796112,4144.946092517376,156.69075414374998,156.69075414538383,7.921649307012558,,type:lambda-function|arch:x86_64|lambda:True|mem:512,aws,28.687720827437644,0.18645872532718452,4,x86_64,Intel(R) Xeon(R) Processor @ 2.50GHz,False,,video,video_stage0_aws_512Mb_x86_analysis.json,0,1.6264379024505615,147.86441493034363,2,2,0,0.0,0,0.0,0,143.40992215275764,0.0,0,0,3.6,0,0.0,0,0,0,3.09613299369812,4436.878643455505,162.64217901,162.64217901229858,8.677369117736816,"null, null, null, psutil",512,0,0.9683268070220947,124.76601052284241,2,2,0,0.0,0,0.0,0,2.524038016796112,0.0,0,0,0.0,0,0.0,0,0,0,1.9225564002990723,3964.0737073659902,138.05480146,138.0548014640808,7.007541656494141,False,,220,type:lambda-function|arch:x86_64|lambda:True|mem:512,False,,stage0,0,28.373124361038208,3441.8381316661835,48.0,48.0,0,0.0,0,0.0,0,3692.5346274375916,8,0.0,0,0,50.400000000000006,0,0.0,0,0,0,60.57691240310669,99478.70622041702,3760.5780994499996,3760.578099489212,190.1195833683014,24
x86,0,1.5639523565769196,132.88631439208984,2.0,2.0,0,0.0,0,0.0,0,144.07221913337708,0.0,0,0,2.7125,0,0.0,0,0,0,2.709359496831894,3879.79022189796,146.941407025,146.94140702486038,8.476545244455338,,type:lambda-function|arch:x86_64|lambda:True|mem:512,aws,31.013008052825928,0.2152601538268468,4,x86_64,Intel(R) Xeon(R) Processor @ 2.50GHz,False,,video,video_stage0_aws_512Mb_x86_analysis.json,0,2.015692949295044,149.40177273750305,2,2,0,0.0,0,0.0,0,132.88631439208984,0.0,0,0,5.4,0,0.0,0,0,0,3.322856903076172,4726.721097488404,164.00836563,164.00836563110352,12.811760187149048,"null, null, null, psutil",512,0,1.0176231861114502,107.46182227134705,2,2,0,0.0,0,0.0,0,2.709359496831894,0.0,0,0,1.8,0,0.0,0,0,0,2.1617109775543213,2747.3255656242372,119.50089455,119.50089454650879,7.168152332305908,False,,220,type:lambda-function|arch:x86_64|lambda:True|mem:512,False,,stage0,0,43.79066598415375,3720.8168029785156,56.0,56.0,0,0.0,0,0.0,0,4034.022135734558,8,0.0,0,0,75.95,0,0.0,0,0,0,75.86206591129303,108634.12621314288,4114.3593967,4114.359396696091,237.34326684474945,28
x86,0,0.4042985330928456,6.69739463112571e-06,8.0,4.0,0,0.0,0,0.0,0,0.0004978884350169789,11.061590909090908,0,0,59.82272727272727,0,35.46313561363636,0,0,0,0.0003720467740839178,381.5685895982384,3.1871911279545455,3.187191128730774,0.00011914426630193537,,type:unknown|arch:Unknown|lambda:False|mem:unknown,NA,2.232911370017312e-07,0.0004484762474832672,4,x86_64,Intel(R) Core(TM) i7-10510U CPU @ 1.80GHz,False,,video,video_stage1_local_512_x86_analysis.json,0,0.5375120639801025,1.0251998901367188e-05,8,4,0,0.0,0,0.0,0,0.0003720467740839178,14.97,0,0,66.7,0,46.765931,0,0,0,0.0004963874816894531,473.19692213058465,3.33935189,3.3393518924713135,0.00016498565673828125,"perf, rapl, null, psutil",512,0,0.2587707042694092,4.291534423828125e-06,8,4,0,0.0,0,0.0,0,6.69739463112571e-06,8.75,0,0,54.4,0,29.425584,0,0,0,0.0002663135528564453,252.03985913753513,2.3243885,2.3243885040283203,8.726119995117188e-05,False,,220,type:unknown|arch:Unknown|lambda:False|mem:unknown,False,,stage1,0,1.6171941323713823,2.678957852450284e-05,32.0,16.0,0,0.0,0,0.0,0,0.0019915537400679154,11,44.24636363636363,0,0,239.29090909090908,0,141.85254245454544,0,0,0,0.0014881870963356712,1526.2743583929537,12.748764511818182,12.748764514923096,0.0004765770652077415,4
x86,0,0.46291003660722213,8.483366532759232e-06,8.0,4.0,0,0.0,0,0.0,0,0.0006675243377685546,14.536363636363637,0,0,70.99818181818182,0,45.411499581818184,0,0,0,0.00047614357688210225,453.3007598470449,3.1876214376363636,3.1876214374195446,0.00018289739435369318,,type:unknown|arch:Unknown|lambda:False|mem:unknown,NA,3.53544300252741e-07,0.0005296350713362642,4,x86_64,Intel(R) Core(TM) i7-10510U CPU @ 1.80GHz,False,,video,video_stage1_local_512_x86_analysis.json,0,0.6935229301452637,1.6689300537109375e-05,8,4,0,0.0,0,0.0,0,0.00047614357688210225,26.02,0,0,100.0,0,79.857707,0,0,0,0.0006797313690185547,568.314566332698,3.36094928,3.3609492778778076,0.0015151500701904297,"perf, rapl, null, psutil",512,0,0.25989341735839844,4.76837158203125e-06,8,4,0,0.0,0,0.0,0,8.483366532759232e-06,10.23,0,0,55.0,0,33.854223,0,0,0,0.00027561187744140625,260.74895864725113,2.279773,2.279772996902466,8.392333984375e-05,False,,220,type:unknown|arch:Unknown|lambda:False|mem:unknown,False,,stage1,0,2.314550183036111,4.241683266379616e-05,40.0,20.0,0,0.0,0,0.0,0,0.003337621688842773,11,72.68181818181819,0,0,354.9909090909091,0,227.05749790909093,0,0,0,0.002380717884410511,2266.5037992352245,15.938107188181817,15.938107187097723,0.0009144869717684659,5
x86,0,0.47961875886628125,7.148944970333215e-06,8.0,4.0,0,0.0,0,0.0,0,0.0005251458196929007,13.777727272727274,0,0,59.27424242424242,0,42.50350046969697,0,0,0,0.0003935098648071289,407.84427817235394,3.225074186212121,3.2250741864695693,0.00012448700991543856,,type:unknown|arch:Unknown|lambda:False|mem:unknown,NA,3.575187379663641e-07,0.0006807989791777016,4,x86_64,Intel(R) Core(TM) i7-10510U CPU @ 1.80GHz,False,,video,video_stage1_local_512_x86_analysis.json,0,0.6622829437255859,1.4781951904296875e-05,8,4,0,0.0,0,0.0,0,0.0003935098648071289,17.53,0,0,74.0,0,51.189748,0,0,0,0.0007162094116210938,482.6784929466247,3.34398127,3.3439812660217285,0.0001850128173828125,"perf, rapl, null, psutil",512,0,0.3010120391845703,4.76837158203125e-06,8,4,0,0.0,0,0.0,0,7.148944970333215e-06,9.24,0,0,53.8,0,29.596605,0,0,0,0.0002796649932861328,257.1503262412548,2.32436514,2.3243651390075684,9.059906005859375e-05,False,,220,type:unknown|arch:Unknown|lambda:False|mem:unknown,False,,stage1,0,2.8777125531976875,4.289366982199929e-05,48.0,24.0,0,0.0,0,0.0,0,0.003150874918157404,11,82.66636363636364,0,0,355.6454545454545,0,255.02100281818178,0,0,0,0.0023610591888427734,2447.065669034124,19.350445117272727,19.350445118817415,0.0007469220594926314,6
x86,0,0.6147225026960497,7.400264987697849e-06,8.0,4.0,0,0.0,0,0.0,0,0.0005663710755187195,14.813116883116882,0,0,65.24285714285715,0,46.349758870129875,0,0,0,0.00042119583526214994,439.22650237492155,3.2241002679220783,3.224100267732298,0.00013777497526887175,,type:unknown|arch:Unknown|lambda:False|mem:unknown,NA,4.31768460707231e-07,0.000762342003979969,4,x86_64,Intel(R) Core(TM) i7-10510U CPU @ 1.80GHz,False,,video,video_stage1_local_512_x86_analysis.json,0,1.1499276161193848,1.2159347534179688e-05,8,4,0,0.0,0,0.0,0,0.00042119583526214994,20.28,0,0,96.7,0,59.597623,0,0,0,0.0006794929504394531,583.7673690032959,3.37870622,3.378706216812134,0.0002300739288330078,"perf, rapl, null, psutil",512,0,0.29205918312072754,4.5299530029296875e-06,8,4,0,0.0,0,0.0,0,7.400264987697849e-06,9.43,0,0,53.8,0,29.76524,0,0,0,0.00027060508728027344,281.26967227935785,2.32447839,2.3244783878326416,8.749961853027344e-05,False,,220,type:unknown|arch:Unknown|lambda:False|mem:unknown,False,,stage1,0,4.303057518872348,5.180185491388494e-05,56.0,28.0,0,0.0,0,0.0,0,0.003964597528631037,11,103.69181818181818,0,0,456.70000000000005,0,324.4483120909091,0,0,0,0.0029483708468350496,3074.585516624451,22.568701875454547,22.568701874126088,0.0009644248268821023,7
x86,0,0.6217190406539224,7.632103833285244e-06,8.0,4.0,0,0.0,0,0.0,0,0.0005789480426094749,15.014545454545454,0,0,60.304545454545455,0,47.00236417045455,0,0,0,0.00043306296521967107,443.8162563220411,3.216661277272727,3.216661277142438,0.00013825297355651855,,type:unknown|arch:Unknown|lambda:False|mem:unknown,NA,5.089086836034601e-07,0.0008790230662317666,4,x86_64,Intel(R) Core(TM) i7-10510U CPU @ 1.80GHz,False,,video,video_stage1_local_512_x86_analysis.json,0,0.9875719547271729,1.4543533325195312e-05,8,4,0,0.0,0,0.0,0,0.00043306296521967107,20.79,0,0,77.8,0,59.134859,0,0,0,0.0012676715850830078,534.1640231013298,3.34036255,3.340362548828125,0.0002422332763671875,"perf, rapl, null, psutil",512,0,0.29718947410583496,5.0067901611328125e-06,8,4,0,0.0,0,0.0,0,7.632103833285244e-06,9.94,0,0,47.3,0,33.250584,0,0,0,0.00027179718017578125,245.38033856749536,2.30965185,2.3096518516540527,8.654594421386719e-05,False,,220,type:unknown|arch:Unknown|lambda:False|mem:unknown,False,,stage1,0,4.973752325231379,6.105683066628195e-05,64.0,32.0,0,0.0,0,0.0,0,0.004631584340875799,11,120.11636363636363,0,0,482.43636363636364,0,376.0189133636364,0,0,0,0.0034645037217573686,3550.530050576329,25.733290218181818,25.733290217139505,0.0011060237884521484,8
x86,0,0.9985629332185996,8.144763985065498e-06,8.0,4.0,0,0.0,0,0.0,0,0.000608523686726888,14.851111111111111,0,0,66.7939393939394,0,46.65077450505051,0,0,0,0.00045101329533740725,454.7722685869535,3.2623603869696973,3.2623603873782687,0.00014936562740441525,,type:unknown|arch:Unknown|lambda:False|mem:unknown,NA,6.109794703396885e-07,0.0010040356417775776,4,x86_64,Intel(R) Core(TM) i7-10510U CPU @ 1.80GHz,False,,video,video_stage1_local_512_x86_analysis.json,0,4.4131410121917725,2.3365020751953125e-05,8,4,0,0.0,0,0.0,0,0.00045101329533740725,22.06,0,0,100.0,0,63.838339,0,0,0,0.0012867450714111328,568.4578085446358,3.36638212,3.366382122039795,0.0002372264862060547,"perf, rapl, null, psutil",512,0,0.30697059631347656,5.0067901611328125e-06,8,4,0,0.0,0,0.0,0,8.144763985065498e-06,7.01,0,0,49.0,0,23.568358,0,0,0,0.0002734661102294922,270.1052571922541,2.30943084,2.3094308376312256,8.749961853027344e-05,False,,220,type:unknown|arch:Unknown|lambda:False|mem:unknown,False,,stage1,0,8.987066398967396,7.330287586558948e-05,72.0,36.0,0,0.0,0,0.0,0,0.005476713180541991,11,133.66,0,0,601.1454545454545,0,419.85697054545454,0,0,0,0.004059119658036665,4092.9504172825814,29.361243482727275,29.36124348640442,0.0013442906466397371,9
x86,0,1.2602906552228061,8.006529374556107e-06,8.0,4.0,0,0.0,0,0.0,0,0.0006783333691683682,14.191999999999998,0,0,67.59454545454545,0,44.540203454545455,0,0,0,0.0005146156657825817,458.3907053733468,3.238921661909091,3.2389216618104415,0.00015571117401123047,,type:unknown|arch:Unknown|lambda:False|mem:unknown,NA,6.673442233692516e-07,0.0009837997859185532,4,x86_64,Intel(R) Core(TM) i7-10510U CPU @ 1.80GHz,False,,video,video_stage1_local_512_x86_analysis.json,0,4.372148513793945,1.5974044799804688e-05,8,4,0,0.0,0,0.0,0,0.0005146156657825817,21.03,0,0,100.0,0,62.85848,0,0,0,0.008375406265258789,662.8967006468773,3.35517025,3.355170249938965,0.000997781753540039,"perf, rapl, null, psutil",512,0,0.3624303340911865,4.0531158447265625e-06,8,4,0,0.0,0,0.0,0,8.006529374556107e-06,6.94,0,0,49.4,0,23.256045,0,0,0,0.0002467632293701172,242.95075972795485,2.29524302,2.29524302482605,7.677078247070312e-05,False,,220,type:unknown|arch:Unknown|lambda:False|mem:unknown,False,,stage1,0,12.602906552228061,8.006529374556106e-05,80.0,40.0,0,0.0,0,0.0,0,0.0067833336916836824,11,141.92,0,0,675.9454545454546,0,445.40203454545457,0,0,0,0.005146156657825817,4583.907053733468,32.38921661909091,32.38921661810441,0.0015571117401123047,10
x86,0,1.831466960184502,7.949092171408914e-06,8.0,4.0,0,0.0,0,0.0,0,0.000610723639979507,13.754166666666666,0,0,70.03333333333333,0,43.43781834090909,0,0,0,0.0004588708733067368,461.5851371853053,3.236260843939394,3.236260843999458,0.00014390367450136128,,type:unknown|arch:Unknown|lambda:False|mem:unknown,NA,7.950681989843197e-07,0.0013018461165364393,4,x86_64,Intel(R) Core(TM) i7-10510U CPU @ 1.80GHz,False,,video,video_stage1_local_512_x86_analysis.json,0,4.8983213901519775,1.8596649169921875e-05,8,4,0,0.0,0,0.0,0,0.0004588708733067368,19.5,0,0,100.0,0,63.407796,0,0,0,0.0035953521728515625,669.3574882501365,3.3678596,3.3678596019744873,0.00029659271240234375,"perf, rapl, null, psutil",512,0,0.307281494140625,4.5299530029296875e-06,8,4,0,0.0,0,0.0,0,7.949092171408914e-06,7.89,0,0,52.6,0,26.154047,0,0,0,0.00027942657470703125,249.7228958082199,2.26540065,2.2654006481170654,8.678436279296875e-05,False,,220,type:unknown|arch:Unknown|lambda:False|mem:unknown,False,,stage1,0,21.977603522214025,9.538910605690697e-05,96.0,48.0,0,0.0,0,0.0,0,0.007328683679754084,11,165.05,0,0,840.4,0,521.2538200909091,0,0,0,0.0055064504796808415,5539.021646223664,38.83513012727273,38.835130127993494,0.0017268440940163355,12
x86,0,2.756617093628103,8.205121213739568e-06,8.0,4.0,0,0.0,0,0.0,0,0.0006170719861984253,13.727840909090908,0,0,74.08806818181819,0,43.73300686931818,0,0,0,0.0004581253636967052,462.53741498477757,3.2372544660227276,3.2372544665228236,0.00015074150128798053,,type:unknown|arch:Unknown|lambda:False|mem:unknown,NA,1.0942349650643088e-06,0.0017732695528855967,4,x86_64,Intel(R) Core(TM) i7-10510U CPU @ 1.80GHz,False,,video,video_stage1_local_512_x86_analysis.json,0,5.644375324249268,1.9311904907226562e-05,8,4,0,0.0,0,0.0,0,0.0004581253636967052,21.03,0,0,100.0,0,63.441915,0,0,0,0.00079345703125,696.2769555294515,3.4017415,3.4017415046691895,0.0002429485321044922,"perf, rapl, null, psutil",512,0,0.38988685607910156,4.76837158203125e-06,8,4,0,0.0,0,0.0,0,8.205121213739568e-06,8.76,0,0,54.9,0,29.178025,0,0,0,0.00029587745666503906,254.158808965683,2.32623672,2.3262367248535156,9.298324584960938e-05,False,,220,type:unknown|arch:Unknown|lambda:False|mem:unknown,False,,stage1,0,44.10587349804965,0.0001312819394198331,128.0,64.0,0,0.0,0,0.0,0,0.009873151779174805,11,219.64545454545453,0,0,1185.409090909091,0,699.7281099090909,0,0,0,0.0073300058191472835,7400.598639756441,51.79607145636364,51.79607146436518,0.0024118640206076884,16
x86,0,3.6981592438437723,7.961013100363991e-06,8.0,4.0,0,0.0,0,0.0,0,0.0006152684038335627,13.598954545454545,0,0,75.42,0,43.33811319545455,0,0,0,0.00044780752875588157,464.1037332641482,3.2396082377272726,3.239608237960122,0.00015949986197731712,,type:unknown|arch:Unknown|lambda:False|mem:unknown,NA,1.3271008838306775e-06,0.002156946262089665,4,x86_64,Intel(R) Core(TM) i7-10510U CPU @ 1.80GHz,False,,video,video_stage1_local_512_x86_analysis.json,0,9.322198629379272,1.9311904907226562e-05,8,4,0,0.0,0,0.0,0,0.00044780752875588157,27.42,0,0,100.0,0,82.865268,0,0,0,0.0012679100036621094,705.1732704782486,3.38046312,3.380463123321533,0.0032205581665039062,"perf, rapl, null, psutil",512,0,0.2931210994720459,4.5299530029296875e-06,8,4,0,0.0,0,0.0,0,7.961013100363991e-06,7.38,0,0,53.8,0,24.124877,0,0,0,0.00027823448181152344,249.17027881622317,2.29653764,2.2965376377105713,8.797645568847656e-05,False,,220,type:unknown|arch:Unknown|lambda:False|mem:unknown,False,,stage1,0,73.96318487687545,0.00015922026200727981,160.0,80.0,0,0.0,0,0.0,0,0.012305368076671253,11,271.97909090909087,0,0,1508.4,0,866.762263909091,0,0,0,0.008956150575117632,9282.074665282964,64.79216475454545,64.79216475920244,0.0031899972395463424,20
x86,0,4.650126766074788,8.350068872625178e-06,8.0,4.0,0,0.0,0,0.0,0,0.0006384325749946363,13.599583333333333,0,0,75.8155303030303,0,43.520308643939394,0,0,0,0.00047631065050760907,465.6952221304178,3.2394925361742426,3.2394925355911255,0.00015377185561440208,,type:unknown|arch:Unknown|lambda:False|mem:unknown,NA,1.6703477772799407e-06,0.0026163260502394853,4,x86_64,Intel(R) Core(TM) i7-10510U CPU @ 1.80GHz,False,,video,video_stage1_local_512_x86_analysis.json,0,10.029673337936401,1.8835067749023438e-05,8,4,0,0.0,0,0.0,0,0.00047631065050760907,22.16,0,0,100.0,0,72.453306,0,0,0,0.0032317638397216797,724.9121430385112,3.41702485,3.417024850845337,0.00028514862060546875,"perf, rapl, null, psutil",512,0,0.34845471382141113,4.5299530029296875e-06,8,4,0,0.0,0,0.0,0,8.350068872625178e-06,8.64,0,0,53.9,0,28.384936,0,0,0,0.00028324127197265625,245.23288155496127,2.31849122,2.318491220474243,9.012222290039062e-05,False,,220,type:unknown|arch:Unknown|lambda:False|mem:unknown,False,,stage1,0,111.60304238579491,0.00020040165294300425,192.0,96.0,0,0.0,0,0.0,0,0.015322381799871271,11,326.39,0,0,1819.5727272727272,0,1044.4874074545455,0,0,0,0.011431455612182617,11176.685331130027,77.74782086818182,77.74782085418701,0.0036905245347456503,24
x86,0,5.636160064053226,8.667444253896738e-06,8.0,4.0,0,0.0,0,0.0,0,0.0006945713773950353,13.88237012987013,0,0,81.987987012987,0,44.20216235714285,0,0,0,0.0005097931081598455,484.9803839400198,3.228553566948052,3.228553566839788,0.00017611082498129312,,type:unknown|arch:Unknown|lambda:False|mem:unknown,NA,2.022808139974421e-06,0.0029123113992414853,4,x86_64,Intel(R) Core(TM) i7-10510U CPU @ 1.80GHz,False,,video,video_stage1_local_512_x86_analysis.json,0,13.119702100753784,3.075599670410156e-05,8,4,0,0.0,0,0.0,0,0.0005097931081598455,27.48,0,0,100.0,0,81.209997,0,0,0,0.003943681716918945,735.5300931930541,3.40209889,3.4020988941192627,0.0032744407653808594,"perf, rapl, null, psutil",512,0,0.2825591564178467,4.0531158447265625e-06,8,4,0,0.0,0,0.0,0,8.667444253896738e-06,8.44,0,0,56.0,0,27.358084,0,0,0,0.0002377033233642578,265.4780279636382,2.29810572,2.2981057167053223,7.700920104980469e-05,False,,220,type:unknown|arch:Unknown|lambda:False|mem:unknown,False,,stage1,0,157.81248179349032,0.00024268843910910868,224.0,112.0,0,0.0,0,0.0,0,0.01944799856706099,11,388.7063636363637,0,0,2295.663636363636,0,1237.6605459999998,0,0,0,0.014274207028475674,13579.450750320555,90.39949987454546,90.39949987151405,0.004931103099476208,28
arm,0,2.9768045635136917,5.870146298270508,2.0,0.0,0,0.0,0,0.0,0,8.376857157712195,0.0,0,0,0.9375,0,0.0,0,0,0,0.9957319992361747,161.16906232171564,14.07416756875,14.101231059039023,1.5109788602055119,,type:lambda-function|arch:aarch64|lambda:True|mem:512,aws,0.15661550323785714,0.018696212707133047,4,aarch64,aarch64,False,,ml,ml_stage0_aws_512Mb_arm_analysis.json,0,4.930683954129084,6.416901358775017,2,0,0,0.0,0,0.0,0,5.870146298270508,0.0,0,0,3.8,0,0.0,0,0,0,1.1827918227514926,172.57377545274045,15.3349391,15.364205168410114,1.7892492376541178,"null, null, null, psutil",512,0,2.2434489727020264,5.375610469272096,2,0,0,0.0,0,0.0,0,0.9957319992361747,0.0,0,0,0.0,0,0.0,0,0,0,0.8719187758512225,143.75533390890755,13.2036748,13.165591179702071,1.2855636906094858,False,,100,type:lambda-function|arch:aarch64|lambda:True|mem:512,False,,stage0,0,11.907218254054767,23.48058519308203,8.0,0.0,0,0.0,0,0.0,0,33.50742863084878,16,0.0,0,0,3.75,0,0.0,0,0,0,3.982927996944699,644.6762492868626,56.296670275,56.40492423615609,6.0439154408220475,4
arm,0,2.793608986454382,5.691862250878313,2.0,0.0,0,0.0,0,0.0,0,8.110092393220997,0.0,0,0,0.925,0,0.0,0,0,0,0.9522836172381067,157.46427618589053,13.728845336875,13.699592897905408,1.4659465251045773,,type:lambda-function|arch:aarch64|lambda:True|mem:512,aws,0.18982360606679174,0.023405850003072725,4,aarch64,aarch64,False,,ml,ml_stage0_aws_512Mb_arm_analysis.json,0,4.192656185941928,6.347067219009759,2,0,0,0.0,0,0.0,0,5.691862250878313,0.0,0,0,3.7,0,0.0,0,0,0,1.1682974784396096,173.5171612939879,15.0115391,14.890772104263306,1.7927625179290771,"null, null, null, psutil",512,0,2.296774603938557,5.44005560874939,2,0,0,0.0,0,0.0,0,0.9522836172381067,0.0,0,0,0.0,0,0.0,0,0,0,0.8008683761525212,144.0017254734367,13.27604008,13.02706888742854,1.307002104599585,False,,100,type:lambda-function|arch:aarch64|lambda:True|mem:512,False,,stage0,0,13.96804493227191,28.459311254391565,10.0,0.0,0,0.0,0,0.0,0,40.55046196610498,16,0.0,0,0,4.625,0,0.0,0,0,0,4.761418086190534,787.3213809294526,68.644226684375,68.49796448952704,7.329732625522887,5
arm,0,2.6118623880272263,5.5659046577082085,2.0,0.0,0,0.0,0,0.0,0,7.9061285751814765,0.0,0,0,0.2375,0,0.0,0,0,0,0.8752263173275394,159.6465157947119,13.4312500725,13.455213414551773,1.4649976001457292,,type:lambda-function|arch:aarch64|lambda:True|mem:512,aws,0.22274750440148247,0.028174030093656748,4,aarch64,aarch64,False,,ml,ml_stage0_aws_512Mb_arm_analysis.json,0,2.8810139231362406,5.720547199249268,2,0,0,0.0,0,0.0,0,5.5659046577082085,0.0,0,0,1.9,0,0.0,0,0,0,0.9146637916564941,172.81380810207787,14.59148518,14.263575315475464,1.8780901432037354,"null, null, null, psutil",512,0,2.3325798511505127,5.384401421636766,2,0,0,0.0,0,0.0,0,0.8752263173275394,0.0,0,0,0.0,0,0.0,0,0,0,0.8478269527393952,148.1971846010755,13.00677908,13.145996584140125,1.267329216003418,False,,100,type:lambda-function|arch:aarch64|lambda:True|mem:512,False,,stage0,0,15.671174328163357,33.39542794624925,12.0,0.0,0,0.0,0,0.0,0,47.43677145108886,16,0.0,0,0,1.4249999999999998,0,0.0,0,0,0,5.2513579039652365,957.8790947682713,80.587500435,80.73128048731064,8.789985600874376,6
arm,0,2.3997213771770536,5.560912881837067,2.0,0.0,0,0.0,0,0.0,0,8.009864660978726,0.0,0,0,0.69375,0,0.0,0,0,0,0.9980042516915694,162.5075943109229,13.376110441875,13.448274593197823,1.4509475274500903,,type:lambda-function|arch:aarch64|lambda:True|mem:512,aws,0.2596390224529726,0.03241490754742007,4,aarch64,aarch64,False,,ml,ml_stage0_aws_512Mb_arm_analysis.json,0,2.746506929397583,5.96001935005188,2,0,0,0.0,0,0.0,0,5.560912881837067,0.0,0,0,3.7,0,0.0,0,0,0,1.2649020940068532,170.92548122406006,13.8100493,14.19407011507095,1.791787780866074,"null, null, null, psutil",512,0,2.1888720989227295,5.349958131473942,2,0,0,0.0,0,0.0,0,0.9980042516915694,0.0,0,0,0.0,0,0.0,0,0,0,0.8367771464213721,152.23271839673328,12.5185919,12.511934779307433,1.253966664880029,False,,100,type:lambda-function|arch:aarch64|lambda:True|mem:512,False,,stage0,0,16.798049640239377,38.92639017285946,14.0,0.0,0,0.0,0,0.0,0,56.06905262685108,16,0.0,0,0,4.85625,0,0.0,0,0,0,6.986029761840985,1137.5531601764603,93.632773093125,94.13792215238476,10.156632692150632,7
arm,0,2.734617722231393,5.592642024472445,2.0,0.0,0,0.0,0,0.0,0,8.084814030768806,0.0,0,0,0.93125,0,0.0,0,0,0,1.0050181059540142,160.4771403393602,13.582921143125,13.586029615478779,1.4871539003423466,,type:lambda-function|arch:aarch64|lambda:True|mem:512,aws,0.29842337842584965,0.03691159466255178,4,aarch64,aarch64,False,,ml,ml_stage0_aws_512Mb_arm_analysis.json,0,4.346894517123682,5.983998225185494,2,0,0,0.0,0,0.0,0,5.592642024472445,0.0,0,0,2.0,0,0.0,0,0,0,1.179856538772583,177.6170325360439,15.49390059,15.376495361328125,1.9929538060589491,"null, null, null, psutil",512,0,2.2178144454956055,5.209862970235356,2,0,0,0.0,0,0.0,0,1.0050181059540142,0.0,0,0,0.0,0,0.0,0,0,0,0.8015401223551933,143.0141972888993,12.60090732,12.809154033660889,1.285142479516352,False,,100,type:lambda-function|arch:aarch64|lambda:True|mem:512,False,,stage0,0,21.876941777851144,44.74113619577956,16.0,0.0,0,0.0,0,0.0,0,64.67851224615045,16,0.0,0,0,7.45,0,0.0,0,0,0,8.040144847632114,1283.8171227148816,108.663369145,108.68823692383023,11.897231202738773,8
arm,0,24.695424005514884,5.5492852071949255,2.0,0.0,0,0.0,0,0.0,0,8.0215626881624,0.0,0,0,0.8333333333333334,0,0.0,0,0,0,0.9096259340936341,157.88000467674524,13.524432394444444,13.459521684000926,1.5626515468738398,,type:lambda-function|arch:aarch64|lambda:True|mem:512,aws,0.3331235909879114,0.04152851556960458,4,aarch64,aarch64,False,,ml,ml_stage0_aws_512Mb_arm_analysis.json,0,200.40245920918886,5.878978252410889,2,0,0,0.0,0,0.0,0,5.5492852071949255,0.0,0,0,2.1,0,0.0,0,0,0,1.1733827590942383,172.317309587087,14.74757146,14.410268068313599,1.9869635105133057,"null, null, null, psutil",512,0,2.2783026695251465,5.3427600562309,2,0,0,0.0,0,0.0,0,0.9096259340936341,0.0,0,0,0.0,0,0.0,0,0,0,0.8390586376190186,148.24160024180992,12.82959723,12.605838312818536,1.3292603492736816,False,,100,type:lambda-function|arch:aarch64|lambda:True|mem:512,False,,stage0,0,222.25881604963396,49.94356686475433,18.0,0.0,0,0.0,0,0.0,0,72.1940641934616,18,0.0,0,0,7.5,0,0.0,0,0,0,8.186633406842708,1420.9200420907073,121.71989155,121.13569515600832,14.063863921864558,9
arm,0,2.6720647550583236,5.683189527530981,2.0,0.0,0,0.0,0,0.0,0,8.117743845106455,0.0,0,0,0.0,0,0.0,0,0,0,1.0156696296466783,161.37850063084554,13.367790299375,13.469603740642826,1.4188846879287946,,type:lambda-function|arch:aarch64|lambda:True|mem:512,aws,0.3790687414863165,0.04669631719345604,4,aarch64,aarch64,False,,ml,ml_stage0_aws_512Mb_arm_analysis.json,0,4.2102580070495605,5.868559166615768,2,0,0,0.0,0,0.0,0,5.683189527530981,0.0,0,0,0.0,0,0.0,0,0,0,1.181776762008667,169.49854753017425,14.46978498,14.81324039343991,1.6606576442718506,"null, null, null, psutil",512,0,2.138522572538481,5.5039286613464355,2,0,0,0.0,0,0.0,0,1.0156696296466783,0.0,0,0,0.0,0,0.0,0,0,0,0.8557150363922119,147.7933511696251,12.43747327,12.63977234481192,1.263548759517997,False,,100,type:lambda-function|arch:aarch64|lambda:True|mem:512,False,,stage0,0,26.720647550583237,56.83189527530981,20.0,0.0,0,0.0,0,0.0,0,81.17743845106455,16,0.0,0,0,0.0,0,0.0,0,0,0,10.156696296466784,1613.7850063084554,133.67790299375,134.69603740642827,14.188846879287947,10
arm,0,2.903866514749078,5.73047616896889,2.0,0.0,0,0.0,0,0.0,0,8.218479785038205,0.0,0,0,0.2222222222222222,0,0.0,0,0,0,0.9637873497641812,160.86874323190307,13.825721331666667,13.796351531221964,1.5242162663051344,,type:lambda-function|arch:aarch64|lambda:True|mem:512,aws,0.4586673125642699,0.05580926455514031,4,aarch64,aarch64,False,,ml,ml_stage0_aws_512Mb_arm_analysis.json,0,4.310600137221207,6.518980503082275,2,0,0,0.0,0,0.0,0,5.73047616896889,0.0,0,0,2.0,0,0.0,0,0,0,1.202143272698881,175.727321033527,15.11047677,15.233286174180805,1.8712243489197264,"null, null, null, psutil",512,0,2.2923217508190574,5.225995688704391,2,0,0,0.0,0,0.0,0,0.9637873497641812,0.0,0,0,0.0,0,0.0,0,0,0,0.8344211578347143,142.8698156496645,12.73665087,12.522473109955559,1.3330825461007412,False,,100,type:lambda-function|arch:aarch64|lambda:True|mem:512,False,,stage0,0,34.846398176988934,68.76571402762667,24.0,0.0,0,0.0,0,0.0,0,98.62175742045847,18,0.0,0,0,2.6666666666666665,0,0.0,0,0,0,11.565448197170175,1930.4249187828368,165.90865598,165.55621837466356,18.290595195661613,12
arm,0,2.977726733760571,5.7938638676412095,2.0,0.0,0,0.0,0,0.0,0,8.149777828164648,0.0,0,0,1.15,0,0.0,0,0,0,0.9163915648029872,166.2487550523723,13.839796265,13.845788652087522,1.4395223957204513,,type:lambda-function|arch:aarch64|lambda:True|mem:512,aws,0.6183211519546699,0.07586969424096772,4,aarch64,aarch64,False,,ml,ml_stage0_aws_512Mb_arm_analysis.json,0,4.3264665603637695,6.0385119915008545,2,0,0,0.0,0,0.0,0,5.7938638676412095,0.0,0,0,1.9,0,0.0,0,0,0,1.0589608662269852,179.29883945863412,14.38996315,14.447293443062797,1.7825187865819758,"null, null, null, psutil",512,0,2.205634355545044,5.409853186212186,2,0,0,0.0,0,0.0,0,0.9163915648029872,0.0,0,0,0.0,0,0.0,0,0,0,0.8363739840527612,153.12403440475464,12.93282476,13.249938249588013,1.2942528521957468,False,,100,type:lambda-function|arch:aarch64|lambda:True|mem:512,False,,stage0,0,47.64362774016914,92.70182188225935,32.0,0.0,0,0.0,0,0.0,0,130.39644525063437,16,0.0,0,0,18.4,0,0.0,0,0,0,14.662265036847796,2659.980080837957,221.43674024,221.53261843340036,23.03235833152722,16
arm,0,19.729165311887805,5.576064325721736,2.0,0.0,0,0.0,0,0.0,0,8.099988510422811,0.0,0,0,0.395,0,0.0,0,0,0,0.9804032806685814,163.28832004028484,13.376259389500001,13.384014084907772,1.5435209040324933,,type:lambda-function|arch:aarch64|lambda:True|mem:512,aws,0.7438469810512797,0.09183309088576122,4,aarch64,aarch64,False,,ml,ml_stage0_aws_512Mb_arm_analysis.json,0,174.94176524386097,5.932105377066619,2,0,0,0.0,0,0.0,0,5.576064325721736,0.0,0,0,2.0,0,0.0,0,0,0,1.4079964065857746,172.30377791858237,14.34598637,14.345986366271973,1.9081199169158936,"null, null, null, psutil",512,0,2.240208783344794,5.276795148849487,2,0,0,0.0,0,0.0,0,0.9804032806685814,0.0,0,0,0.0,0,0.0,0,0,0,0.8271803565032073,154.21553969000178,12.30745912,12.307459115982056,1.2856188788141825,False,,100,type:lambda-function|arch:aarch64|lambda:True|mem:512,False,,stage0,0,394.5833062377561,111.52128651443473,40.0,0.0,0,0.0,0,0.0,0,161.99977020845623,20,0.0,0,0,7.9,0,0.0,0,0,0,19.60806561337163,3265.766400805697,267.52518779,267.68028169815545,30.870418080649866,20
arm,0,2.3053868602540715,5.736800393876761,2.0,0.0,0,0.0,0,0.0,0,7.9974278292442165,0.0,0,0,0.2375,0,0.0,0,0,0,0.8947843865355779,169.96073827134995,13.36849749375,13.386533590746156,1.365843048831877,,type:lambda-function|arch:aarch64|lambda:True|mem:512,aws,0.9183470070517918,0.1148302962727178,4,aarch64,aarch64,False,,ml,ml_stage0_aws_512Mb_arm_analysis.json,0,2.4823834542576435,6.07626811025675,2,0,0,0.0,0,0.0,0,5.736800393876761,0.0,0,0,1.9,0,0.0,0,0,0,1.0038349628448486,185.45681953430176,14.26590919,14.682319800380103,1.489922034508216,"null, null, null, psutil",512,0,2.163878492288905,5.525324566839036,2,0,0,0.0,0,0.0,0,0.8947843865355779,0.0,0,0,0.0,0,0.0,0,0,0,0.83542799949646,160.0129453416308,12.40739296,12.346391817462399,1.2973967374974824,False,,100,type:lambda-function|arch:aarch64|lambda:True|mem:512,False,,stage0,0,55.32928464609772,137.68320945304225,48.0,0.0,0,0.0,0,0.0,0,191.9382679018612,16,0.0,0,0,5.699999999999999,0,0.0,0,0,0,21.47482527685387,4079.057718512399,320.84393985,321.27680617790776,32.780233171965044,24
arm,0,3.850289017341073,5.6212280916603525,2.0,0.0,0,0.0,0,0.0,0,8.476133779518412,0.0,0,0,1.6125,0,0.0,0,0,0,1.0494647431449646,161.00226037066693,14.4113104175,14.389640218074545,1.805440944713095,,type:lambda-function|arch:aarch64|lambda:True|mem:512,aws,1.0498205583984872,0.12385606288273271,4,aarch64,aarch64,False,,ml,ml_stage0_aws_512Mb_arm_analysis.json,0,4.74387001991272,5.895343321275927,2,0,0,0.0,0,0.0,0,5.6212280916603525,0.0,0,0,5.5,0,0.0,0,0,0,1.1556830698851799,171.54765042574914,15.91264868,16.2092650666666,2.8270702362060547,"null, null, null, psutil",512,0,2.223141059147172,5.340543985366821,2,0,0,0.0,0,0.0,0,1.0494647431449646,0.0,0,0,0.0,0,0.0,0,0,0,0.8930058479309082,152.93774746897978,12.80609751,12.570098309245697,1.4081736610698368,False,,100,type:lambda-function|arch:aarch64|lambda:True|mem:512,False,,stage0,0,107.80809248555005,157.39438656648986,56.0,0.0,0,0.0,0,0.0,0,237.33174582651552,16,0.0,0,0,45.15,0,0.0,0,0,0,29.38501280805901,4508.063290378674,403.51669168999996,402.90992610608725,50.55234645196666,28
arm,0,1.6156726907883432,45.266330080884536,2.0,0.0,0,0.0,0,0.0,0,46.60375896930945,0.0,0,0,2.4854166666666666,0,0.0,0,0,0,0.5978996127497617,1394.7037599302098,50.267661964375,49.91034251163643,0.7395292756751517,,type:lambda-function|arch:aarch64|lambda:True|mem:1024,aws,2.4154113731159987,0.051828681345353476,4,aarch64,aarch64,False,,ml,ml_stage1_aws_1024Mb_arm_analysis.json,0,1.7808964671860565,49.54499838807721,2,0,0,0.0,0,0.0,0,45.266330080884536,0.0,0,0,3.9,0,0.0,0,0,0,0.7230031490325928,1489.973958415619,54.53039497,54.477713206022784,1.1800060696411054,"null, null, null, psutil",1024,0,1.4941840766362382,43.04379053306523,2,0,0,0.0,0,0.0,0,0.5978996127497617,0.0,0,0,1.8,0,0.0,0,0,0,0.4766964912414551,1335.0837809956922,47.07590425,47.54336092578567,0.53340678741245,False,,100,type:lambda-function|arch:aarch64|lambda:True|mem:1024,False,,stage1,0,6.462690763153373,181.06532032353815,8.0,0.0,0,0.0,0,0.0,0,186.4150358772378,12,0.0,0,0,9.941666666666666,0,0.0,0,0,0,2.3915984509990467,5578.815039720839,201.0706478575,199.64137004654572,2.958117102700607,4
arm,0,1.607538319878056,44.93753927714533,2.0,0.0,0,0.0,0,0.0,0,46.24486348703242,0.0,0,0,2.03,0,0.0,0,0,0,0.5544456981838918,1375.666058529311,49.43523245083334,49.4800697845757,0.7528785117031932,,type:lambda-function|arch:aarch64|lambda:True|mem:1024,aws,2.9973338697855936,0.06481441707847359,4,aarch64,aarch64,False,,ml,ml_stage1_aws_1024Mb_arm_analysis.json,0,1.789673125494367,47.341443073925184,2,0,0,0.0,0,0.0,0,44.93753927714533,0.0,0,0,3.9,0,0.0,0,0,0,0.7378430725641104,1444.52891022069,52.10218768,51.628168706411,1.1278056496882998,"null, null, null, psutil",1024,0,1.4479233930312754,42.32370096781403,2,0,0,0.0,0,0.0,0,0.5544456981838918,0.0,0,0,0.0,0,0.0,0,0,0,0.452752861677245,1288.0089625676192,46.58890066,46.52403266423824,0.5333589398013834,False,,100,type:lambda-function|arch:aarch64|lambda:True|mem:1024,False,,stage1,0,8.03769159939028,224.68769638572667,10.0,0.0,0,0.0,0,0.0,0,231.2243174351621,12,0.0,0,0,10.149999999999999,0,0.0,0,0,0,2.772228490919459,6878.330292646555,247.17616225416668,247.4003489228785,3.764392558515966,5
arm,0,1.6345615072249207,44.87742000949581,2.0,0.0,0,0.0,0,0.0,0,46.27625151810241,0.0,0,0,1.9861111111111112,0,0.0,0,0,0,0.610516034662999,1380.7072194788382,49.69211239875,49.5349368129892,0.788315473943602,,type:lambda-function|arch:aarch64|lambda:True|mem:1024,aws,3.5919886975600446,0.07762056302583033,4,aarch64,aarch64,False,,ml,ml_stage1_aws_1024Mb_arm_analysis.json,0,1.861589597183947,48.62829417422497,2,0,0,0.0,0,0.0,0,44.87742000949581,0.0,0,0,3.9,0,0.0,0,0,0,0.8363550094521252,1451.5552236080173,54.35906261,54.2239298880441,1.3556382258785684,"null, null, null, psutil",1024,0,1.3330289603358243,42.7938396645826,2,0,0,0.0,0,0.0,0,0.610516034662999,0.0,0,0,0.0,0,0.0,0,0,0,0.4940066337585449,1307.3354720017187,46.73230242,46.85914859702214,0.5252439506714504,False,,100,type:lambda-function|arch:aarch64|lambda:True|mem:1024,False,,stage1,0,9.807369043349524,269.26452005697485,12.0,0.0,0,0.0,0,0.0,0,277.6575091086145,12,0.0,0,0,11.916666666666668,0,0.0,0,0,0,3.663096207977994,8284.24331687303,298.1526743925,297.2096208779352,4.729892843661612,6
arm,0,2.1554377669668323,44.992164208761835,2.0,0.0,0,0.0,0,0.0,0,46.166310376676904,0.0,0,0,1.901190476190476,0,0.0,0,0,0,0.5301840276643984,1383.7938256625973,49.692990384999995,49.80486320369491,0.6439621402506706,,type:lambda-function|arch:aarch64|lambda:True|mem:1024,aws,4.20136829381418,0.09100506970417761,4,aarch64,aarch64,False,,ml,ml_stage1_aws_1024Mb_arm_analysis.json,0,3.1886262638486014,49.01431290555982,2,0,0,0.0,0,0.0,0,44.992164208761835,0.0,0,0,3.9,0,0.0,0,0,0,0.6306563331381141,1460.6820999026302,52.37334479,52.2605402469635,0.8677897800088386,"null, null, null, psutil",1024,0,1.453948175548639,42.86106177421332,2,0,0,0.0,0,0.0,0,0.5301840276643984,0.0,0,0,0.0,0,0.0,0,0,0,0.4510991516044565,1315.8473525043646,46.96397305,47.07204395420858,0.5478695499602808,False,,100,type:lambda-function|arch:aarch64|lambda:True|mem:1024,False,,stage1,0,15.088064368767826,314.94514946133285,14.0,0.0,0,0.0,0,0.0,0,323.16417263673833,12,0.0,0,0,13.308333333333334,0,0.0,0,0,0,3.711288193650789,9686.556779638182,347.850932695,348.6340424258643,4.507734981754694,7
arm,0,1.9438315481027377,44.96751708154093,2.0,0.0,0,0.0,0,0.0,0,46.22152666797915,0.0,0,0,2.3505208333333334,0,0.0,0,0,0,0.5669868600912761,1382.5510182626376,49.69171124322917,49.68466829995891,0.687022726346941,,type:lambda-function|arch:aarch64|lambda:True|mem:1024,aws,4.7989334229420475,0.10382464121996647,4,aarch64,aarch64,False,,ml,ml_stage1_aws_1024Mb_arm_analysis.json,0,3.141155905515252,49.24413054134668,2,0,0,0.0,0,0.0,0,44.96751708154093,0.0,0,0,5.6,0,0.0,0,0,0,0.6781489849090576,1502.6150832203737,53.62938364,53.56151564687347,0.9885295909307389,"null, null, null, psutil",1024,0,1.3081683599908884,42.53508059515998,2,0,0,0.0,0,0.0,0,0.5669868600912761,0.0,0,0,1.8,0,0.0,0,0,0,0.45758791744469984,1310.6866010088768,46.79977019,47.09139279398995,0.5185755486188391,False,,100,type:lambda-function|arch:aarch64|lambda:True|mem:1024,False,,stage1,0,15.550652384821902,359.74013665232746,16.0,0.0,0,0.0,0,0.0,0,369.7722133438332,24,0.0,0,0,18.804166666666667,0,0.0,0,0,0,4.535894880730209,11060.408146101101,397.5336899458334,397.47734639967126,5.496181810775528,8
arm,0,1.9601815765963526,45.065820113378514,2.0,0.0,0,0.0,0,0.0,0,46.33657032873935,0.0,0,0,1.8912037037037037,0,0.0,0,0,0,0.5726264834960423,1380.2733156391537,49.71818713768519,49.80847130833649,0.6981237318647907,,type:lambda-function|arch:aarch64|lambda:True|mem:1024,aws,5.410602362812224,0.11676743281658901,4,aarch64,aarch64,False,,ml,ml_stage1_aws_1024Mb_arm_analysis.json,0,3.346929643612289,47.7727661941411,2,0,0,0.0,0,0.0,0,45.065820113378514,0.0,0,0,3.9,0,0.0,0,0,0,0.7178938388824463,1474.9265600046585,52.22774663,52.56918960545516,1.102635145187378,"null, null, null, psutil",1024,0,1.2921520186983881,43.00467878103681,2,0,0,0.0,0,0.0,0,0.5726264834960423,0.0,0,0,0.0,0,0.0,0,0,0,0.458423160258288,1301.641810810833,47.23520897,46.85276110043721,0.5083780945470195,False,,100,type:lambda-function|arch:aarch64|lambda:True|mem:1024,False,,stage1,0,17.641634189367174,405.5923810204066,18.0,0.0,0,0.0,0,0.0,0,417.02913295865415,24,0.0,0,0,17.020833333333332,0,0.0,0,0,0,5.15363835146438,12422.459840752383,447.4636842391667,448.27624177502844,6.2831135867831165,9
arm,0,1.9897586304678145,45.30356394946016,2.0,0.0,0,0.0,0,0.0,0,46.56656379530676,0.0,0,0,2.23875,0,0.0,0,0,0,0.5711690797381036,1392.104127568889,50.139699922249996,50.12982780014547,0.6918307661084984,,type:lambda-function|arch:aarch64|lambda:True|mem:1024,aws,6.043495430857986,0.1297818636011765,4,aarch64,aarch64,False,,ml,ml_stage1_aws_1024Mb_arm_analysis.json,0,3.1992315469609163,49.2029782938698,2,0,0,0.0,0,0.0,0,45.30356394946016,0.0,0,0,3.9,0,0.0,0,0,0,0.6795407054930688,1498.9790415340801,53.784225,54.0712399662873,0.9271624526998673,"null, null, null, psutil",1024,0,1.3077888488769531,43.02984841915374,2,0,0,0.0,0,0.0,0,0.5711690797381036,0.0,0,0,0.0,0,0.0,0,0,0,0.448417879350684,1314.2771724040037,46.78035019,47.37945405009782,0.5217060349461642,False,,100,type:lambda-function|arch:aarch64|lambda:True|mem:1024,False,,stage1,0,19.897586304678146,453.03563949460164,20.0,0.0,0,0.0,0,0.0,0,465.66563795306763,24,0.0,0,0,22.3875,0,0.0,0,0,0,5.711690797381036,13921.04127568889,501.39699922249997,501.2982780014547,6.918307661084984,10
arm,0,2.2911243489461013,45.15889807838918,2.0,0.0,0,0.0,0,0.0,0,46.50450278352219,0.0,0,0,2.0305555555555554,0,0.0,0,0,0,0.5885352320665433,1384.114137011915,49.92238261041667,49.91956586927562,0.7570694730664692,,type:lambda-function|arch:aarch64|lambda:True|mem:1024,aws,7.229036404388539,0.15544809581213248,4,aarch64,aarch64,False,,ml,ml_stage1_aws_1024Mb_arm_analysis.json,0,3.1489792132241434,48.31396830926148,2,0,0,0.0,0,0.0,0,45.15889807838918,0.0,0,0,3.9,0,0.0,0,0,0,0.814256606593673,1501.2101604556415,53.95884137,52.84635493585284,1.483103863557658,"null, null, null, psutil",1024,0,1.3883154392242432,43.01896112590193,2,0,0,0.0,0,0.0,0,0.5885352320665433,0.0,0,0,0.0,0,0.0,0,0,0,0.468196080718839,1322.273371949113,47.13773729,47.12206861878245,0.542368853519751,False,,100,type:lambda-function|arch:aarch64|lambda:True|mem:1024,False,,stage1,0,27.493492187353215,541.9067769406702,24.0,0.0,0,0.0,0,0.0,0,558.0540334022663,12,0.0,0,0,24.366666666666667,0,0.0,0,0,0,7.06242278479852,16609.369644142982,599.068591325,599.0347904313074,9.084833676797631,12
arm,0,2.513914295653048,45.32260641103442,2.0,0.0,0,0.0,0,0.0,0,46.66793965803468,0.0,0,0,2.0395833333333333,0,0.0,0,0,0,0.5894487919955556,1391.449866453162,50.24398177829861,50.195030572105324,0.7558844550047069,,type:lambda-function|arch:aarch64|lambda:True|mem:1024,aws,9.673657112371187,0.20728699795311623,4,aarch64,aarch64,False,,ml,ml_stage1_aws_1024Mb_arm_analysis.json,0,3.223877552530714,49.32054164557334,2,0,0,0.0,0,0.0,0,45.32260641103442,0.0,0,0,5.7,0,0.0,0,0,0,0.700332270283737,1513.0607456987198,54.16055765,54.89537867387402,1.69444559844826,"null, null, null, psutil",1024,0,1.4776515164269,42.58286637624241,2,0,0,0.0,0,0.0,0,0.5894487919955556,0.0,0,0,0.0,0,0.0,0,0,0,0.4724344763354538,1277.5274163289012,47.58279277,46.58484106871569,0.5228621638898615,False,,100,type:lambda-function|arch:aarch64|lambda:True|mem:1024,False,,stage1,0,40.22262873044877,725.1617025765507,32.0,0.0,0,0.0,0,0.0,0,746.6870345285549,18,0.0,0,0,32.63333333333333,0,0.0,0,0,0,9.431180671928889,22263.197863250592,803.9037084527778,803.1204891536852,12.09415128007531,16
arm,0,1.8452814644017403,45.496021780197715,2.0,0.0,0,0.0,0,0.0,0,46.873529148941515,0.0,0,0,1.93275,0,0.0,0,0,0,0.710044184606183,1395.6664473197882,50.371884278225,50.3113137775693,0.6674631841376174,,type:lambda-function|arch:aarch64|lambda:True|mem:1024,aws,12.13833861095675,0.25895934936725057,4,aarch64,aarch64,False,,ml,ml_stage1_aws_1024Mb_arm_analysis.json,0,3.258765652856579,49.3220702902532,2,0,0,0.0,0,0.0,0,45.496021780197715,0.0,0,0,5.7,0,0.0,0,0,0,1.70004681619797,1516.5383460933947,54.44728496,54.54386265056773,1.191774904823906,"null, null, null, psutil",1024,0,1.334257205610606,43.01970465508165,2,0,0,0.0,0,0.0,0,0.6674631841376174,0.0,0,0,0.0,0,0.0,0,0,0,0.4516926576689476,1321.7295837499628,47.49097764,47.76667865761202,0.4690849032376726,False,,100,type:lambda-function|arch:aarch64|lambda:True|mem:1024,False,,stage1,0,36.90562928803481,909.9204356039543,40.0,0.0,0,0.0,0,0.0,0,937.4705829788303,20,0.0,0,0,38.655,0,0.0,0,0,0,14.20088369212366,27913.328946395763,1007.4376855644999,1006.226275551386,13.349263682752348,20
arm,0,3.527415386783566,45.339826654976335,2.0,0.0,0,0.0,0,0.0,0,46.82916329661454,0.0,0,0,2.243627450980392,0,0.0,0,0,0,0.7179543934479774,1391.8450765784016,50.16119239605392,50.15057995546747,0.771382248190226,,type:lambda-function|arch:aarch64|lambda:True|mem:1024,aws,14.515998901857225,0.3099777548856322,4,aarch64,aarch64,False,,ml,ml_stage1_aws_1024Mb_arm_analysis.json,0,66.40269602895394,49.68835372634227,2,0,0,0.0,0,0.0,0,45.339826654976335,0.0,0,0,5.8,0,0.0,0,0,0,1.4145519548518408,1527.5743006509367,54.92870768,55.20602210041147,1.2583071063109132,"null, null, null, psutil",1024,0,1.2595343508018975,41.8668196235249,2,0,0,0.0,0,0.0,0,0.7179543934479774,0.0,0,0,0.0,0,0.0,0,0,0,0.4217026446208603,1273.6027469904832,46.42399846,45.95385625012682,0.5073981250522133,False,,100,type:lambda-function|arch:aarch64|lambda:True|mem:1024,False,,stage1,0,84.65796928280558,1088.1558397194322,48.0,0.0,0,0.0,0,0.0,0,1123.899919118749,17,0.0,0,0,53.84705882352941,0,0.0,0,0,0,17.230905442751457,33404.28183788164,1203.868617505294,1203.6139189312194,18.513173956565424,24
arm,0,3.8379699987353857,45.267406988879145,2.0,0.0,0,0.0,0,0.0,0,46.5566514795145,0.0,0,0,1.867678571428571,0,0.0,0,0,0,0.6339468466517768,1392.6371966208612,50.457488369946425,50.47455503182702,0.6552976439835803,,type:lambda-function|arch:aarch64|lambda:True|mem:1024,aws,16.908281858486138,0.3631765026298335,4,aarch64,aarch64,False,,ml,ml_stage1_aws_1024Mb_arm_analysis.json,0,66.01494506832078,49.62032849645525,2,0,0,0.0,0,0.0,0,45.267406988879145,0.0,0,0,5.7,0,0.0,0,0,0,1.1478123664855957,1535.3735843070328,59.415244,58.311004400253296,1.0481803213912497,"null, null, null, psutil",1024,0,1.2881675022644,41.25550556827,2,0,0,0.0,0,0.0,0,0.6339468466517768,0.0,0,0,0.0,0,0.0,0,0,0,0.46586768600794004,1279.5537975751818,46.00135144,45.79770346119016,0.5109002460994587,False,,100,type:lambda-function|arch:aarch64|lambda:True|mem:1024,False,,stage1,0,107.4631599645908,1267.487395688616,56.0,0.0,0,0.0,0,0.0,0,1303.586241426406,20,0.0,0,0,52.29499999999999,0,0.0,0,0,0,17.75051170624975,38993.841505384116,1412.8096743585,1413.2875408911566,18.348334031540247,28
arm,0,0.593653529882431,13.405992776155472,2.0,0.0,0,0.0,0,0.0,0,23.244409382343292,0.0,0,0,3.0749999999999997,0,0.0,0,0,0,6.809094488620758,491.00719718039034,25.5025384425,25.502538442611694,3.0293221175670624,,type:lambda-function|arch:aarch64|lambda:True|mem:1024,aws,0.7153437745356559,0.03077487419745063,4,aarch64,aarch64,False,,video,video_stage3_aws_1024Mb_arm_analysis.json,0,0.773409366607666,23.25571584701538,2,0,0,0.0,0,0.0,0,13.405992776155472,0.0,0,0,5.6,0,0.0,0,0,0,12.42479419708252,818.0547013878822,43.62958407,43.629584074020386,5.387257099151611,"null, null, null, psutil",1024,0,0.44388771057128906,11.816712617874146,2,0,0,0.0,0,0.0,0,3.0293221175670624,0.0,0,0,1.9,0,0.0,0,0,0,5.515992164611816,437.15520439147946,22.53377342,22.53377342224121,2.41052508354187,False,,100,type:lambda-function|arch:aarch64|lambda:True|mem:1024,False,,stage3,0,2.374614119529724,53.62397110462189,8.0,0.0,0,0.0,0,0.0,0,92.97763752937317,8,0.0,0,0,12.299999999999999,0,0.0,0,0,0,27.236377954483032,1964.0287887215613,102.01015377,102.01015377044678,12.11728847026825,4
arm,0,0.6122823128333459,13.411843850062443,2.0,0.0,0,0.0,0,0.0,0,23.571737509507397,0.0,0,0,2.523076923076923,0,0.0,0,0,0,7.011625858453604,491.4972435584435,25.777863483076924,25.777863484162552,3.1482678009913516,,type:lambda-function|arch:aarch64|lambda:True|mem:1024,aws,0.8945699847991648,0.037950956497727416,4,aarch64,aarch64,False,,video,video_stage3_aws_1024Mb_arm_analysis.json,0,0.8314743041992188,35.16994857788086,2,0,0,0.0,0,0.0,0,13.411843850062443,0.0,0,0,3.8,0,0.0,0,0,0,18.24787473678589,1189.5982862472533,64.65208077,64.65208077430725,9.491138935089111,"null, null, null, psutil",1024,0,0.4307060241699219,1.4781951904296875e-05,2,0,0,0.0,0,0.0,0,3.1482678009913516,0.0,0,0,1.9,0,0.0,0,0,0,0.195845365524292,55.63906313180924,2.48944354,2.48944354057312,0.1569209098815918,False,,100,type:lambda-function|arch:aarch64|lambda:True|mem:1024,False,,stage3,0,3.0614115641667294,67.05921925031221,10.0,0.0,0,0.0,0,0.0,0,117.85868754753699,13,0.0,0,0,12.615384615384615,0,0.0,0,0,0,35.05812929226802,2457.4862177922173,128.88931741538462,128.88931742081274,15.741339004956759,5
arm,0,0.6088477571805319,12.32038414478302,2.0,0.0,0,0.0,0,0.0,0,21.314687490463257,0.0,0,0,2.125,0,0.0,0,0,0,6.230339566866557,458.3699617971976,23.674642105833332,23.674642105897266,2.76396377881368,,type:lambda-function|arch:aarch64|lambda:True|mem:1024,aws,0.986123546948433,0.0462649779589614,4,aarch64,aarch64,False,,video,video_stage3_aws_1024Mb_arm_analysis.json,0,1.3339972496032715,16.304538011550903,2,0,0,0.0,0,0.0,0,12.32038414478302,0.0,0,0,3.8,0,0.0,0,0,0,7.69270658493042,589.2436499595641,30.06345153,30.063451528549194,3.431586503982544,"null, null, null, psutil",1024,0,0.47028374671936035,11.788750410079956,2,0,0,0.0,0,0.0,0,2.76396377881368,0.0,0,0,1.9,0,0.0,0,0,0,5.248823642730713,432.50492247343067,22.21042204,22.210422039031982,2.399956703186035,False,,100,type:lambda-function|arch:aarch64|lambda:True|mem:1024,False,,stage3,0,3.653086543083191,73.92230486869812,12.0,0.0,0,0.0,0,0.0,0,127.88812494277954,12,0.0,0,0,12.75,0,0.0,0,0,0,37.38203740119934,2750.2197707831856,142.047852635,142.0478526353836,16.58378267288208,6
arm,0,0.5496494174003601,11.986460149288177,2.0,0.0,0,0.0,0,0.0,0,20.664324084917702,0.0,0,0,2.1083333333333334,0,0.0,0,0,0,5.9307466348012285,444.5254095772902,23.010197261666665,23.01019726196925,2.747117300828298,,type:lambda-function|arch:aarch64|lambda:True|mem:1024,aws,1.1192956487405301,0.054165606585577696,4,aarch64,aarch64,False,,video,video_stage3_aws_1024Mb_arm_analysis.json,0,0.6982855796813965,12.3427414894104,2,0,0,0.0,0,0.0,0,11.986460149288177,0.0,0,0,3.8,0,0.0,0,0,0,6.775856018066406,457.88304138183594,24.29693532,24.296935319900513,3.301129102706909,"null, null, null, psutil",1024,0,0.4562950134277344,11.798742532730103,2,0,0,0.0,0,0.0,0,2.747117300828298,0.0,0,0,0.0,0,0.0,0,0,0,5.071703910827637,428.7615931272507,22.07100558,22.07100558280945,2.533602476119995,False,,100,type:lambda-function|arch:aarch64|lambda:True|mem:1024,False,,stage3,0,3.8475459218025208,83.90522104501724,14.0,0.0,0,0.0,0,0.0,0,144.65026859442392,12,0.0,0,0,14.758333333333333,0,0.0,0,0,0,41.5152264436086,3111.6778670410313,161.07138083166666,161.07138083378476,19.229821105798088,7
arm,0,0.5534830960360441,10.420346715233542,2.0,0.0,0,0.0,0,0.0,0,18.19963596083901,0.0,0,0,2.4545454545454546,0,0.0,0,0,0,5.162754102186724,394.6155585484071,20.55083819,20.55083818869157,2.6165351434187456,,type:lambda-function|arch:aarch64|lambda:True|mem:1024,aws,1.1120594014497236,0.06110338711403858,4,aarch64,aarch64,False,,video,video_stage3_aws_1024Mb_arm_analysis.json,0,0.8772385120391846,12.181828022003174,2,0,0,0.0,0,0.0,0,10.420346715233542,0.0,0,0,3.8,0,0.0,0,0,0,7.135232448577881,458.8060543775558,24.10527945,24.105279445648193,3.8306868076324463,"null, null, null, psutil",1024,0,0.42228269577026367,1.7761385440826416,2,0,0,0.0,0,0.0,0,2.6165351434187456,0.0,0,0,0.0,0,0.0,0,0,0,0.9259128570556641,111.04744102954865,5.51103926,5.5110392570495605,0.5793468952178955,False,,100,type:lambda-function|arch:aarch64|lambda:True|mem:1024,False,,stage3,0,4.4278647682883525,83.36277372186834,16.0,0.0,0,0.0,0,0.0,0,145.5970876867121,11,0.0,0,0,19.636363636363637,0,0.0,0,0,0,41.30203281749379,3156.9244683872566,164.40670552,164.40670550953257,20.932281147349965,8
arm,0,0.5826755653728138,15.164694265885787,2.0,0.0,0,0.0,0,0.0,0,26.496527845209293,0.0,0,0,2.4272727272727272,0,0.0,0,0,0,7.8677332401275635,548.1353067072955,28.820731964545452,28.820731964978304,3.464100339195945,,type:lambda-function|arch:aarch64|lambda:True|mem:1024,aws,1.8206731935622475,0.06871365199993305,4,aarch64,aarch64,False,,video,video_stage3_aws_1024Mb_arm_analysis.json,0,0.8793480396270752,35.930702686309814,2,0,0,0.0,0,0.0,0,15.164694265885787,0.0,0,0,3.8,0,0.0,0,0,0,20.447690963745117,1222.4045122146606,66.43502784,66.4350278377533,8.517056226730347,"null, null, null, psutil",1024,0,0.4718623161315918,2.6226043701171875e-05,2,0,0,0.0,0,0.0,0,3.464100339195945,0.0,0,0,1.9,0,0.0,0,0,0,0.19233131408691406,51.21163749694825,3.01244926,3.012449264526367,0.18267607688903809,False,,100,type:lambda-function|arch:aarch64|lambda:True|mem:1024,False,,stage3,0,5.244080088355324,136.48224839297208,18.0,0.0,0,0.0,0,0.0,0,238.46875060688365,11,0.0,0,0,21.845454545454544,0,0.0,0,0,0,70.80959916114807,4933.21776036566,259.3865876809091,259.38658768480474,31.176903052763503,9
arm,0,0.5369725960951585,19.736966059758114,2.0,0.0,0,0.0,0,0.0,0,34.450779346319344,0.0,0,0,2.5076923076923077,0,0.0,0,0,0,10.286258349051842,703.8654096530034,36.75908393153846,36.75908393126268,4.42755493750939,,type:lambda-function|arch:aarch64|lambda:True|mem:1024,aws,2.6329112723717323,0.07642530364564967,4,aarch64,aarch64,False,,video,video_stage3_aws_1024Mb_arm_analysis.json,0,0.7731733322143555,58.71044921875,2,0,0,0.0,0,0.0,0,19.736966059758114,0.0,0,0,3.8,0,0.0,0,0,0,29.749341011047363,1973.1553435325623,103.85028124,103.85028123855591,13.365323781967163,"null, null, null, psutil",1024,0,0.4294416904449463,5.063919544219971,2,0,0,0.0,0,0.0,0,4.42755493750939,0.0,0,0,1.9,0,0.0,0,0,0,2.2966108322143555,219.71153819561002,11.01310968,11.013109683990479,1.3590857982635498,False,,100,type:lambda-function|arch:aarch64|lambda:True|mem:1024,False,,stage3,0,5.369725960951585,197.36966059758115,20.0,0.0,0,0.0,0,0.0,0,344.5077934631934,13,0.0,0,0,25.076923076923077,0,0.0,0,0,0,102.86258349051842,7038.654096530035,367.59083931538464,367.5908393126268,44.2755493750939,10
arm,0,0.5480001449584961,19.724721511205036,2.0,0.0,0,0.0,0,0.0,0,33.88326991399129,0.0,0,0,2.3133333333333335,0,0.0,0,0,0,9.85453290939331,691.944620595773,36.24934940333333,36.249349403381345,4.304015493392944,,type:lambda-function|arch:aarch64|lambda:True|mem:1024,aws,3.157533419513702,0.0931885685038289,4,aarch64,aarch64,False,,video,video_stage3_aws_1024Mb_arm_analysis.json,0,0.8476486206054688,93.75273180007935,2,0,0,0.0,0,0.0,0,19.724721511205036,0.0,0,0,3.8,0,0.0,0,0,0,44.857016801834106,3067.935341501236,160.62488699,160.6248869895935,19.581073999404907,"null, null, null, psutil",1024,0,0.4360508918762207,11.785819292068481,2,0,0,0.0,0,0.0,0,4.304015493392944,0.0,0,0,1.9,0,0.0,0,0,0,5.302940130233765,426.66778028011316,22.26041126,22.260411262512207,2.450993061065674,False,,100,type:lambda-function|arch:aarch64|lambda:True|mem:1024,False,,stage3,0,6.576001739501954,236.69665813446045,24.0,0.0,0,0.0,0,0.0,0,406.59923896789553,15,0.0,0,0,27.76,0,0.0,0,0,0,118.25439491271972,8303.335447149277,434.99219284000003,434.99219284057614,51.64818592071533,12
arm,0,0.5798066173280988,14.572309817586627,2.0,0.0,0,0.0,0,0.0,0,25.604949235916138,0.0,0,0,2.8642857142857143,0,0.0,0,0,0,7.7865497555051535,526.4422239678247,27.989572439285716,27.989572439874923,3.246089662824358,,type:lambda-function|arch:aarch64|lambda:True|mem:1024,aws,3.1103138074656895,0.12147314875761765,4,aarch64,aarch64,False,,video,video_stage3_aws_1024Mb_arm_analysis.json,0,1.1339242458343506,48.01556873321533,2,0,0,0.0,0,0.0,0,14.572309817586627,0.0,0,0,5.6,0,0.0,0,0,0,25.564096927642822,1602.9080848693848,85.26106834,85.26106834411621,9.392827987670898,"null, null, null, psutil",1024,0,0.4431142807006836,11.778481245040894,2,0,0,0.0,0,0.0,0,3.246089662824358,0.0,0,0,1.9,0,0.0,0,0,0,5.264176845550537,425.2651825904846,22.25874472,22.258744716644287,2.454428195953369,False,,100,type:lambda-function|arch:aarch64|lambda:True|mem:1024,False,,stage3,0,9.27690587724958,233.15695708138603,32.0,0.0,0,0.0,0,0.0,0,409.6791877746582,14,0.0,0,0,45.82857142857143,0,0.0,0,0,0,124.58479608808246,8423.075583485195,447.83315902857146,447.83315903799877,51.93743460518973,16
arm,0,0.5704100131988525,13.992217985788981,2.0,0.0,0,0.0,0,0.0,0,24.470548804601034,0.0,0,0,2.4266666666666667,0,0.0,0,0,0,7.378364642461141,511.16406465450933,26.801010671333334,26.801010672251383,3.0999661763509114,,type:lambda-function|arch:aarch64|lambda:True|mem:1024,aws,3.7331237586085,0.15255578403319608,4,aarch64,aarch64,False,,video,video_stage3_aws_1024Mb_arm_analysis.json,0,1.1076381206512451,30.814834594726562,2,0,0,0.0,0,0.0,0,13.992217985788981,0.0,0,0,3.8,0,0.0,0,0,0,19.421231031417847,1111.7939216494563,58.66986394,58.66986393928528,6.415115118026733,"null, null, null, psutil",1024,0,0.4486727714538574,11.785972118377686,2,0,0,0.0,0,0.0,0,3.0999661763509114,0.0,0,0,1.9,0,0.0,0,0,0,5.042028903961182,428.26705374717716,21.7762475,21.77624750137329,2.329585313796997,False,,100,type:lambda-function|arch:aarch64|lambda:True|mem:1024,False,,stage3,0,11.40820026397705,279.8443597157796,40.0,0.0,0,0.0,0,0.0,0,489.4109760920207,15,0.0,0,0,48.53333333333333,0,0.0,0,0,0,147.5672928492228,10223.281293090187,536.0202134266667,536.0202134450277,61.99932352701823,20
arm,0,0.5029245706704947,14.17143757526691,2.0,0.0,0,0.0,0,0.0,0,24.2951877117157,0.0,0,0,2.5076923076923077,0,0.0,0,0,0,6.861184725394616,514.7985069008973,26.65558351,26.655583510032066,3.262565411054171,,type:lambda-function|arch:aarch64|lambda:True|mem:1024,aws,4.537127454097455,0.1867500472906224,4,aarch64,aarch64,False,,video,video_stage3_aws_1024Mb_arm_analysis.json,0,0.6399457454681396,35.33716058731079,2,0,0,0.0,0,0.0,0,14.17143757526691,0.0,0,0,3.8,0,0.0,0,0,0,16.86078906059265,1187.6172852516174,61.3755703,61.37557029724121,6.77582573890686,"null, null, null, psutil",1024,0,0.4384117126464844,11.790961265563965,2,0,0,0.0,0,0.0,0,3.262565411054171,0.0,0,0,1.9,0,0.0,0,0,0,5.478066682815552,431.53535058498386,22.51594424,22.515944242477417,2.5888397693634033,False,,100,type:lambda-function|arch:aarch64|lambda:True|mem:1024,False,,stage3,0,12.070189696091873,340.1145018064059,48.0,0.0,0,0.0,0,0.0,0,583.0845050811768,13,0.0,0,0,60.184615384615384,0,0.0,0,0,0,164.6684334094708,12355.164165621536,639.73400424,639.7340042407695,78.30156986530011,24
arm,0,0.518602196375529,16.709508832295736,2.0,0.0,0,0.0,0,0.0,0,28.470737044016523,0.0,0,0,2.6666666666666665,0,0.0,0,0,0,8.188983821868897,591.317964117527,30.83563234,30.83563234011332,3.572244389851888,,type:lambda-function|arch:aarch64|lambda:True|mem:1024,aws,6.241335739039103,0.21921932436767727,4,aarch64,aarch64,False,,video,video_stage3_aws_1024Mb_arm_analysis.json,0,0.6951436996459961,95.22727918624878,2,0,0,0.0,0,0.0,0,16.709508832295736,0.0,0,0,5.6,0,0.0,0,0,0,45.98983645439148,3116.132406699657,162.72231889,162.72231888771057,19.272039651870728,"null, null, null, psutil",1024,0,0.43224000930786133,1.8358230590820312e-05,2,0,0,0.0,0,0.0,0,3.572244389851888,0.0,0,0,1.9,0,0.0,0,0,0,0.19345355033874512,45.124835956096646,2.99832797,2.9983279705047607,0.17033171653747559,False,,100,type:lambda-function|arch:aarch64|lambda:True|mem:1024,False,,stage3,0,14.520861498514812,467.8662473042806,56.0,0.0,0,0.0,0,0.0,0,797.1806372324627,15,0.0,0,0,74.66666666666666,0,0.0,0,0,0,229.29154701232912,16556.90299529076,863.39770552,863.397705523173,100.02284291585286,28
x86,0,0.6288483381271363,0.5416481852531433,2.0,2.0,0,0.0,0,0.0,0,8.723914873600005,0.0,0,0,2.2325,0,0.0,0,0,0,5.8002609491348265,236.50420087194445,11.03709047975,11.037090480327606,2.382005739212036,,type:lambda-function|arch:x86_64|lambda:True|mem:1024,aws,0.0361171009926796,0.004140010708033827,4,x86_64,Intel(R) Xeon(R) Processor @ 2.50GHz,False,,video,video_stage2_aws_1024Mb_x86_analysis.json,0,0.9026708602905273,1.4263124465942383,2,2,0,0.0,0,0.0,0,5.8002609491348265,0.0,0,0,5.6,0,0.0,0,0,0,14.700702667236328,533.3365470218658,24.36439228,24.364392280578613,5.658897399902344,"null, null, null, psutil",1024,0,0.458939790725708,0.392148494720459,2,2,0,0.0,0,0.0,0,0.5416481852531433,0.0,0,0,0.0,0,0.0,0,0,0,4.444504737854004,182.65522517681123,8.97019506,8.970195055007935,1.6458473205566406,False,,220,type:lambda-function|arch:x86_64|lambda:True|mem:1024,False,,stage2,0,2.515393352508545,2.166592741012573,8.0,8.0,0,0.0,0,0.0,0,34.89565949440002,10,0.0,0,0,8.93,0,0.0,0,0,0,23.201043796539306,946.0168034877778,44.148361919,44.148361921310425,9.528022956848144,4
x86,0,0.6059691217210558,0.3560924688975016,2.0,2.0,0,0.0,0,0.0,0,6.797611713409424,0.0,0,0,2.3955555555555557,0,0.0,0,0,0,4.704533757103814,204.25732168240017,9.07776115311111,9.077761152055528,1.736985487408108,,type:lambda-function|arch:x86_64|lambda:True|mem:1024,aws,0.029680307282606764,0.0043662845914039785,4,x86_64,Intel(R) Xeon(R) Processor @ 2.50GHz,False,,video,video_stage2_aws_1024Mb_x86_analysis.json,0,0.8282027244567871,0.4244577884674072,2,2,0,0.0,0,0.0,0,4.704533757103814,0.0,0,0,5.6,0,0.0,0,0,0,5.122843265533447,253.88773851871494,9.78340244,9.783402442932129,2.2975852489471436,"null, null, null, psutil",1024,0,0.46262097358703613,0.3115041255950928,2,2,0,0.0,0,0.0,0,0.3560924688975016,0.0,0,0,0.0,0,0.0,0,0,0,4.318869590759277,171.04043606996538,7.98758674,7.987586736679077,1.3078727722167969,False,,220,type:lambda-function|arch:x86_64|lambda:True|mem:1024,False,,stage2,0,3.029845608605279,1.780462344487508,10.0,10.0,0,0.0,0,0.0,0,33.98805856704712,9,0.0,0,0,11.977777777777778,0,0.0,0,0,0,23.52266878551907,1021.2866084120009,45.38880576555555,45.38880576027764,8.68492743704054,5
x86,0,0.6141929670616433,0.2963844626038163,2.0,2.0,0,0.0,0,0.0,0,6.254357002399585,0.0,0,0,2.312962962962963,0,0.0,0,0,0,4.436358774149859,197.4019950982818,8.527566658518518,8.527566658125984,1.52161376564591,,type:lambda-function|arch:x86_64|lambda:True|mem:1024,aws,0.029644373949633707,0.004739795623796365,4,x86_64,Intel(R) Xeon(R) Processor @ 2.50GHz,False,,video,video_stage2_aws_1024Mb_x86_analysis.json,0,0.8709988594055176,0.341141939163208,2,2,0,0.0,0,0.0,0,4.436358774149859,0.0,0,0,7.3,0,0.0,0,0,0,4.862829685211182,254.30733064413073,9.29993916,9.299939155578613,1.955742359161377,"null, null, null, psutil",1024,0,0.46834802627563477,0.2696819305419922,2,2,0,0.0,0,0.0,0,0.2963844626038163,0.0,0,0,0.0,0,0.0,0,0,0,3.9063549041748047,170.20516020774838,7.96250391,7.962503910064697,1.184560775756836,False,,220,type:lambda-function|arch:x86_64|lambda:True|mem:1024,False,,stage2,0,3.6851578023698597,1.7783067756228976,12.0,12.0,0,0.0,0,0.0,0,37.52614201439751,9,0.0,0,0,13.877777777777776,0,0.0,0,0,0,26.618152644899155,1184.4119705896908,51.16539995111111,51.165399948755905,9.129682593875462,6
x86,0,0.606254846330673,0.2528893569159129,2.0,2.0,0,0.0,0,0.0,0,5.965559024659414,0.0,0,0,2.049206349206349,0,0.0,0,0,0,4.383699769065494,195.67336389549197,8.253004834761905,8.25300483476548,1.3289698986780076,,type:lambda-function|arch:x86_64|lambda:True|mem:1024,aws,0.02950965905851788,0.004946671206593693,4,x86_64,Intel(R) Xeon(R) Processor @ 2.50GHz,False,,video,video_stage2_aws_1024Mb_x86_analysis.json,0,0.8327558040618896,0.310382604598999,2,2,0,0.0,0,0.0,0,4.383699769065494,0.0,0,0,5.6,0,0.0,0,0,0,5.003669261932373,258.21610622406007,9.02618742,9.026187419891357,1.8210856914520264,"null, null, null, psutil",1024,0,0.4616541862487793,0.2143077850341797,2,2,0,0.0,0,0.0,0,0.2528893569159129,0.0,0,0,0.0,0,0.0,0,0,0,3.939028024673462,167.3133471250534,7.47636008,7.476360082626343,1.0200161933898926,False,,220,type:lambda-function|arch:x86_64|lambda:True|mem:1024,False,,stage2,0,4.243783924314711,1.7702254984113903,14.0,14.0,0,0.0,0,0.0,0,41.7589131726159,9,0.0,0,0,14.344444444444443,0,0.0,0,0,0,30.685898383458458,1369.7135472684438,57.771033843333335,57.77103384335837,9.302789290746054,7
x86,0,0.6006098210811615,0.22108688354492187,2.0,2.0,0,0.0,0,0.0,0,5.73418382704258,0.0,0,0,2.27625,0,0.0,0,0,0,4.307609370350837,191.2978846026957,7.977961605875,7.977961605787277,1.20548757314682,,type:lambda-function|arch:x86_64|lambda:True|mem:1024,aws,0.02948414678955078,0.0051418209947338405,4,x86_64,Intel(R) Xeon(R) Processor @ 2.50GHz,False,,video,video_stage2_aws_1024Mb_x86_analysis.json,0,0.8627357482910156,0.27684545516967773,2,2,0,0.0,0,0.0,0,4.307609370350837,0.0,0,0,3.8,0,0.0,0,0,0,9.261376857757568,234.6811763477325,13.19644928,13.196449279785156,1.6781837940216064,"null, null, null, psutil",1024,0,0.4480094909667969,0.17727136611938477,2,2,0,0.0,0,0.0,0,0.22108688354492187,0.0,0,0,0.0,0,0.0,0,0,0,3.852830648422241,153.87059860229493,7.46605778,7.466057777404785,0.9276199340820312,False,,220,type:lambda-function|arch:x86_64|lambda:True|mem:1024,False,,stage2,0,4.804878568649292,1.768695068359375,16.0,16.0,0,0.0,0,0.0,0,45.87347061634064,10,0.0,0,0,18.21,0,0.0,0,0,0,34.4608749628067,1530.3830768215655,63.823692847,63.823692846298215,9.64390058517456,8
x86,0,0.6087178678223581,0.20385505213881983,2.0,2.0,0,0.0,0,0.0,0,5.5820542369226,0.0,0,0,2.3696969696969696,0,0.0,0,0,0,4.298931574580645,187.03404709418615,7.851663155858586,7.851663155989214,1.079267610203136,,type:lambda-function|arch:x86_64|lambda:True|mem:1024,aws,0.03058437347238714,0.005479053440592935,4,x86_64,Intel(R) Xeon(R) Processor @ 2.50GHz,False,,video,video_stage2_aws_1024Mb_x86_analysis.json,0,0.8833370208740234,0.28306078910827637,2,2,0,0.0,0,0.0,0,4.298931574580645,0.0,0,0,5.7,0,0.0,0,0,0,5.8880205154418945,241.7638382530213,8.97032166,8.970321655273438,2.1959893703460693,"null, null, null, psutil",1024,0,0.44366931915283203,0.16507768630981445,2,2,0,0.0,0,0.0,0,0.20385505213881983,0.0,0,0,0.0,0,0.0,0,0,0,3.889110803604126,153.7677161407471,6.97670341,6.976703405380249,0.7617349624633789,False,,220,type:lambda-function|arch:x86_64|lambda:True|mem:1024,False,,stage2,0,5.478460810401224,1.8346954692493784,18.0,18.0,0,0.0,0,0.0,0,50.2384881323034,11,0.0,0,0,21.327272727272728,0,0.0,0,0,0,38.6903841712258,1683.3064238476754,70.66496840272727,70.66496840390292,9.713408491828224,9
x86,0,0.5990310311317444,0.18009088039398194,2.0,2.0,0,0.0,0,0.0,0,5.465495272477467,0.0,0,0,2.0816666666666666,0,0.0,0,0,0,4.284106095631917,185.83846282029154,7.733781576249999,7.733781576156616,1.0012982964515686,,type:lambda-function|arch:x86_64|lambda:True|mem:1024,aws,0.03002114976167679,0.005492850741789853,4,x86_64,Intel(R) Xeon(R) Processor @ 2.50GHz,False,,video,video_stage2_aws_1024Mb_x86_analysis.json,0,0.890148401260376,0.2744412422180176,2,2,0,0.0,0,0.0,0,4.284106095631917,0.0,0,0,5.6,0,0.0,0,0,0,5.607798099517822,234.5661028933525,9.14524102,9.145241022109985,1.5144481658935547,"null, null, null, psutil",1024,0,0.43723440170288086,0.13820743560791016,2,2,0,0.0,0,0.0,0,0.18009088039398194,0.0,0,0,0.0,0,0.0,0,0,0,3.7487435340881348,156.6964226055145,6.9652071,6.965207099914551,0.7001028060913086,False,,220,type:lambda-function|arch:x86_64|lambda:True|mem:1024,False,,stage2,0,5.990310311317444,1.8009088039398193,20.0,20.0,0,0.0,0,0.0,0,54.654952724774674,12,0.0,0,0,20.816666666666666,0,0.0,0,0,0,42.84106095631917,1858.3846282029153,77.33781576249999,77.33781576156616,10.012982964515686,10
x86,0,0.6988943652673201,0.1447154933756048,2.0,2.0,0,0.0,0,0.0,0,5.405108043641755,0.0,0,0,2.234848484848485,0,0.0,0,0,0,4.405844654097701,183.91726278801758,7.627022687272727,7.627022687232856,0.8545478961684487,,type:lambda-function|arch:x86_64|lambda:True|mem:1024,aws,0.028948887294855986,0.0053558387845567155,4,x86_64,Intel(R) Xeon(R) Processor @ 2.50GHz,False,,video,video_stage2_aws_1024Mb_x86_analysis.json,0,1.0865504741668701,0.22828149795532227,2,2,0,0.0,0,0.0,0,4.405844654097701,0.0,0,0,5.7,0,0.0,0,0,0,5.54017448425293,254.53620587825776,8.48538017,8.485380172729492,1.411266565322876,"null, null, null, psutil",1024,0,0.44351840019226074,0.11174392700195312,2,2,0,0.0,0,0.0,0,0.1447154933756048,0.0,0,0,0.0,0,0.0,0,0,0,3.530867099761963,145.65057549476623,6.46801543,6.468015432357788,0.6075975894927979,False,,220,type:lambda-function|arch:x86_64|lambda:True|mem:1024,False,,stage2,0,8.38673238320784,1.7365859205072576,24.0,24.0,0,0.0,0,0.0,0,64.86129652370107,11,0.0,0,0,26.81818181818182,0,0.0,0,0,0,52.870135849172414,2207.007153456211,91.52427224727272,91.52427224679427,10.254574754021384,12
x86,0,0.6870140582323074,0.11218484863638878,2.0,2.0,0,0.0,0,0.0,0,5.035161796957254,0.0,0,0,2.269270833333333,0,0.0,0,0,0,4.156443480402231,180.58550961701823,7.300589074843749,7.300589074691136,0.7665334679186344,,type:lambda-function|arch:x86_64|lambda:True|mem:1024,aws,0.029921942828297618,0.005942598080240328,4,x86_64,Intel(R) Xeon(R) Processor @ 2.50GHz,False,,video,video_stage2_aws_1024Mb_x86_analysis.json,0,2.004030704498291,0.19559717178344727,2,2,0,0.0,0,0.0,0,4.156443480402231,0.0,0,0,5.7,0,0.0,0,0,0,7.924221992492676,245.794543876648,10.99098611,10.990986108779907,1.3160614967346191,"null, null, null, psutil",1024,0,0.430356502532959,0.0869593620300293,2,2,0,0.0,0,0.0,0,0.11218484863638878,0.0,0,0,0.0,0,0.0,0,0,0,3.240121841430664,137.5857488822937,5.96821547,5.968215465545654,0.4791080951690674,False,,220,type:lambda-function|arch:x86_64|lambda:True|mem:1024,False,,stage2,0,10.992224931716919,1.7949575781822205,32.0,32.0,0,0.0,0,0.0,0,80.56258875131607,12,0.0,0,0,36.30833333333333,0,0.0,0,0,0,66.5030956864357,2889.3681538722917,116.80942519749999,116.80942519505818,12.26453548669815,16
x86,0,0.8786273672030522,0.07852153319578904,2.0,2.0,0,0.0,0,0.0,0,4.603686883816352,0.0,0,0,2.2576923076923077,0,0.0,0,0,0,3.9564440617194543,174.541582071827,6.781804254269231,6.781804254421821,0.568721288901109,,type:lambda-function|arch:x86_64|lambda:True|mem:1024,aws,0.026179079167476065,0.005686546419893397,4,x86_64,Intel(R) Xeon(R) Processor @ 2.50GHz,False,,video,video_stage2_aws_1024Mb_x86_analysis.json,0,1.2798998355865479,0.14080119132995605,2,2,0,0.0,0,0.0,0,3.9564440617194543,0.0,0,0,5.7,0,0.0,0,0,0,4.870123386383057,245.0124321126938,7.81805277,7.818052768707275,0.9315526485443115,"null, null, null, psutil",1024,0,0.4678494930267334,1.6689300537109375e-05,2,2,0,0.0,0,0.0,0,0.07852153319578904,0.0,0,0,0.0,0,0.0,0,0,0,1.050480604171753,106.08605382442474,3.45221543,3.4522154331207275,0.15320992469787598,False,,220,type:lambda-function|arch:x86_64|lambda:True|mem:1024,False,,stage2,0,17.572547344061043,1.5704306639157808,40.0,40.0,0,0.0,0,0.0,0,92.07373767632704,13,0.0,0,0,45.15384615384615,0,0.0,0,0,0,79.12888123438908,3490.83164143654,135.63608508538462,135.6360850884364,11.374425778022179,20
x86,0,0.7686819442444377,0.07166472325722377,2.0,2.0,0,0.0,0,0.0,0,4.744235244890055,0.0,0,0,2.2562499999999996,0,0.0,0,0,0,4.021313891642624,180.19798415031696,7.038020885902778,7.038020885652966,0.6512566299902068,,type:lambda-function|arch:x86_64|lambda:True|mem:1024,aws,0.028671622480750086,0.006043465595773706,4,x86_64,Intel(R) Xeon(R) Processor @ 2.50GHz,False,,video,video_stage2_aws_1024Mb_x86_analysis.json,0,1.3622517585754395,0.1023554801940918,2,2,0,0.0,0,0.0,0,4.021313891642624,0.0,0,0,8.9,0,0.0,0,0,0,5.323316812515259,279.4166841173172,8.22888541,8.228885412216187,1.1431972980499268,"null, null, null, psutil",1024,0,0.44144678115844727,0.038333892822265625,2,2,0,0.0,0,0.0,0,0.07166472325722377,0.0,0,0,0.0,0,0.0,0,0,0,3.350727081298828,142.37972909927367,5.99150467,5.991504669189453,0.34220147132873535,False,,220,type:lambda-function|arch:x86_64|lambda:True|mem:1024,False,,stage2,0,18.448366661866505,1.7199533581733704,48.0,48.0,0,0.0,0,0.0,0,113.86164587736131,12,0.0,0,0,54.14999999999999,0,0.0,0,0,0,96.51153339942297,4324.751619607607,168.91250126166668,168.91250125567117,15.630159119764965,24
x86,0,0.9530547340305484,0.2184536061724838,2.0,2.0,0,0.0,0,0.0,0,4.687041396389203,0.0,0,0,2.231887755102041,0,0.0,0,0,0,3.9897721275991325,173.86504818128688,6.864478637346939,6.864478637369311,0.4788156626175861,,type:lambda-function|arch:x86_64|lambda:True|mem:1024,aws,0.10196540521706855,0.02175474816493418,4,x86_64,Intel(R) Xeon(R) Processor @ 2.50GHz,False,,video,video_stage2_aws_1024Mb_x86_analysis.json,0,1.5305180549621582,1.813581943511963,2,2,0,0.0,0,0.0,0,3.9897721275991325,0.0,0,0,7.0,0,0.0,0,0,0,7.163073778152466,236.15617323637008,9.96440482,9.964404821395874,0.9694383144378662,"null, null, null, psutil",1024,0,0.4580681324005127,0.037435054779052734,2,2,0,0.0,0,0.0,0,0.2184536061724838,0.0,0,0,0.0,0,0.0,0,0,0,3.2707574367523193,136.69735780715942,5.95351958,5.953519582748413,0.3206934928894043,False,,220,type:lambda-function|arch:x86_64|lambda:True|mem:1024,False,,stage2,0,26.685532552855356,6.1167009728295465,56.0,56.0,0,0.0,0,0.0,0,131.23715909889768,14,0.0,0,0,62.49285714285715,0,0.0,0,0,0,111.71361957277571,4868.221349076032,192.20540184571428,192.20540184634072,13.406838553292411,28
x86,0,1.9914536952972413,2.8865458965301514,2.0,2.0,0,0.0,0,0.0,0,4.321467638015747,0.0,0,0,2.51,0,0.0,0,0,0,0.5566223859786987,402.2133122045994,7.9952491519999995,7.995249152183533,0.878299355506897,,type:lambda-function|arch:x86_64|lambda:True|mem:1024,aws,0.1924748803806305,0.04453923909725438,4,x86_64,Intel(R) Xeon(R) Processor @ 2.90GHz,False,,ml,ml_stage0_aws_1024Mb_x86_analysis.json,0,2.13558292388916,3.0902085304260254,2,2,0,0.0,0,0.0,0,2.8865458965301514,0.0,0,0,3.8,0,0.0,0,0,0,0.6781322956085205,452.1692389583588,8.53085732,8.53085732460022,0.9827682971954346,"null, null, null, psutil",1024,0,1.7759652137756348,2.5901739597320557,2,2,0,0.0,0,0.0,0,0.5566223859786987,0.0,0,0,1.9,0,0.0,0,0,0,0.4573380947113037,336.5247635388375,7.51238275,7.512382745742798,0.8017387390136719,False,,220,type:lambda-function|arch:x86_64|lambda:True|mem:1024,False,,stage0,0,7.965814781188965,11.546183586120605,8.0,8.0,0,0.0,0,0.0,0,17.28587055206299,10,0.0,0,0,10.04,0,0.0,0,0,0,2.226489543914795,1608.8532488183976,31.980996607999998,31.98099660873413,3.513197422027588,4
x86,0,1.9979854822158813,2.8967915773391724,2.0,2.0,0,0.0,0,0.0,0,4.3199049949646,0.0,0,0,2.87,0,0.0,0,0,0,0.5449323654174805,395.2030908386707,8.050683544,8.050683546066285,0.8781810522079467,,type:lambda-function|arch:x86_64|lambda:True|mem:1024,aws,0.24144757797122002,0.05589187221771265,4,x86_64,Intel(R) Xeon(R) Processor @ 2.90GHz,False,,ml,ml_stage0_aws_1024Mb_x86_analysis.json,0,2.239715576171875,3.0038950443267822,2,2,0,0.0,0,0.0,0,2.8967915773391724,0.0,0,0,5.5,0,0.0,0,0,0,0.6846749782562256,440.4073155570029,8.33779716,8.337797164916992,0.9499979019165039,"null, null, null, psutil",1024,0,1.7385716438293457,2.711144208908081,2,2,0,0.0,0,0.0,0,0.5449323654174805,0.0,0,0,1.9,0,0.0,0,0,0,0.46120643615722656,342.33526208877566,7.98900628,7.989006280899048,0.7788643836975098,False,,220,type:lambda-function|arch:x86_64|lambda:True|mem:1024,False,,stage0,0,9.989927411079407,14.483957886695862,10.0,10.0,0,0.0,0,0.0,0,21.599524974822998,10,0.0,0,0,14.350000000000001,0,0.0,0,0,0,2.7246618270874023,1976.0154541933534,40.25341772,40.25341773033142,4.390905261039734,5
x86,0,1.9308667659759522,2.96238911151886,2.0,2.0,0,0.0,0,0.0,0,4.429893827438354,0.0,0,0,2.5,0,0.0,0,0,0,0.5856011152267456,398.5341326947212,8.089278697000001,8.08927869796753,0.881903600692749,,type:lambda-function|arch:x86_64|lambda:True|mem:1024,aws,0.2962981589341164,0.06688606329543902,4,x86_64,Intel(R) Xeon(R) Processor @ 2.90GHz,False,,ml,ml_stage0_aws_1024Mb_x86_analysis.json,0,2.1346471309661865,3.1293036937713623,2,2,0,0.0,0,0.0,0,2.96238911151886,0.0,0,0,3.8,0,0.0,0,0,0,0.6965723037719727,453.96728657484056,8.35316825,8.353168249130249,0.9955456256866455,"null, null, null, psutil",1024,0,1.784569263458252,2.8012194633483887,2,2,0,0.0,0,0.0,0,0.5856011152267456,0.0,0,0,0.0,0,0.0,0,0,0,0.47882699966430664,340.50191702365873,8.00473857,8.004738569259644,0.7905189990997314,False,,220,type:lambda-function|arch:x86_64|lambda:True|mem:1024,False,,stage0,0,11.585200595855714,17.77433466911316,12.0,12.0,0,0.0,0,0.0,0,26.579362964630125,10,0.0,0,0,15.0,0,0.0,0,0,0,3.513606691360474,2391.2047961683274,48.535672182000006,48.535672187805176,5.291421604156493,6
x86,0,1.8961830854415893,2.9064040184020996,2.0,2.0,0,0.0,0,0.0,0,4.366790866851806,0.0,0,0,2.51,0,0.0,0,0,0,0.5698667526245117,408.4319653534889,8.076783013,8.07678301334381,0.8905200958251953,,type:lambda-function|arch:x86_64|lambda:True|mem:1024,aws,0.33914828490734106,0.0776653371430738,4,x86_64,Intel(R) Xeon(R) Processor @ 2.90GHz,False,,ml,ml_stage0_aws_1024Mb_x86_analysis.json,0,2.0633533000946045,3.1411314010620117,2,2,0,0.0,0,0.0,0,2.9064040184020996,0.0,0,0,3.8,0,0.0,0,0,0,0.6974046230316162,460.9506618976593,8.56588721,8.565887212753296,1.1998357772827148,"null, null, null, psutil",1024,0,1.6894607543945312,2.675734043121338,2,2,0,0.0,0,0.0,0,0.5698667526245117,0.0,0,0,0.0,0,0.0,0,0,0,0.4944126605987549,333.5144735431671,7.50410008,7.50410008430481,0.7615859508514404,False,,220,type:lambda-function|arch:x86_64|lambda:True|mem:1024,False,,stage0,0,13.273281598091126,20.344828128814697,14.0,14.0,0,0.0,0,0.0,0,30.567536067962642,10,0.0,0,0,17.57,0,0.0,0,0,0,3.9890672683715818,2859.0237574744224,56.537481091000004,56.53748109340667,6.233640670776367,7
x86,0,1.8209063768386842,2.978647804260254,2.0,2.0,0,0.0,0,0.0,0,4.442816519737244,0.0,0,0,2.32,0,0.0,0,0,0,0.5378987550735473,406.3813386046886,8.201153397,8.20115339756012,0.9262699604034423,,type:lambda-function|arch:x86_64|lambda:True|mem:1024,aws,0.3972324711761475,0.08941005540324239,4,x86_64,Intel(R) Xeon(R) Processor @ 2.90GHz,False,,ml,ml_stage0_aws_1024Mb_x86_analysis.json,0,1.9778401851654053,3.2975680828094482,2,2,0,0.0,0,0.0,0,2.978647804260254,0.0,0,0,3.8,0,0.0,0,0,0,0.7189772129058838,480.05151386260985,8.86953115,8.869531154632568,1.1142771244049072,"null, null, null, psutil",1024,0,1.6610426902770996,2.6584854125976562,2,2,0,0.0,0,0.0,0,0.5378987550735473,0.0,0,0,1.9,0,0.0,0,0,0,0.4775674343109131,350.0229901361466,7.49504185,7.495041847229004,0.786177396774292,False,,220,type:lambda-function|arch:x86_64|lambda:True|mem:1024,False,,stage0,0,14.567251014709473,23.829182434082032,16.0,16.0,0,0.0,0,0.0,0,35.54253215789795,10,0.0,0,0,18.56,0,0.0,0,0,0,4.303190040588379,3251.050708837509,65.609227176,65.60922718048096,7.410159683227539,8
x86,0,1.8860644102096558,3.0153785228729246,2.0,2.0,0,0.0,0,0.0,0,4.3887080430984495,0.0,0,0,2.66,0,0.0,0,0,0,0.5470116853713989,394.01224596858026,8.140178156000001,8.140178155899047,0.826317834854126,,type:lambda-function|arch:x86_64|lambda:True|mem:1024,aws,0.4523972397866249,0.1030820996393349,4,x86_64,Intel(R) Xeon(R) Processor @ 2.90GHz,False,,ml,ml_stage0_aws_1024Mb_x86_analysis.json,0,2.067049741744995,3.1938254833221436,2,2,0,0.0,0,0.0,0,3.0153785228729246,0.0,0,0,5.4,0,0.0,0,0,0,0.6953768730163574,461.84476705074303,8.49131775,8.491317749023438,0.8929135799407959,"null, null, null, psutil",1024,0,1.6854286193847656,2.7204396724700928,2,2,0,0.0,0,0.0,0,0.5470116853713989,0.0,0,0,0.0,0,0.0,0,0,0,0.48693037033081055,357.3896985054016,7.5315659,7.53156590461731,0.7784373760223389,False,,220,type:lambda-function|arch:x86_64|lambda:True|mem:1024,False,,stage0,0,16.974579691886902,27.138406705856323,18.0,18.0,0,0.0,0,0.0,0,39.49837238788604,10,0.0,0,0,23.94,0,0.0,0,0,0,4.92310516834259,3546.1102137172225,73.26160340400001,73.26160340309143,7.436860513687134,9
x86,0,1.8786200046539308,2.9220870971679687,2.0,2.0,0,0.0,0,0.0,0,4.335763740539551,0.0,0,0,1.73,0,0.0,0,0,0,0.5579547166824341,393.65679766869545,8.01164844,8.011648440361023,0.8557219266891479,,type:lambda-function|arch:x86_64|lambda:True|mem:1024,aws,0.4871119190979004,0.11234743132873824,4,x86_64,Intel(R) Xeon(R) Processor @ 2.90GHz,False,,ml,ml_stage0_aws_1024Mb_x86_analysis.json,0,2.102231025695801,3.156315326690674,2,2,0,0.0,0,0.0,0,2.9220870971679687,0.0,0,0,3.8,0,0.0,0,0,0,0.6766786575317383,460.36378254652027,8.38702464,8.387024641036987,1.0123012065887451,"null, null, null, psutil",1024,0,1.7062242031097412,2.6885712146759033,2,2,0,0.0,0,0.0,0,0.5579547166824341,0.0,0,0,0.0,0,0.0,0,0,0,0.45176219940185547,340.9951588821411,7.527771,7.52777099609375,0.7893035411834717,False,,220,type:lambda-function|arch:x86_64|lambda:True|mem:1024,False,,stage0,0,18.786200046539307,29.220870971679688,20.0,20.0,0,0.0,0,0.0,0,43.35763740539551,10,0.0,0,0,17.3,0,0.0,0,0,0,5.579547166824341,3936.5679766869544,80.1164844,80.11648440361023,8.55721926689148,10
x86,0,1.8251475811004638,2.9515037059783937,2.0,2.0,0,0.0,0,0.0,0,4.331409287452698,0.0,0,0,2.0300000000000002,0,0.0,0,0,0,0.5050279140472412,417.9219217817784,8.001404548,8.001404547691346,0.874877667427063,,type:lambda-function|arch:x86_64|lambda:True|mem:1024,aws,0.590418801343918,0.1363110161522379,4,x86_64,Intel(R) Xeon(R) Processor @ 2.50GHz,False,,ml,ml_stage0_aws_1024Mb_x86_analysis.json,0,2.1796822547912598,3.162248373031616,2,2,0,0.0,0,0.0,0,2.9515037059783937,0.0,0,0,3.8,0,0.0,0,0,0,0.5866782665252686,451.8781235527992,8.52423525,8.524235248565674,1.0620050430297852,"null, null, null, psutil",1024,0,1.6404032707214355,2.6420345306396484,2,2,0,0.0,0,0.0,0,0.5050279140472412,0.0,0,0,0.0,0,0.0,0,0,0,0.4408266544342041,367.56502391815184,7.52348447,7.523484468460083,0.7378723621368408,False,,220,type:lambda-function|arch:x86_64|lambda:True|mem:1024,False,,stage0,0,21.901770973205565,35.41804447174073,24.0,24.0,0,0.0,0,0.0,0,51.97691144943238,10,0.0,0,0,24.360000000000003,0,0.0,0,0,0,6.060334968566895,5015.063061381341,96.016854576,96.01685457229615,10.498532009124755,12
x86,0,1.7885778665542602,3.03133111000061,2.0,2.0,0,0.0,0,0.0,0,4.485764765739441,0.0,0,0,2.8099999999999996,0,0.0,0,0,0,0.5179671764373779,416.7273057770729,8.231995392,8.231995391845704,0.9364664793014527,,type:lambda-function|arch:x86_64|lambda:True|mem:1024,aws,0.8085166336593629,0.18024053330538067,4,x86_64,Intel(R) Xeon(R) Processor @ 2.50GHz,False,,ml,ml_stage0_aws_1024Mb_x86_analysis.json,0,2.1374826431274414,3.2746083736419678,2,2,0,0.0,0,0.0,0,3.03133111000061,0.0,0,0,5.6,0,0.0,0,0,0,0.6589562892913818,492.66360128402715,8.88642859,8.886428594589233,1.0617995262145996,"null, null, null, psutil",1024,0,1.5416069030761719,2.7159557342529297,2,2,0,0.0,0,0.0,0,0.5179671764373779,0.0,0,0,0.0,0,0.0,0,0,0,0.4404103755950928,339.26245248317724,7.5310204,7.531020402908325,0.8440988063812256,False,,220,type:lambda-function|arch:x86_64|lambda:True|mem:1024,False,,stage0,0,28.617245864868163,48.50129776000976,32.0,32.0,0,0.0,0,0.0,0,71.77223625183106,10,0.0,0,0,44.959999999999994,0,0.0,0,0,0,8.287474822998046,6667.636892433166,131.711926272,131.71192626953126,14.983463668823243,16
x86,0,1.8239922761917113,3.0300745964050293,2.0,2.0,0,0.0,0,0.0,0,4.434571599960328,0.0,0,0,2.1399999999999997,0,0.0,0,0,0,0.5325746059417724,399.76263527345657,8.047367979,8.047367978096009,0.8719223976135254,,type:lambda-function|arch:x86_64|lambda:True|mem:1024,aws,1.010226870441437,0.22780709425245826,4,x86_64,Intel(R) Xeon(R) Processor @ 2.90GHz,False,,ml,ml_stage0_aws_1024Mb_x86_analysis.json,0,1.9530200958251953,3.185476064682007,2,2,0,0.0,0,0.0,0,3.0300745964050293,0.0,0,0,5.6,0,0.0,0,0,0,0.6894235610961914,460.58169529438015,8.52689505,8.52689504623413,1.006127119064331,"null, null, null, psutil",1024,0,1.635786533355713,2.8247313499450684,2,2,0,0.0,0,0.0,0,0.5325746059417724,0.0,0,0,0.0,0,0.0,0,0,0,0.40259313583374023,346.893413734436,7.4903512,7.49035120010376,0.7855160236358643,False,,220,type:lambda-function|arch:x86_64|lambda:True|mem:1024,False,,stage0,0,36.47984552383423,60.601491928100586,40.0,40.0,0,0.0,0,0.0,0,88.69143199920656,10,0.0,0,0,42.8,0,0.0,0,0,0,10.65149211883545,7995.252705469131,160.94735958,160.94735956192017,17.438447952270508,20
x86,0,1.7238742351531982,3.133161473274231,2.0,2.0,0,0.0,0,0.0,0,4.479054546356201,0.0,0,0,2.46,0,0.0,0,0,0,0.5244073629379272,411.9782812502384,8.203826547,8.203826546669006,0.8214857101440429,,type:lambda-function|arch:x86_64|lambda:True|mem:1024,aws,1.2535152422275542,0.27986157106466,4,x86_64,Intel(R) Xeon(R) Processor @ 2.50GHz,False,,ml,ml_stage0_aws_1024Mb_x86_analysis.json,0,1.8522236347198486,3.3174827098846436,2,2,0,0.0,0,0.0,0,3.133161473274231,0.0,0,0,5.6,0,0.0,0,0,0,0.6946465969085693,482.1930794572831,8.83172774,8.831727743148804,0.9221339225769043,"null, null, null, psutil",1024,0,1.595851182937622,2.9638288021087646,2,2,0,0.0,0,0.0,0,0.5244073629379272,0.0,0,0,0.0,0,0.0,0,0,0,0.44778943061828613,346.17186210155495,7.70850325,7.708503246307373,0.7474789619445801,False,,220,type:lambda-function|arch:x86_64|lambda:True|mem:1024,False,,stage0,0,41.37298164367675,75.19587535858153,48.0,48.0,0,0.0,0,0.0,0,107.49730911254882,10,0.0,0,0,59.04,0,0.0,0,0,0,12.585776710510252,9887.478750005721,196.89183712800002,196.89183712005615,19.71565704345703,24
x86,0,1.939842414855957,2.9055173635482787,2.0,2.0,0,0.0,0,0.0,0,4.4252690076828,0.0,0,0,1.77,0,0.0,0,0,0,0.5836392402648926,396.1483296303749,8.163759208,8.163759207725525,0.9361124038696289,,type:lambda-function|arch:x86_64|lambda:True|mem:1024,aws,1.3561792846097949,0.30646256357642987,4,x86_64,Intel(R) Xeon(R) Processor @ 2.90GHz,False,,ml,ml_stage0_aws_1024Mb_x86_analysis.json,0,2.139922618865967,3.087116241455078,2,2,0,0.0,0,0.0,0,2.9055173635482787,0.0,0,0,2.0,0,0.0,0,0,0,0.7299041748046875,460.24201992988577,9.05132747,9.051327466964722,1.2180414199829102,"null, null, null, psutil",1024,0,1.7571814060211182,2.5150842666625977,2,2,0,0.0,0,0.0,0,0.5836392402648926,0.0,0,0,0.0,0,0.0,0,0,0,0.4581592082977295,350.4632987380028,7.49425864,7.494258642196655,0.7500004768371582,False,,220,type:lambda-function|arch:x86_64|lambda:True|mem:1024,False,,stage0,0,54.3155876159668,81.35448617935181,56.0,56.0,0,0.0,0,0.0,0,123.90753221511841,10,0.0,0,0,49.56,0,0.0,0,0,0,16.341898727416993,11092.153229650497,228.585257824,228.58525781631468,26.21114730834961,28
arm,0,0.9228420853614807,29.00318080186844,2.0,0.0,0,0.0,0,0.0,0,41.42265024781227,0.0,0,0,0.975,0,0.0,0,0,0,8.505546599626541,490.27829172015186,44.3368560375,44.33685603737831,3.9139228463172913,,type:lambda-function|arch:aarch64|lambda:True|mem:512,aws,0.7738048637938499,0.01868071837906408,4,aarch64,aarch64,False,,video,video_stage3_aws_512Mb_arm_analysis.json,0,1.2667725086212158,66.29178810119629,2,0,0,0.0,0,0.0,0,29.00318080186844,0.0,0,0,3.8,0,0.0,0,0,0,19.065709590911865,1065.5705662250518,95.99734831,95.99734830856323,7.743586778640747,"null, null, null, psutil",512,0,0.6823575496673584,23.584835290908813,2,0,0,0.0,0,0.0,0,3.9139228463172913,0.0,0,0,0.0,0,0.0,0,0,0,6.346019744873047,403.6049599647522,36.44556141,36.44556140899658,2.951854705810547,False,,100,type:lambda-function|arch:aarch64|lambda:True|mem:512,False,,stage3,0,3.691368341445923,116.01272320747375,8.0,0.0,0,0.0,0,0.0,0,165.69060099124908,8,0.0,0,0,3.9,0,0.0,0,0,0,34.022186398506165,1961.1131668806074,177.34742415,177.34742414951324,15.655691385269165,4
arm,0,0.8559377193450928,29.91769882610866,2.0,0.0,0,0.0,0,0.0,0,42.71352236611502,0.0,0,0,0.5571428571428572,0,0.0,0,0,0,8.820021084376744,502.1800613914217,45.825982568571426,45.82598257064819,3.9758024556296214,,type:lambda-function|arch:aarch64|lambda:True|mem:512,aws,0.9977552558507238,0.023359236152395876,4,aarch64,aarch64,False,,video,video_stage3_aws_512Mb_arm_analysis.json,0,1.2026371955871582,67.19008183479309,2,0,0,0.0,0,0.0,0,29.91769882610866,0.0,0,0,2.0,0,0.0,0,0,0,18.72113537788391,1061.982720565796,97.42960739,97.42960739135742,8.642025709152222,"null, null, null, psutil",512,0,0.6586802005767822,23.54644513130188,2,0,0,0.0,0,0.0,0,3.9758024556296214,0.0,0,0,0.0,0,0.0,0,0,0,7.010796546936035,394.9644836425781,36.57078552,36.57078552246094,2.983842611312866,False,,100,type:lambda-function|arch:aarch64|lambda:True|mem:512,False,,stage3,0,4.279688596725464,149.5884941305433,10.0,0.0,0,0.0,0,0.0,0,213.56761183057512,7,0.0,0,0,2.7857142857142856,0,0.0,0,0,0,44.100105421883725,2510.9003069571086,229.12991284285712,229.12991285324097,19.879012278148107,5
arm,0,0.7154134341648647,23.802194595336914,2.0,0.0,0,0.0,0,0.0,0,34.16899299621582,0.0,0,0,1.4142857142857144,0,0.0,0,0,0,7.187012842723301,414.14304553951536,37.24849053714286,37.24849053791591,3.1797855581556047,,type:lambda-function|arch:aarch64|lambda:True|mem:512,aws,0.9525638277053832,0.0278780187584363,4,aarch64,aarch64,False,,video,video_stage3_aws_512Mb_arm_analysis.json,0,0.7744276523590088,24.42576789855957,2,0,0,0.0,0,0.0,0,23.802194595336914,0.0,0,0,2.0,0,0.0,0,0,0,10.073590993881226,428.713395023346,39.91262507,39.9126250743866,3.4631285667419434,"null, null, null, psutil",512,0,0.639446496963501,23.551666021347046,2,0,0,0.0,0,0.0,0,3.1797855581556047,0.0,0,0,0.0,0,0.0,0,0,0,6.429510116577148,400.83790687322613,35.94958806,35.94958806037903,2.9430015087127686,False,,100,type:lambda-function|arch:aarch64|lambda:True|mem:512,False,,stage3,0,4.292480604989188,142.81316757202148,12.0,0.0,0,0.0,0,0.0,0,205.01395797729492,7,0.0,0,0,8.485714285714286,0,0.0,0,0,0,43.122077056339805,2484.8582732370924,223.49094322285714,223.49094322749548,19.07871334893363,6
arm,0,0.8768383264541626,23.76241335272789,2.0,0.0,0,0.0,0,0.0,0,34.03490936756134,0.0,0,0,1.9875,0,0.0,0,0,0,7.0810021460056305,411.94538433700797,37.01242572125,37.01242572069168,3.19149386882782,,type:lambda-function|arch:aarch64|lambda:True|mem:512,aws,1.109467079438865,0.03259791490722457,4,aarch64,aarch64,False,,video,video_stage3_aws_512Mb_arm_analysis.json,0,1.2030401229858398,24.074429512023926,2,0,0,0.0,0,0.0,0,23.76241335272789,0.0,0,0,2.0,0,0.0,0,0,0,8.016793489456177,416.8110564351082,38.0383451,38.03834509849548,3.630537271499634,"null, null, null, psutil",512,0,0.6496541500091553,23.522647857666016,2,0,0,0.0,0,0.0,0,3.19149386882782,0.0,0,0,1.9,0,0.0,0,0,0,6.467291593551636,407.5761135101318,36.39072442,36.390724420547485,2.719560384750366,False,,100,type:lambda-function|arch:aarch64|lambda:True|mem:512,False,,stage3,0,6.137868285179138,166.33689346909523,14.0,0.0,0,0.0,0,0.0,0,238.24436557292938,8,0.0,0,0,13.9125,0,0.0,0,0,0,49.56701502203941,2883.617690359056,259.08698004875,259.08698004484177,22.34045708179474,7
arm,0,0.7583126425743103,23.886302828788757,2.0,0.0,0,0.0,0,0.0,0,34.5821712911129,0.0,0,0,1.7375,0,0.0,0,0,0,7.171091735363007,414.3821428522467,37.65509706625,37.65509706735611,3.524776726961136,,type:lambda-function|arch:aarch64|lambda:True|mem:512,aws,1.274573118944168,0.03685636474976672,4,aarch64,aarch64,False,,video,video_stage3_aws_512Mb_arm_analysis.json,0,1.130676507949829,24.266345739364624,2,0,0,0.0,0,0.0,0,23.886302828788757,0.0,0,0,2.0,0,0.0,0,0,0,7.720237731933594,429.7133650302887,39.02921486,39.02921485900879,5.269810438156128,"null, null, null, psutil",512,0,0.6698575019836426,23.64614725112915,2,0,0,0.0,0,0.0,0,3.524776726961136,0.0,0,0,0.0,0,0.0,0,0,0,6.7571539878845215,406.75689774751663,36.92508745,36.925087451934814,2.7880027294158936,False,,100,type:lambda-function|arch:aarch64|lambda:True|mem:512,False,,stage3,0,6.066501140594482,191.09042263031006,16.0,0.0,0,0.0,0,0.0,0,276.6573703289032,8,0.0,0,0,13.9,0,0.0,0,0,0,57.36873388290405,3315.0571428179737,301.24077653,301.2407765388489,28.198213815689087,8
arm,0,0.7482213079929352,23.74680069088936,2.0,0.0,0,0.0,0,0.0,0,33.619515776634216,0.0,0,0,1.4625,0,0.0,0,0,0,6.624811977148056,407.4846228852868,36.57575529625,36.575755298137665,3.2479031085968018,,type:lambda-function|arch:aarch64|lambda:True|mem:512,aws,1.4255204454740882,0.04240157576763298,4,aarch64,aarch64,False,,video,video_stage3_aws_512Mb_arm_analysis.json,0,1.0505199432373047,24.406513214111328,2,0,0,0.0,0,0.0,0,23.74680069088936,0.0,0,0,2.0,0,0.0,0,0,0,7.2230753898620605,423.76254290342337,37.995471,37.99547100067139,3.5875837802886963,"null, null, null, psutil",512,0,0.638420820236206,23.44522190093994,2,0,0,0.0,0,0.0,0,3.2479031085968018,0.0,0,0,0.0,0,0.0,0,0,0,5.762369394302368,393.9244049549103,35.48868513,35.488685131073,2.912187337875366,False,,100,type:lambda-function|arch:aarch64|lambda:True|mem:512,False,,stage3,0,6.733991771936417,213.72120621800423,18.0,0.0,0,0.0,0,0.0,0,302.57564198970795,8,0.0,0,0,13.1625,0,0.0,0,0,0,59.623307794332504,3667.361605967581,329.18179766625,329.181797683239,29.231127977371216,9
arm,0,0.7048332691192627,23.721339643001556,2.0,0.0,0,0.0,0,0.0,0,33.65479439496994,0.0,0,0,1.4375,0,0.0,0,0,0,6.755182534456253,405.94880682677035,36.7625963375,36.76259633898735,3.1782722175121307,,type:lambda-function|arch:aarch64|lambda:True|mem:512,aws,1.5822133541882037,0.04701301501413071,4,aarch64,aarch64,False,,video,video_stage3_aws_512Mb_arm_analysis.json,0,0.792182445526123,24.080979824066162,2,0,0,0.0,0,0.0,0,23.721339643001556,0.0,0,0,2.0,0,0.0,0,0,0,7.669646978378296,418.4338619709015,38.04724574,38.0472457408905,3.4265401363372803,"null, null, null, psutil",512,0,0.6566262245178223,23.550493001937866,2,0,0,0.0,0,0.0,0,3.1782722175121307,0.0,0,0,0.0,0,0.0,0,0,0,6.318661212921143,395.24484729766846,35.93134975,35.931349754333496,2.935086488723755,False,,100,type:lambda-function|arch:aarch64|lambda:True|mem:512,False,,stage3,0,7.048332691192627,237.21339643001556,20.0,0.0,0,0.0,0,0.0,0,336.5479439496994,8,0.0,0,0,14.375,0,0.0,0,0,0,67.55182534456253,4059.4880682677035,367.62596337499997,367.6259633898735,31.782722175121307,10
arm,0,0.7479492127895355,23.74305123090744,2.0,0.0,0,0.0,0,0.0,0,33.596187114715576,0.0,0,0,1.6875,0,0.0,0,0,0,6.773757725954056,405.99525978416204,36.5964408525,36.596440851688385,3.07937815785408,,type:lambda-function|arch:aarch64|lambda:True|mem:512,aws,1.9003938205218314,0.05656575890689196,4,aarch64,aarch64,False,,video,video_stage3_aws_512Mb_arm_analysis.json,0,1.103508710861206,24.030958652496338,2,0,0,0.0,0,0.0,0,23.74305123090744,0.0,0,0,2.0,0,0.0,0,0,0,7.257460117340088,418.2123290538788,37.08478355,37.08478355407715,3.395275592803955,"null, null, null, psutil",512,0,0.6418392658233643,23.452075481414795,2,0,0,0.0,0,0.0,0,3.07937815785408,0.0,0,0,0.0,0,0.0,0,0,0,6.323965787887573,396.4938960790634,35.96960402,35.96960401535034,2.796919584274292,False,,100,type:lambda-function|arch:aarch64|lambda:True|mem:512,False,,stage3,0,8.975390553474426,284.9166147708893,24.0,0.0,0,0.0,0,0.0,0,403.1542453765869,8,0.0,0,0,20.25,0,0.0,0,0,0,81.28509271144867,4871.9431174099445,439.15729023000006,439.1572902202606,36.95253789424896,12
arm,0,0.7499665021896362,38.20590651035309,2.0,0.0,0,0.0,0,0.0,0,54.222643941640854,0.0,0,0,0.25,0,0.0,0,0,0,11.043395608663559,624.536248730123,57.14182680875,57.141826808452606,4.9733418226242065,,type:lambda-function|arch:aarch64|lambda:True|mem:512,aws,4.077334342784881,0.07519615508187436,4,aarch64,aarch64,False,,video,video_stage3_aws_512Mb_arm_analysis.json,0,1.0742483139038086,139.76428174972534,2,0,0,0.0,0,0.0,0,38.20590651035309,0.0,0,0,2.0,0,0.0,0,0,0,40.25396537780762,2144.1804656386375,199.45864797,199.4586479663849,16.390387773513794,"null, null, null, psutil",512,0,0.6623070240020752,23.533708572387695,2,0,0,0.0,0,0.0,0,4.9733418226242065,0.0,0,0,0.0,0,0.0,0,0,0,6.159178733825684,395.70889585018165,35.96328998,35.963289976119995,2.939457654953003,False,,100,type:lambda-function|arch:aarch64|lambda:True|mem:512,False,,stage3,0,11.99946403503418,611.2945041656494,32.0,0.0,0,0.0,0,0.0,0,867.5623030662537,8,0.0,0,0,4.0,0,0.0,0,0,0,176.69432973861694,9992.579979681968,914.26922894,914.2692289352417,79.5734691619873,16
arm,0,0.7113737378801618,27.147393941879272,2.0,0.0,0,0.0,0,0.0,0,38.6974482195718,0.0,0,0,1.4000000000000001,0,0.0,0,0,0,8.077503408704485,462.18754005943026,41.81819769142857,41.818197693143574,3.472550868988037,,type:lambda-function|arch:aarch64|lambda:True|mem:512,aws,3.6214623518466946,0.09358400924263237,4,aarch64,aarch64,False,,video,video_stage3_aws_512Mb_arm_analysis.json,0,0.7816295623779297,47.31737971305847,2,0,0,0.0,0,0.0,0,27.147393941879272,0.0,0,0,2.0,0,0.0,0,0,0,14.600342512130737,766.5833272337914,71.31007695,71.31007695198059,6.340805292129517,"null, null, null, psutil",512,0,0.6705586910247803,23.537684679031372,2,0,0,0.0,0,0.0,0,3.472550868988037,0.0,0,0,0.0,0,0.0,0,0,0,6.658045291900635,407.4070863008499,36.5146172,36.51461720466614,2.710603713989258,False,,100,type:lambda-function|arch:aarch64|lambda:True|mem:512,False,,stage3,0,14.227474757603236,542.9478788375854,40.0,0.0,0,0.0,0,0.0,0,773.948964391436,7,0.0,0,0,28.000000000000004,0,0.0,0,0,0,161.55006817408972,9243.750801188606,836.3639538285714,836.3639538628715,69.45101737976074,20
arm,0,0.7190313679831368,23.719474179404124,2.0,0.0,0,0.0,0,0.0,0,33.92692290033613,0.0,0,0,1.6857142857142857,0,0.0,0,0,0,6.892601932798113,409.4997340764318,36.900091578571434,36.90009157998221,3.314846788133894,,type:lambda-function|arch:aarch64|lambda:True|mem:512,aws,3.7970134266390114,0.11191741254558021,4,aarch64,aarch64,False,,video,video_stage3_aws_512Mb_arm_analysis.json,0,0.8850562572479248,24.24972653388977,2,0,0,0.0,0,0.0,0,23.719474179404124,0.0,0,0,2.0,0,0.0,0,0,0,7.839496612548828,417.52598059177393,37.54643321,37.546433210372925,3.6856729984283447,"null, null, null, psutil",512,0,0.6595368385314941,23.503469944000244,2,0,0,0.0,0,0.0,0,3.314846788133894,0.0,0,0,0.0,0,0.0,0,0,0,6.381941318511963,400.3209057331085,35.99208593,35.9920859336853,3.0790226459503174,False,,100,type:lambda-function|arch:aarch64|lambda:True|mem:512,False,,stage3,0,17.256752831595286,569.2673803056989,48.0,0.0,0,0.0,0,0.0,0,814.2461496080671,7,0.0,0,0,40.457142857142856,0,0.0,0,0,0,165.4224463871547,9827.993617834363,885.6021978857144,885.602197919573,79.55632291521346,24
arm,0,0.7733026742935181,26.81470164656639,2.0,0.0,0,0.0,0,0.0,0,38.04325994849205,0.0,0,0,1.225,0,0.0,0,0,0,7.732851445674896,455.1471622481942,41.08655470625,41.08655470609665,3.495706856250763,,type:lambda-function|arch:aarch64|lambda:True|mem:512,aws,5.007913679512739,0.13163734354766413,4,aarch64,aarch64,False,,video,video_stage3_aws_512Mb_arm_analysis.json,0,1.080636739730835,48.46125507354736,2,0,0,0.0,0,0.0,0,26.81470164656639,0.0,0,0,2.0,0,0.0,0,0,0,14.039056539535522,783.6685471534729,71.2425952,71.24259519577026,5.913586139678955,"null, null, null, psutil",512,0,0.6498796939849854,23.482816457748413,2,0,0,0.0,0,0.0,0,3.495706856250763,0.0,0,0,0.0,0,0.0,0,0,0,6.218897104263306,396.218124628067,36.1511445,36.15114450454712,2.8904082775115967,False,,100,type:lambda-function|arch:aarch64|lambda:True|mem:512,False,,stage3,0,21.652474880218506,750.811646103859,56.0,0.0,0,0.0,0,0.0,0,1065.2112785577774,8,0.0,0,0,34.300000000000004,0,0.0,0,0,0,216.5198404788971,12744.120542949438,1150.423531775,1150.4235317707062,97.87979197502136,28
arm,0,1.6751078963279724,63.77793858200312,2.0,0.0,0,0.0,0,0.0,0,64.79585399478674,0.0,0,0,2.515625,0,0.0,0,0,0,0.5191991180181503,1965.2269776750354,69.171954780625,69.17195478081703,0.4987162947654724,,type:lambda-function|arch:aarch64|lambda:True|mem:1024,aws,3.403190802735686,0.05252173700819647,1,aarch64,aarch64,False,,titanic,titanic_stage_aws_1024Mb_arm_analysis.json,0,3.2361245155334473,66.45619082450867,2,0,0,0.0,0,0.0,0,63.77793858200312,0.0,0,0,11.5,0,0.0,0,0,0,0.7658483982086182,2052.82086507082,71.90265727,71.90265727043152,0.6734089851379395,"null, null, null, psutil",1024,0,1.3184564113616943,61.43351912498474,2,0,0,0.0,0,0.0,0,0.4987162947654724,0.0,0,0,0.0,0,0.0,0,0,0,0.4439737796783447,1883.6951476335526,66.09456658,66.09456658363342,0.2690858840942383,False,,100,type:lambda-function|arch:aarch64|lambda:True|mem:1024,False,,stage,0,6.70043158531189,255.11175432801247,8.0,0.0,0,0.0,0,0.0,0,259.18341597914696,8,0.0,0,0,10.0625,0,0.0,0,0,0,2.0767964720726013,7860.907910700142,276.6878191225,276.6878191232681,1.9948651790618896,4
arm,0,1.6351571679115295,48.221961772441865,2.0,0.0,0,0.0,0,0.0,0,49.12333596944809,0.0,0,0,2.135,0,0.0,0,0,0,0.4262044131755829,1516.4046239170432,53.1849647395,53.184964740276335,0.4751697838306427,,type:lambda-function|arch:aarch64|lambda:True|mem:1024,aws,3.216404850221872,0.06547610797895102,1,aarch64,aarch64,False,,titanic,titanic_stage_aws_1024Mb_arm_analysis.json,0,2.031728744506836,50.52513861656189,2,0,0,0.0,0,0.0,0,48.221961772441865,0.0,0,0,3.8,0,0.0,0,0,0,0.6087439060211182,1587.9729079842566,55.62076735,55.62076735496521,0.552337646484375,"null, null, null, psutil",1024,0,1.3491790294647217,45.341890811920166,2,0,0,0.0,0,0.0,0,0.4262044131755829,0.0,0,0,1.9,0,0.0,0,0,0,0.37693095207214355,1433.246690285206,50.20128512,50.20128512382507,0.2446451187133789,False,,100,type:lambda-function|arch:aarch64|lambda:True|mem:1024,False,,stage,0,8.175785839557648,241.10980886220932,10.0,0.0,0,0.0,0,0.0,0,245.61667984724045,8,0.0,0,0,10.674999999999999,0,0.0,0,0,0,2.1310220658779144,7582.023119585216,265.9248236975,265.9248237013817,2.3758489191532135,5
arm,0,1.6598105231920879,37.94128341476122,2.0,0.0,0,0.0,0,0.0,0,38.77032136420409,0.0,0,0,2.995833333333333,0,0.0,0,0,0,0.5553841988245646,1217.0754262623689,42.813141648333335,42.81314164896806,0.27365375061829883,,type:lambda-function|arch:aarch64|lambda:True|mem:1024,aws,3.0368203245174885,0.07832847956017533,1,aarch64,aarch64,False,,titanic,titanic_stage_aws_1024Mb_arm_analysis.json,0,2.08199143409729,39.38377642631531,2,0,0,0.0,0,0.0,0,37.94128341476122,0.0,0,0,11.8,0,0.0,0,0,0,0.639794111251831,1261.0440242528916,44.55985951,44.55985951423645,0.5443682670593262,"null, null, null, psutil",1024,0,1.3645577430725098,36.41314744949341,2,0,0,0.0,0,0.0,0,0.27365375061829883,0.0,0,0,1.9,0,0.0,0,0,0,0.3641231060028076,1169.478660106659,41.03433895,41.03433895111084,0.23453855514526367,False,,100,type:lambda-function|arch:aarch64|lambda:True|mem:1024,False,,stage,0,9.958863139152527,227.64770048856735,12.0,0.0,0,0.0,0,0.0,0,232.62192818522453,8,0.0,0,0,17.974999999999998,0,0.0,0,0,0,3.3323051929473877,7302.452557574214,256.87884989,256.87884989380836,1.641922503709793,6
arm,0,1.4338091176653665,31.720780421817114,2.0,0.0,0,0.0,0,0.0,0,32.356297053988015,0.0,0,0,2.6333333333333333,0,0.0,0,0,0,0.3783760827685159,1036.258349012193,36.576488892698414,36.57648889223734,0.25714054940238834,,type:lambda-function|arch:aarch64|lambda:True|mem:1024,aws,2.9620864757892815,0.0915459043674528,1,aarch64,aarch64,False,,titanic,titanic_stage_aws_1024Mb_arm_analysis.json,0,1.9099414348602295,33.50161600112915,2,0,0,0.0,0,0.0,0,31.720780421817114,0.0,0,0,9.8,0,0.0,0,0,0,0.5715310573577881,1096.2283916473386,38.59959126,38.59959125518799,0.482330322265625,"null, null, null, psutil",1024,0,1.3031318187713623,30.416107892990112,2,0,0,0.0,0,0.0,0,0.25714054940238834,0.0,0,0,1.9,0,0.0,0,0,0,0.3233180046081543,993.5784128308295,35.02555656,35.025556564331055,0.23370122909545898,False,,100,type:lambda-function|arch:aarch64|lambda:True|mem:1024,False,,stage,0,10.036663823657566,222.0454629527198,14.0,0.0,0,0.0,0,0.0,0,226.4940793779161,9,0.0,0,0,18.433333333333334,0,0.0,0,0,0,2.6486325793796115,7253.808443085351,256.0354222488889,256.0354222456614,1.7999838458167183,7
arm,0,1.4233907262484233,26.841130395730335,2.0,0.0,0,0.0,0,0.0,0,27.684377948443093,0.0,0,0,2.2652777777777775,0,0.0,0,0,0,0.36412989762094283,897.1386333602999,31.885990291944445,31.885990291833878,0.47911765509181553,,type:lambda-function|arch:aarch64|lambda:True|mem:1024,aws,2.864485435832341,0.1034693804992441,1,aarch64,aarch64,False,,titanic,titanic_stage_aws_1024Mb_arm_analysis.json,0,2.0331785678863525,28.807320594787598,2,0,0,0.0,0,0.0,0,26.841130395730335,0.0,0,0,8.0,0,0.0,0,0,0,0.5596218109130859,950.3499489426614,34.24684501,34.24684500694275,0.5615735054016113,"null, null, null, psutil",1024,0,1.2820839881896973,25.43608283996582,2,0,0,0.0,0,0.0,0,0.36412989762094283,0.0,0,0,0.0,0,0.0,0,0,0,0.3138110637664795,849.387429714203,30.18668461,30.186684608459473,0.23963451385498047,False,,100,type:lambda-function|arch:aarch64|lambda:True|mem:1024,False,,stage,0,11.387125809987387,214.72904316584268,16.0,0.0,0,0.0,0,0.0,0,221.47502358754474,9,0.0,0,0,18.12222222222222,0,0.0,0,0,0,2.9130391809675427,7177.109066882399,255.08792233555556,255.08792233467102,3.8329412407345242,8
arm,0,1.4197218712465263,23.1667071742776,2.0,0.0,0,0.0,0,0.0,0,23.96954684198639,0.0,0,0,2.3901234567901235,0,0.0,0,0,0,0.32959198068689416,793.1528796222476,28.14751086407407,28.147510864116526,0.4732476870218913,,type:lambda-function|arch:aarch64|lambda:True|mem:1024,aws,2.7813948633437686,0.11603869199862064,1,aarch64,aarch64,False,,titanic,titanic_stage_aws_1024Mb_arm_analysis.json,0,2.282010316848755,24.4144766330719,2,0,0,0.0,0,0.0,0,23.1667071742776,0.0,0,0,8.2,0,0.0,0,0,0,0.45482563972473145,829.0544001460075,29.75323486,29.75323486328125,0.6255850791931152,"null, null, null, psutil",1024,0,1.2794280052185059,22.222946643829346,2,0,0,0.0,0,0.0,0,0.32959198068689416,0.0,0,0,1.9,0,0.0,0,0,0,0.29416728019714355,758.6722631692885,27.19255424,27.192554235458374,0.25539183616638184,False,,100,type:lambda-function|arch:aarch64|lambda:True|mem:1024,False,,stage,0,12.777496841218737,208.5003645684984,18.0,0.0,0,0.0,0,0.0,0,215.7259215778775,9,0.0,0,0,21.511111111111113,0,0.0,0,0,0,2.9663278261820474,7138.375916600228,253.32759777666664,253.32759777704874,4.2592291831970215,9
arm,0,1.5993837780422635,20.629433523284064,2.0,0.0,0,0.0,0,0.0,0,21.3865726629893,0.0,0,0,2.253333333333333,0,0.0,0,0,0,0.4973960240681966,714.0126140564017,25.335412994888888,25.335412995020548,0.2597431156370375,,type:lambda-function|arch:aarch64|lambda:True|mem:1024,aws,2.751966432006094,0.1286773002561804,1,aarch64,aarch64,False,,titanic,titanic_stage_aws_1024Mb_arm_analysis.json,0,2.0320236682891846,21.67960238456726,2,0,0,0.0,0,0.0,0,20.629433523284064,0.0,0,0,3.8,0,0.0,0,0,0,0.5785956382751465,749.6708006262779,26.53701949,26.53701949119568,0.5231723785400391,"null, null, null, psutil",1024,0,1.3459444046020508,19.561594486236572,2,0,0,0.0,0,0.0,0,0.2597431156370375,0.0,0,0,0.0,0,0.0,0,0,0,0.2966911792755127,669.7896650075911,24.00679803,24.006798028945923,0.2304530143737793,False,,100,type:lambda-function|arch:aarch64|lambda:True|mem:1024,False,,stage,0,15.993837780422634,206.29433523284064,20.0,0.0,0,0.0,0,0.0,0,213.86572662989298,9,0.0,0,0,22.53333333333333,0,0.0,0,0,0,4.973960240681966,7140.126140564017,253.35412994888887,253.35412995020548,2.597431156370375,10
arm,0,1.5826532266758107,16.504764828417038,2.0,0.0,0,0.0,0,0.0,0,17.094470227206195,0.0,0,0,2.276851851851852,0,0.0,0,0,0,0.33054185575909084,596.4156806647777,21.311176562685183,21.31117656275078,0.2591635430300677,,type:lambda-function|arch:aarch64|lambda:True|mem:1024,aws,2.6420827537329994,0.15455774403163844,1,aarch64,aarch64,False,,titanic,titanic_stage_aws_1024Mb_arm_analysis.json,0,3.1215131282806396,17.49474859237671,2,0,0,0.0,0,0.0,0,16.504764828417038,0.0,0,0,6.1,0,0.0,0,0,0,0.5659058094024658,625.9063462615014,22.56556582,22.565565824508667,0.48269033432006836,"null, null, null, psutil",1024,0,1.2710826396942139,15.758642435073853,2,0,0,0.0,0,0.0,0,0.2591635430300677,0.0,0,0,0.0,0,0.0,0,0,0,0.2718358039855957,567.53330245018,20.48856688,20.488566875457764,0.2211627960205078,False,,100,type:lambda-function|arch:aarch64|lambda:True|mem:1024,False,,stage,0,18.991838720109726,198.05717794100445,24.0,0.0,0,0.0,0,0.0,0,205.13364272647433,9,0.0,0,0,27.322222222222223,0,0.0,0,0,0,3.96650226910909,7156.9881679773325,255.7341187522222,255.73411875300937,3.1099625163608127,12
arm,0,1.4123748745769262,11.78282055258751,2.0,0.0,0,0.0,0,0.0,0,12.55983417108655,0.0,0,0,2.83203125,0,0.0,0,0,0,0.30102558247745037,464.5747828078457,16.7112804334375,16.71128043346107,0.47598803602159023,,type:lambda-function|arch:aarch64|lambda:True|mem:1024,aws,2.5149252187442777,0.2002355432792081,1,aarch64,aarch64,False,,titanic,titanic_stage_aws_1024Mb_arm_analysis.json,0,2.4669435024261475,12.274542570114136,2,0,0,0.0,0,0.0,0,11.78282055258751,0.0,0,0,11.3,0,0.0,0,0,0,0.4685244560241699,483.07807313203807,17.41475844,17.414758443832397,0.5757966041564941,"null, null, null, psutil",1024,0,1.2789273262023926,10.839447975158691,2,0,0,0.0,0,0.0,0,0.30102558247745037,0.0,0,0,0.0,0,0.0,0,0,0,0.262768030166626,433.5129275321961,15.62208748,15.622087478637695,0.23742246627807617,False,,100,type:lambda-function|arch:aarch64|lambda:True|mem:1024,False,,stage,0,22.59799799323082,188.52512884140015,32.0,0.0,0,0.0,0,0.0,0,200.9573467373848,8,0.0,0,0,45.3125,0,0.0,0,0,0,4.816409319639206,7433.196524925531,267.380486935,267.3804869353771,7.615808576345444,16
arm,0,1.4161316023932562,9.13997180726793,2.0,0.0,0,0.0,0,0.0,0,9.88443786965476,0.0,0,0,3.0505555555555555,0,0.0,0,0,0,0.28995563321643403,387.57766706546147,14.011867340444443,14.011867340405782,0.4545104291703966,,type:lambda-function|arch:aarch64|lambda:True|mem:1024,aws,2.4385444781790837,0.24670542830416475,1,aarch64,aarch64,False,,titanic,titanic_stage_aws_1024Mb_arm_analysis.json,0,1.869642734527588,9.748257398605347,2,0,0,0.0,0,0.0,0,9.13997180726793,0.0,0,0,13.0,0,0.0,0,0,0,0.7074253559112549,415.09041507244115,14.77190089,14.77190089225769,0.5519230365753174,"null, null, null, psutil",1024,0,1.2812724113464355,8.55189037322998,2,0,0,0.0,0,0.0,0,0.28995563321643403,0.0,0,0,0.0,0,0.0,0,0,0,0.25377321243286133,358.81321105957034,13.14334106,13.143341064453125,0.23461318016052246,False,,100,type:lambda-function|arch:aarch64|lambda:True|mem:1024,False,,stage,0,28.322632047865124,182.79943614535858,40.0,0.0,0,0.0,0,0.0,0,197.68875739309522,9,0.0,0,0,61.011111111111106,0,0.0,0,0,0,5.79911266432868,7751.553341309229,280.23734680888884,280.23734680811566,9.090208583407932,20
arm,0,1.5594356920984056,7.3711497485637665,2.0,0.0,0,0.0,0,0.0,0,8.086308209984391,0.0,0,0,2.399537037037037,0,0.0,0,0,0,0.44733003664899756,330.08921999186276,12.034455860972221,12.034455861206409,0.26782842477162677,,type:lambda-function|arch:aarch64|lambda:True|mem:1024,aws,2.3599473035001752,0.29184483725048743,1,aarch64,aarch64,False,,titanic,titanic_stage_aws_1024Mb_arm_analysis.json,0,2.6043806076049805,7.879648685455322,2,0,0,0.0,0,0.0,0,7.3711497485637665,0.0,0,0,9.8,0,0.0,0,0,0,0.7582297325134277,353.236986386776,12.77529788,12.77529788017273,0.5348262786865234,"null, null, null, psutil",1024,0,1.3095674514770508,6.785622835159302,2,0,0,0.0,0,0.0,0,0.26782842477162677,0.0,0,0,0.0,0,0.0,0,0,0,0.2553224563598633,302.63494735956186,10.97878408,10.978784084320068,0.21961069107055664,False,,100,type:lambda-function|arch:aarch64|lambda:True|mem:1024,False,,stage,0,37.42645661036173,176.9075939655304,48.0,0.0,0,0.0,0,0.0,0,194.0713970396254,9,0.0,0,0,57.58888888888889,0,0.0,0,0,0,10.735920879575941,7922.141279804706,288.8269406633333,288.8269406689538,6.427882194519043,24
arm,0,2.530007759730021,6.262075244434296,2.0,0.0,0,0.0,0,0.0,0,6.875472404654064,0.0,0,0,1.901190476190476,0,0.0,0,0,0,0.34346785999479745,305.5082417008423,11.52191819345238,11.52191819368847,0.26992930022497025,,type:lambda-function|arch:aarch64|lambda:True|mem:1024,aws,2.339010345301098,0.3401963105426476,1,aarch64,aarch64,False,,titanic,titanic_stage_aws_1024Mb_arm_analysis.json,0,3.18090558052063,6.834965467453003,2,0,0,0.0,0,0.0,0,6.262075244434296,0.0,0,0,5.6,0,0.0,0,0,0,0.6332447528839111,335.0829030990601,12.69253421,12.69253420829773,0.5038917064666748,"null, null, null, psutil",1024,0,1.3293397426605225,5.808605670928955,2,0,0,0.0,0,0.0,0,0.26992930022497025,0.0,0,0,0.0,0,0.0,0,0,0,0.25098633766174316,278.3891507387161,10.49983954,10.499839544296265,0.22098231315612793,False,,100,type:lambda-function|arch:aarch64|lambda:True|mem:1024,False,,stage,0,70.84021727244058,175.33810684416028,56.0,0.0,0,0.0,0,0.0,0,192.5132273303138,9,0.0,0,0,53.233333333333334,0,0.0,0,0,0,9.617100079854328,8554.230767623583,322.61370941666667,322.61370942327716,7.558020406299167,28
arm,0,0.8434194028377533,88.12997603416443,2.0,0.0,0,0.0,0,0.0,0,96.59328961372375,0.0,0,0,2.3874999999999997,0,0.0,0,0,0,1.6846235692501068,2108.7828937217596,98.91970443625,98.91970443725586,6.778690010309219,,type:lambda-function|arch:aarch64|lambda:True|mem:1024,aws,4.702615521183014,0.04868470201179355,4,aarch64,aarch64,False,,video,video_stage0_aws_1024Mb_arm_analysis.json,0,1.096895456314087,90.13200378417969,2,0,0,0.0,0,0.0,0,88.12997603416443,0.0,0,0,3.8,0,0.0,0,0,0,1.911470651626587,2178.801872777939,101.81317163,101.81317162513733,7.358740329742432,"null, null, null, psutil",1024,0,0.6818101406097412,87.13746237754822,2,0,0,0.0,0,0.0,0,1.6846235692501068,0.0,0,0,1.9,0,0.0,0,0,0,1.4262173175811768,2061.7304784774783,97.25143766,97.25143766403198,6.081654787063599,False,,100,type:lambda-function|arch:aarch64|lambda:True|mem:1024,False,,stage0,0,3.373677611351013,352.5199041366577,8.0,0.0,0,0.0,0,0.0,0,386.373158454895,8,0.0,0,0,9.549999999999999,0,0.0,0,0,0,6.738494277000427,8435.131574887038,395.678817745,395.67881774902344,27.114760041236877,4
arm,0,0.8508295829479511,87.79453479326688,2.0,0.0,0,0.0,0,0.0,0,95.90491900077232,0.0,0,0,2.215384615384615,0,0.0,0,0,0,1.5089397980616643,2098.5879089859814,98.21267316923075,98.21267316891597,6.601444409443782,,type:lambda-function|arch:aarch64|lambda:True|mem:1024,aws,5.8558954707109,0.06105938602235556,4,aarch64,aarch64,False,,video,video_stage0_aws_1024Mb_arm_analysis.json,0,1.0833230018615723,89.39723825454712,2,0,0,0.0,0,0.0,0,87.79453479326688,0.0,0,0,3.8,0,0.0,0,0,0,1.79278564453125,2161.5226060152054,100.53593516,100.53593516349792,7.466887950897217,"null, null, null, psutil",1024,0,0.6739156246185303,86.11570167541504,2,0,0,0.0,0,0.0,0,1.5089397980616643,0.0,0,0,1.9,0,0.0,0,0,0,1.0006709098815918,2052.0816135406494,94.79686427,94.79686427116394,5.42814040184021,False,,100,type:lambda-function|arch:aarch64|lambda:True|mem:1024,False,,stage0,0,4.254147914739756,438.97267396633436,10.0,0.0,0,0.0,0,0.0,0,479.52459500386163,13,0.0,0,0,11.076923076923075,0,0.0,0,0,0,7.544698990308322,10492.939544929906,491.0633658461538,491.06336584457983,33.00722204721891,5
arm,0,0.9304534594217936,88.07013710339864,2.0,0.0,0,0.0,0,0.0,0,96.71185769637425,0.0,0,0,2.2333333333333334,0,0.0,0,0,0,1.661940574645996,2101.325717670719,98.909492435,98.90949243307114,6.97978001832962,,type:lambda-function|arch:aarch64|lambda:True|mem:1024,aws,7.049133773756027,0.07288799886242181,4,aarch64,aarch64,False,,video,video_stage0_aws_1024Mb_arm_analysis.json,0,1.0837557315826416,89.49654030799866,2,0,0,0.0,0,0.0,0,88.07013710339864,0.0,0,0,5.5,0,0.0,0,0,0,1.9964158535003662,2140.3604568243027,103.30799723,103.30799722671509,11.215670347213745,"null, null, null, psutil",1024,0,0.7031433582305908,87.1419620513916,2,0,0,0.0,0,0.0,0,1.661940574645996,0.0,0,0,0.0,0,0.0,0,0,0,1.3788652420043945,2077.1447507858275,96.96089149,96.96089148521423,6.140925407409668,False,,100,type:lambda-function|arch:aarch64|lambda:True|mem:1024,False,,stage0,0,5.582720756530762,528.4208226203918,12.0,0.0,0,0.0,0,0.0,0,580.2711461782455,12,0.0,0,0,13.4,0,0.0,0,0,0,9.971643447875977,12607.954306024312,593.45695461,593.4569545984268,41.87868010997772,6
arm,0,0.9533313711484274,87.93026987711589,2.0,0.0,0,0.0,0,0.0,0,96.41480102141698,0.0,0,0,2.375,0,0.0,0,0,0,1.6425140102704365,2091.0579544047514,98.68015529583333,98.68015529712041,6.84201713403066,,type:lambda-function|arch:aarch64|lambda:True|mem:1024,aws,8.210928601125081,0.0851625322475245,4,aarch64,aarch64,False,,video,video_stage0_aws_1024Mb_arm_analysis.json,0,1.4688119888305664,89.28224682807922,2,0,0,0.0,0,0.0,0,87.93026987711589,0.0,0,0,3.8,0,0.0,0,0,0,2.162921667098999,2131.6482763051986,100.81865501,100.81865501403809,8.635277032852173,"null, null, null, psutil",1024,0,0.733680009841919,86.812979221344,2,0,0,0.0,0,0.0,0,1.6425140102704365,0.0,0,0,1.9,0,0.0,0,0,0,1.3830740451812744,2041.7763453960422,96.99650097,96.9965009689331,5.539266586303711,False,,100,type:lambda-function|arch:aarch64|lambda:True|mem:1024,False,,stage0,0,6.673319598038992,615.5118891398113,14.0,0.0,0,0.0,0,0.0,0,674.9036071499188,12,0.0,0,0,16.625,0,0.0,0,0,0,11.497598071893055,14637.40568083326,690.7610870708334,690.7610870798428,47.894119938214615,7
arm,0,0.9134817556901411,87.98323178291321,2.0,0.0,0,0.0,0,0.0,0,96.42850719798695,0.0,0,0,1.918181818181818,0,0.0,0,0,0,1.5882294611497358,2093.9161593393846,98.67051818181818,98.67051818154074,6.857045953924006,,type:lambda-function|arch:aarch64|lambda:True|mem:1024,aws,9.389570495872498,0.09737338852082235,4,aarch64,aarch64,False,,video,video_stage0_aws_1024Mb_arm_analysis.json,0,1.0384149551391602,89.10129618644714,2,0,0,0.0,0,0.0,0,87.98323178291321,0.0,0,0,3.8,0,0.0,0,0,0,2.0620272159576416,2137.7635382890703,100.50132847,100.50132846832275,8.948131084442139,"null, null, null, psutil",1024,0,0.7443852424621582,85.72944760322571,2,0,0,0.0,0,0.0,0,1.5882294611497358,0.0,0,0,0.0,0,0.0,0,0,0,1.2988369464874268,2035.867460989952,95.58063197,95.58063197135925,5.889800071716309,False,,100,type:lambda-function|arch:aarch64|lambda:True|mem:1024,False,,stage0,0,7.307854045521129,703.8658542633057,16.0,0.0,0,0.0,0,0.0,0,771.4280575838956,11,0.0,0,0,15.345454545454544,0,0.0,0,0,0,12.705835689197887,16751.329274715077,789.3641454545455,789.3641454523259,54.85636763139205,8
arm,0,0.9400641484694048,87.65903741663152,2.0,0.0,0,0.0,0,0.0,0,95.94384108890186,0.0,0,0,2.0818181818181816,0,0.0,0,0,0,1.5707465952092952,2088.9671639334074,98.20030771636362,98.20030771602283,6.714057077061046,,type:lambda-function|arch:aarch64|lambda:True|mem:1024,aws,10.52434403224078,0.10969275268528066,4,aarch64,aarch64,False,,video,video_stage0_aws_1024Mb_arm_analysis.json,0,1.47865891456604,89.02740502357483,2,0,0,0.0,0,0.0,0,87.65903741663152,0.0,0,0,3.8,0,0.0,0,0,0,1.8362805843353271,2139.0995775461197,99.51771784,99.51771783828735,7.489102840423584,"null, null, null, psutil",1024,0,0.7090563774108887,86.40073275566101,2,0,0,0.0,0,0.0,0,1.5707465952092952,0.0,0,0,0.0,0,0.0,0,0,0,1.3754286766052246,2063.153044223786,96.94284987,96.94284987449646,6.054199457168579,False,,100,type:lambda-function|arch:aarch64|lambda:True|mem:1024,False,,stage0,0,8.460577336224643,788.9313367496836,18.0,0.0,0,0.0,0,0.0,0,863.4945698001168,11,0.0,0,0,18.736363636363635,0,0.0,0,0,0,14.136719356883656,18800.704475400667,883.8027694472726,883.8027694442055,60.42651369354941,9
arm,0,0.8964000298426702,88.02662776066707,2.0,0.0,0,0.0,0,0.0,0,96.18701457977295,0.0,0,0,2.8,0,0.0,0,0,0,1.5152743046100323,2098.976175857507,98.49805808076924,98.49805808067322,6.64511251449585,,type:lambda-function|arch:aarch64|lambda:True|mem:1024,aws,11.742752143272986,0.12208250972935752,4,aarch64,aarch64,False,,video,video_stage0_aws_1024Mb_arm_analysis.json,0,1.1539037227630615,89.50344276428223,2,0,0,0.0,0,0.0,0,88.02662776066707,0.0,0,0,7.7,0,0.0,0,0,0,2.2841358184814453,2152.301249885559,100.31252694,100.31252694129944,7.955185651779175,"null, null, null, psutil",1024,0,0.6767251491546631,85.60008764266968,2,0,0,0.0,0,0.0,0,1.5152743046100323,0.0,0,0,0.0,0,0.0,0,0,0,0.9732675552368164,2039.7469184160234,95.76276612,95.762766122818,5.576874017715454,False,,100,type:lambda-function|arch:aarch64|lambda:True|mem:1024,False,,stage0,0,8.964000298426702,880.2662776066707,20.0,0.0,0,0.0,0,0.0,0,961.8701457977295,13,0.0,0,0,28.0,0,0.0,0,0,0,15.152743046100323,20989.76175857507,984.9805808076924,984.9805808067322,66.4511251449585,10
arm,0,0.8704873402913411,87.695627450943,2.0,0.0,0,0.0,0,0.0,0,96.01078826586405,0.0,0,0,2.04,0,0.0,0,0,0,1.647443993886312,2094.0951812203725,98.17546257933333,98.17546257972717,6.667716821034749,,type:lambda-function|arch:aarch64|lambda:True|mem:1024,aws,14.038316042346954,0.14621602734344155,4,aarch64,aarch64,False,,video,video_stage0_aws_1024Mb_arm_analysis.json,0,1.0322003364562988,88.87769365310669,2,0,0,0.0,0,0.0,0,87.695627450943,0.0,0,0,3.8,0,0.0,0,0,0,2.121802568435669,2128.6781722307205,100.17309046,100.17309045791626,7.305291175842285,"null, null, null, psutil",1024,0,0.7117140293121338,86.15032124519348,2,0,0,0.0,0,0.0,0,1.647443993886312,0.0,0,0,1.9,0,0.0,0,0,0,1.196915864944458,2039.099551820755,96.87605977,96.8760597705841,5.788527250289917,False,,100,type:lambda-function|arch:aarch64|lambda:True|mem:1024,False,,stage0,0,10.445848083496093,1052.347529411316,24.0,0.0,0,0.0,0,0.0,0,1152.1294591903686,15,0.0,0,0,24.48,0,0.0,0,0,0,19.769327926635743,25129.14217464447,1178.105550952,1178.105550956726,80.01260185241699,12
arm,0,0.9374710491725377,87.87603783607483,2.0,0.0,0,0.0,0,0.0,0,97.03162532193319,0.0,0,0,1.9285714285714286,0,0.0,0,0,0,1.693030936377389,2094.931159434148,99.27848221500001,99.27848221574511,7.462556549480984,,type:lambda-function|arch:aarch64|lambda:True|mem:1024,aws,18.75626151573181,0.1933004981984169,4,aarch64,aarch64,False,,video,video_stage0_aws_1024Mb_arm_analysis.json,0,1.6223540306091309,89.96246385574341,2,0,0,0.0,0,0.0,0,87.87603783607483,0.0,0,0,3.8,0,0.0,0,0,0,1.9821977615356445,2166.0441917181015,107.57428908,107.57428908348083,14.263807535171509,"null, null, null, psutil",1024,0,0.6763122081756592,85.14400792121887,2,0,0,0.0,0,0.0,0,1.693030936377389,0.0,0,0,0.0,0,0.0,0,0,0,1.3955368995666504,2009.3251308798788,95.28160048,95.28160047531128,5.37008810043335,False,,100,type:lambda-function|arch:aarch64|lambda:True|mem:1024,False,,stage0,0,14.999536786760602,1406.0166053771973,32.0,0.0,0,0.0,0,0.0,0,1552.506005150931,14,0.0,0,0,30.857142857142858,0,0.0,0,0,0,27.088494982038224,33518.89855094637,1588.4557154400002,1588.4557154519218,119.40090479169574,16
arm,0,0.9691989103953044,87.69560852050782,2.0,0.0,0,0.0,0,0.0,0,96.26136886278789,0.0,0,0,2.1666666666666665,0,0.0,0,0,0,1.673963689804077,2089.8058778707186,98.46255772800001,98.46255772908529,6.891796652475993,,type:lambda-function|arch:aarch64|lambda:True|mem:1024,aws,23.397188353271485,0.2430589615510467,4,aarch64,aarch64,False,,video,video_stage0_aws_1024Mb_arm_analysis.json,0,1.414407730102539,89.77977967262268,2,0,0,0.0,0,0.0,0,87.69560852050782,0.0,0,0,3.8,0,0.0,0,0,0,2.185856342315674,2132.340911269188,101.5244627,101.52446269989014,8.48250126838684,"null, null, null, psutil",1024,0,0.6846487522125244,86.14717817306519,2,0,0,0.0,0,0.0,0,1.673963689804077,0.0,0,0,1.9,0,0.0,0,0,0,1.361565113067627,2058.1139451146128,96.36173105,96.36173105239868,5.531809329986572,False,,100,type:lambda-function|arch:aarch64|lambda:True|mem:1024,False,,stage0,0,19.383978207906086,1753.9121704101562,40.0,0.0,0,0.0,0,0.0,0,1925.2273772557578,15,0.0,0,0,43.33333333333333,0,0.0,0,0,0,33.47927379608154,41796.11755741437,1969.25115456,1969.2511545817058,137.83593304951984,20
arm,0,0.9238798985114465,87.49807893312894,2.0,0.0,0,0.0,0,0.0,0,96.2205325273367,0.0,0,0,1.9384615384615385,0,0.0,0,0,0,1.862831977697519,2075.7018204725705,98.50403239153846,98.50403239176823,6.859621616510244,,type:lambda-function|arch:aarch64|lambda:True|mem:1024,aws,28.013384951230563,0.2911372886371402,4,aarch64,aarch64,False,,video,video_stage0_aws_1024Mb_arm_analysis.json,0,1.836357831954956,88.51862716674805,2,0,0,0.0,0,0.0,0,87.49807893312894,0.0,0,0,3.8,0,0.0,0,0,0,2.8591392040252686,2118.6471103191375,100.14088964,100.1408896446228,7.652095556259155,"null, null, null, psutil",1024,0,0.6846859455108643,86.12102508544922,2,0,0,0.0,0,0.0,0,1.862831977697519,0.0,0,0,0.0,0,0.0,0,0,0,1.41762375831604,2039.0800993680955,96.41040659,96.41040658950806,5.972336530685425,False,,100,type:lambda-function|arch:aarch64|lambda:True|mem:1024,False,,stage0,0,22.173117564274715,2099.9538943950947,48.0,0.0,0,0.0,0,0.0,0,2309.292780656081,13,0.0,0,0,46.52307692307692,0,0.0,0,0,0,44.707967464740456,49816.843691341695,2364.0967773969232,2364.0967774024375,164.63091879624585,24
arm,0,1.1963448842366537,87.79853088061014,2.0,0.0,0,0.0,0,0.0,0,96.56647756894428,0.0,0,0,2.4066666666666667,0,0.0,0,0,0,1.819409958521525,2093.9572621305783,98.89485314666666,98.89485314687093,6.948536729812622,,type:lambda-function|arch:aarch64|lambda:True|mem:1024,aws,32.794507254525506,0.33960550369160614,4,aarch64,aarch64,False,,video,video_stage0_aws_1024Mb_arm_analysis.json,0,2.2050235271453857,89.85999846458435,2,0,0,0.0,0,0.0,0,87.79853088061014,0.0,0,0,3.8,0,0.0,0,0,0,2.613924026489258,2148.436079406738,101.80292511,101.80292510986328,8.55435824394226,"null, null, null, psutil",1024,0,0.7139077186584473,85.54070830345154,2,0,0,0.0,0,0.0,0,1.819409958521525,0.0,0,0,1.9,0,0.0,0,0,0,0.9820919036865234,2041.02138133049,94.71096897,94.71096897125244,5.699010133743286,False,,100,type:lambda-function|arch:aarch64|lambda:True|mem:1024,False,,stage0,0,33.497656758626306,2458.3588646570843,56.0,0.0,0,0.0,0,0.0,0,2703.86137193044,15,0.0,0,0,67.38666666666667,0,0.0,0,0,0,50.9434788386027,58630.803339656195,2769.0558881066663,2769.055888112386,194.5590284347534,28
arm,0,8.215041788337723,2.755187837483513,2.0,0.0,0,0.0,0,0.0,0,5.092766430885387,0.0,0,0,2.1708333333333334,0,0.0,0,0,0,1.8535257148378046,182.38883754262065,8.462442849583333,8.460857429333728,0.48405287856406987,,type:lambda-function|arch:aarch64|lambda:True|mem:1024,aws,0.14701682300812025,0.02886777255609602,4,aarch64,aarch64,False,,ml,ml_stage2_aws_1024Mb_arm_analysis.json,0,57.078192609659055,2.9593272010656877,2,0,0,0.0,0,0.0,0,2.755187837483513,0.0,0,0,3.9,0,0.0,0,0,0,2.0924387020997695,194.5028395297912,9.02587062,9.01451666176757,0.6883136383098867,"null, null, null, psutil",1024,0,1.2642826510172545,2.5392844572766546,2,0,0,0.0,0,0.0,0,0.48405287856406987,0.0,0,0,0.0,0,0.0,0,0,0,1.651381260423073,171.12130144126075,7.80414304,7.787428651815903,0.3853300044544445,False,,100,type:lambda-function|arch:aarch64|lambda:True|mem:1024,False,,stage2,0,32.86016715335089,11.020751349934052,8.0,0.0,0,0.0,0,0.0,0,20.371065723541548,12,0.0,0,0,8.683333333333334,0,0.0,0,0,0,7.414102859351218,729.5553501704826,33.84977139833333,33.843429717334914,1.9362115142562795,4
arm,0,1.4585107406998299,2.804299137769404,2.0,0.0,0,0.0,0,0.0,0,5.381188849298141,0.0,0,0,2.3766666666666665,0,0.0,0,0,0,2.118482335855541,188.7796582183813,8.8849495435,8.868001204837205,0.4584073756731959,,type:lambda-function|arch:aarch64|lambda:True|mem:1024,aws,0.1870467524892193,0.03475937338895205,4,aarch64,aarch64,False,,ml,ml_stage2_aws_1024Mb_arm_analysis.json,0,1.6426782065271783,3.0478727919488753,2,0,0,0.0,0,0.0,0,2.804299137769404,0.0,0,0,3.9,0,0.0,0,0,0,2.791053095816765,200.00655350796,9.79203571,9.89860288941499,0.5749025344848633,"null, null, null, psutil",1024,0,1.267603754183058,2.6372448264800616,2,0,0,0.0,0,0.0,0,0.4584073756731959,0.0,0,0,1.8,0,0.0,0,0,0,1.8121110741376532,176.7027901914646,8.2566036,8.284542927876958,0.3868535630556205,False,,100,type:lambda-function|arch:aarch64|lambda:True|mem:1024,False,,stage2,0,7.292553703499149,14.021495688847022,10.0,0.0,0,0.0,0,0.0,0,26.905944246490705,12,0.0,0,0,11.883333333333333,0,0.0,0,0,0,10.592411679277705,943.8982910919065,44.4247477175,44.340006024186025,2.2920368783659795,5
arm,0,1.3781503988471253,2.8358766622114087,2.0,0.0,0,0.0,0,0.0,0,5.759999274137739,0.0,0,0,2.156944444444444,0,0.0,0,0,0,2.426800835597847,195.00347581308495,9.17910189375,9.187552622286303,0.4973217763284835,,type:lambda-function|arch:aarch64|lambda:True|mem:1024,aws,0.22698356804340114,0.03940687441794516,4,aarch64,aarch64,False,,ml,ml_stage2_aws_1024Mb_arm_analysis.json,0,1.630597933694883,3.06314359852477,2,0,0,0.0,0,0.0,0,2.8358766622114087,0.0,0,0,3.9,0,0.0,0,0,0,2.8872594564631777,208.46645369945577,9.99735727,9.949855644794102,0.7150471665349346,"null, null, null, psutil",1024,0,1.270278357399229,2.598294535311981,2,0,0,0.0,0,0.0,0,0.4973217763284835,0.0,0,0,0.0,0,0.0,0,0,0,2.037222475194567,179.75517723304267,8.30197459,8.447594758104438,0.3588677244383771,False,,100,type:lambda-function|arch:aarch64|lambda:True|mem:1024,False,,stage2,0,8.268902393082751,17.015259973268453,12.0,0.0,0,0.0,0,0.0,0,34.55999564482643,12,0.0,0,0,12.941666666666665,0,0.0,0,0,0,14.560805013587082,1170.0208548785097,55.074611362499994,55.12531573371781,2.983930657970901,6
arm,0,1.5105855720260788,2.7583558145777323,2.0,0.0,0,0.0,0,0.0,0,5.92013740851393,0.0,0,0,2.5285714285714285,0,0.0,0,0,0,2.6930204308000287,194.96242335849146,9.356357401309523,9.359104257648351,0.46876116313616917,,type:lambda-function|arch:aarch64|lambda:True|mem:1024,aws,0.2575752659652686,0.04350832559981492,4,aarch64,aarch64,False,,ml,ml_stage2_aws_1024Mb_arm_analysis.json,0,1.6418295614909666,2.9071860782466072,2,0,0,0.0,0,0.0,0,2.7583558145777323,0.0,0,0,3.9,0,0.0,0,0,0,3.007578486829337,206.52592241109073,10.25593528,10.329752332445977,0.733714471274656,"null, null, null, psutil",1024,0,1.285565380052235,2.5773042010704796,2,0,0,0.0,0,0.0,0,0.46876116313616917,0.0,0,0,0.0,0,0.0,0,0,0,2.38440673865285,184.34327560964587,8.74929544,8.73975035878504,0.3633449585982443,False,,100,type:lambda-function|arch:aarch64|lambda:True|mem:1024,False,,stage2,0,10.574099004182552,19.308490702044125,14.0,0.0,0,0.0,0,0.0,0,41.44096185959751,12,0.0,0,0,17.7,0,0.0,0,0,0,18.8511430156002,1364.7369635094403,65.49450180916666,65.51372980353845,3.281328141953184,7
arm,0,3.786252154717156,2.7846964235584193,2.0,0.0,0,0.0,0,0.0,0,6.383968156414998,0.0,0,0,2.0927083333333334,0,0.0,0,0,0,3.1091801630710196,198.45592071708296,9.771158291041667,9.764343201733743,0.49009156978555896,,type:lambda-function|arch:aarch64|lambda:True|mem:1024,aws,0.2971828023221545,0.04655142303984196,4,aarch64,aarch64,False,,ml,ml_stage2_aws_1024Mb_arm_analysis.json,0,79.64450375535182,3.051892151638069,2,0,0,0.0,0,0.0,0,3.1091801630710196,0.0,0,0,3.9,0,0.0,0,0,0,8.528934001922607,219.75682337569958,15.92397937,15.581228256225586,0.7554964044868281,"null, null, null, psutil",1024,0,1.2647051448195983,2.5431807399433497,2,0,0,0.0,0,0.0,0,0.49009156978555896,0.0,0,0,0.0,0,0.0,0,0,0,2.4807441804832093,182.2778330962309,8.91715514,8.757001883047431,0.3837372954095404,False,,100,type:lambda-function|arch:aarch64|lambda:True|mem:1024,False,,stage2,0,30.29001723773725,22.277571388467354,16.0,0.0,0,0.0,0,0.0,0,51.07174525131998,24,0.0,0,0,16.741666666666667,0,0.0,0,0,0,24.873441304568157,1587.6473657366637,78.16926632833334,78.11474561386994,3.9207325582844716,8
arm,0,1.4415300047893762,2.8152090246953727,2.0,0.0,0,0.0,0,0.0,0,6.666263491680576,0.0,0,0,2.137037037037037,0,0.0,0,0,0,3.3026698523840525,203.04258178378228,10.118180299398148,10.131050696563447,0.5483846146011506,,type:lambda-function|arch:aarch64|lambda:True|mem:1024,aws,0.3379939955049265,0.0507021656024757,4,aarch64,aarch64,False,,ml,ml_stage2_aws_1024Mb_arm_analysis.json,0,1.8852330639181467,3.062842319415191,2,0,0,0.0,0,0.0,0,3.3026698523840525,0.0,0,0,5.7,0,0.0,0,0,0,4.028231609968065,218.7848009922926,11.51568253,11.446197853071109,1.0553789138793945,"null, null, null, psutil",1024,0,1.2431855899005666,2.6057738887831805,2,0,0,0.0,0,0.0,0,0.5483846146011506,0.0,0,0,1.8,0,0.0,0,0,0,2.904722439315577,186.4808801887207,9.24813801,9.257413446609936,0.3634110152859556,False,,100,type:lambda-function|arch:aarch64|lambda:True|mem:1024,False,,stage2,0,12.973770043104386,25.336881222258356,18.0,0.0,0,0.0,0,0.0,0,59.99637142512518,24,0.0,0,0,19.23333333333333,0,0.0,0,0,0,29.724028671456473,1827.3832360540405,91.06362269458333,91.17945626907103,4.935461531410356,9
arm,0,1.4815199827537482,2.867930978812464,2.0,0.0,0,0.0,0,0.0,0,7.000773436031643,0.0,0,0,2.3858333333333333,0,0.0,0,0,0,3.5852559256874748,212.2989811061109,10.499127692041666,10.50814700368638,0.5475865315317052,,type:lambda-function|arch:aarch64|lambda:True|mem:1024,aws,0.3825819925735826,0.054648532204242775,4,aarch64,aarch64,False,,ml,ml_stage2_aws_1024Mb_arm_analysis.json,0,1.738056540777956,3.066567603708855,2,0,0,0.0,0,0.0,0,3.5852559256874748,0.0,0,0,5.7,0,0.0,0,0,0,4.413063054470877,225.9308654001988,11.31709921,11.521371345221299,0.7677729054763047,"null, null, null, psutil",1024,0,1.2420278317050442,2.630502700805664,2,0,0,0.0,0,0.0,0,0.5475865315317052,0.0,0,0,1.8,0,0.0,0,0,0,3.020990222747998,196.00084858606047,9.6053533,9.50417901907113,0.3687432574998225,False,,100,type:lambda-function|arch:aarch64|lambda:True|mem:1024,False,,stage2,0,14.815199827537482,28.679309788124637,20.0,0.0,0,0.0,0,0.0,0,70.00773436031643,24,0.0,0,0,23.858333333333334,0,0.0,0,0,0,35.85255925687475,2122.989811061109,104.99127692041667,105.0814700368638,5.475865315317052,10
arm,0,1.5108042622401519,2.8253225962206874,2.0,0.0,0,0.0,0,0.0,0,7.645257757364939,0.0,0,0,2.2916666666666665,0,0.0,0,0,0,4.268678210825646,215.80964677163306,11.135850461805555,11.11543911774967,0.5512569503186059,,type:lambda-function|arch:aarch64|lambda:True|mem:1024,aws,0.4522776412030076,0.05915793234928058,4,aarch64,aarch64,False,,ml,ml_stage2_aws_1024Mb_arm_analysis.json,0,1.8777477115691859,3.063474578907053,2,0,0,0.0,0,0.0,0,4.268678210825646,0.0,0,0,5.6,0,0.0,0,0,0,5.467472553253174,226.8949831087832,12.51686242,12.445961839911918,0.6931803594567764,"null, null, null, psutil",1024,0,1.3234740544300732,2.6556311595596314,2,0,0,0.0,0,0.0,0,0.5512569503186059,0.0,0,0,1.8,0,0.0,0,0,0,3.7532677192595623,204.0796891750702,10.20829693,10.207785090300785,0.4145877447192845,False,,100,type:lambda-function|arch:aarch64|lambda:True|mem:1024,False,,stage2,0,18.129651146881823,33.90387115464825,24.0,0.0,0,0.0,0,0.0,0,91.74309308837927,12,0.0,0,0,27.5,0,0.0,0,0,0,51.224138529907755,2589.7157612595965,133.63020554166667,133.38526941299602,6.61508340382327,12
arm,0,1.5791522443678312,2.825107190217,2.0,0.0,0,0.0,0,0.0,0,9.123840405903612,0.0,0,0,2.5159722222222225,0,0.0,0,0,0,5.697205541866612,230.77926420126,12.569244871805555,12.551410022951595,0.6015276738199997,,type:lambda-function|arch:aarch64|lambda:True|mem:1024,aws,0.6029908786799164,0.06608959077032399,4,aarch64,aarch64,False,,ml,ml_stage2_aws_1024Mb_arm_analysis.json,0,1.9535069465637207,2.972950483781046,2,0,0,0.0,0,0.0,0,5.697205541866612,0.0,0,0,5.9,0,0.0,0,0,0,7.640127897262573,247.85792911875402,14.90375797,14.832171916412934,1.12609840436208,"null, null, null, psutil",1024,0,1.2772305563652302,2.6623064996846812,2,0,0,0.0,0,0.0,0,0.6015276738199997,0.0,0,0,1.8,0,0.0,0,0,0,5.070349238096621,209.2231354596015,11.38588939,11.327468761745898,0.3817710670015482,False,,100,type:lambda-function|arch:aarch64|lambda:True|mem:1024,False,,stage2,0,25.2664359098853,45.201715043472,32.0,0.0,0,0.0,0,0.0,0,145.9814464944578,18,0.0,0,0,40.25555555555556,0,0.0,0,0,0,91.1552886698658,3692.46822722016,201.10791794888888,200.82256036722552,9.624442781119996,16
arm,0,3.678320754690168,3.3945270317109166,2.0,0.0,0,0.0,0,0.0,0,15.439096473970421,0.0,0,0,2.2215000000000003,0,0.0,0,0,0,11.292081542527558,301.6806896153939,18.8695791329,18.867425058054785,0.7524878997319459,,type:lambda-function|arch:aarch64|lambda:True|mem:1024,aws,0.9056598120604724,0.0586601562848818,4,aarch64,aarch64,False,,ml,ml_stage2_aws_1024Mb_arm_analysis.json,0,85.57737607457055,6.197820581444941,2,0,0,0.0,0,0.0,0,11.292081542527558,0.0,0,0,3.9,0,0.0,0,0,0,43.31212147366782,562.6283375385151,53.90315786,54.113522064031656,2.3556409430714744,"null, null, null, psutil",1024,0,1.282364102947863,2.559750611793143,2,0,0,0.0,0,0.0,0,0.7524878997319459,0.0,0,0,0.0,0,0.0,0,0,0,6.240035965523572,215.9102211806343,12.68177644,12.66314862235108,0.3900359026482326,False,,100,type:lambda-function|arch:aarch64|lambda:True|mem:1024,False,,stage2,0,73.56641509380336,67.89054063421833,40.0,0.0,0,0.0,0,0.0,0,308.7819294794084,20,0.0,0,0,44.43000000000001,0,0.0,0,0,0,225.84163085055116,6033.613792307878,377.391582658,377.34850116109567,15.049757994638917,20
arm,0,3.389845915071181,3.0279756238767215,2.0,0.0,0,0.0,0,0.0,0,14.52983390136969,0.0,0,0,2.247794117647059,0,0.0,0,0,0,10.940290013275801,281.5343331356893,18.05149755522059,18.055970609521513,0.5615682642171672,,type:lambda-function|arch:aarch64|lambda:True|mem:1024,aws,0.9694366757403712,0.06672042380670194,4,aarch64,aarch64,False,,ml,ml_stage2_aws_1024Mb_arm_analysis.json,0,66.6083810437311,4.518998308144158,2,0,0,0.0,0,0.0,0,10.940290013275801,0.0,0,0,3.9,0,0.0,0,0,0,95.72317337989807,440.76721019738596,104.64422353,106.26120184499476,1.07731048720022,"null, null, null, psutil",1024,0,1.2564699638853754,2.418935142906224,2,0,0,0.0,0,0.0,0,0.5615682642171672,0.0,0,0,0.0,0,0.0,0,0,0,7.448490738517689,225.94359249102402,13.82545906,13.945742200020822,0.3587234443090022,False,,100,type:lambda-function|arch:aarch64|lambda:True|mem:1024,False,,stage2,0,81.35630196170834,72.67141497304132,48.0,0.0,0,0.0,0,0.0,0,348.71601363287255,17,0.0,0,0,53.94705882352942,0,0.0,0,0,0,262.56696031861924,6756.823995256543,433.2359413252941,433.34329462851633,13.477638341212014,24
arm,0,3.757349209142612,2.8178724967827806,2.0,0.0,0,0.0,0,0.0,0,13.215766984198327,0.0,0,0,2.22125,0,0.0,0,0,0,9.768092291478942,271.9503303527644,16.637682949,16.621151771144675,0.629802195936603,,type:lambda-function|arch:aarch64|lambda:True|mem:1024,aws,1.052531734998304,0.07964212264462463,4,aarch64,aarch64,False,,ml,ml_stage2_aws_1024Mb_arm_analysis.json,0,71.7982662955898,3.30890124077572,2,0,0,0.0,0,0.0,0,9.768092291478942,0.0,0,0,5.8,0,0.0,0,0,0,19.451196908950806,325.39113305443203,27.057978,26.895618953035395,0.9252109600892051,"null, null, null, psutil",1024,0,1.300150739291063,2.52343392049676,2,0,0,0.0,0,0.0,0,0.629802195936603,0.0,0,0,0.0,0,0.0,0,0,0,6.183274623581907,244.02384614947601,12.43981041,12.245236734261558,0.3533596353438278,False,,100,type:lambda-function|arch:aarch64|lambda:True|mem:1024,False,,stage2,0,105.20577785599315,78.90042990991786,56.0,0.0,0,0.0,0,0.0,0,370.04147555755316,20,0.0,0,0,62.195,0,0.0,0,0,0,273.5065841614104,7614.609249877403,465.85512257199997,465.3922495920509,17.634461486224886,28
x86,0,2.7904716566497205,37.63165360922907,2.0,2.0,0,0.0,0,0.0,0,38.959095909314996,0.0,0,0,2.5799019607843134,0,0.0,0,0,0,0.674719094061384,1433.0429385749383,46.190092293725485,46.19009229365517,0.6527232060245439,,type:lambda-function|arch:x86_64|lambda:True|mem:512,aws,3.7639179939950917,0.09661204671577481,1,x86_64,Intel(R) Xeon(R) Processor @ 2.50GHz,False,,titanic,titanic_stage_aws_512Mb_x86_analysis.json,0,3.705411672592163,42.21750545501709,2,2,0,0.0,0,0.0,0,37.63165360922907,0.0,0,0,11.5,0,0.0,0,0,0,1.2203054428100586,2150.058247103691,50.42642093,50.42642092704773,1.252058744430542,"null, null, null, psutil",512,0,2.40531849861145,36.135735511779785,2,2,0,0.0,0,0.0,0,0.6527232060245439,0.0,0,0,0.0,0,0.0,0,0,0,0.556922435760498,1162.0277782177925,44.34313035,44.343130350112915,0.46517062187194824,False,,220,type:lambda-function|arch:x86_64|lambda:True|mem:512,False,,stage,0,33.48565987979664,451.57984331074886,24.0,24.0,0,0.0,0,0.0,0,467.50915091177995,17,0.0,0,0,30.95882352941176,0,0.0,0,0,0,8.096629128736607,17196.51526289926,554.2811075247058,554.281107523862,7.832678472294527,12
x86,0,2.92761392891407,26.614789976793176,2.0,2.0,0,0.0,0,0.0,0,28.063734903931614,0.0,0,0,2.4959558823529413,0,0.0,0,0,0,0.6362758489216075,1098.0994868262987,35.01607727022059,35.016077270402626,0.8126690782168332,,type:lambda-function|arch:x86_64|lambda:True|mem:512,aws,3.5493483913051382,0.12647455527410534,1,x86_64,Intel(R) Xeon(R) Processor @ 2.50GHz,False,,titanic,titanic_stage_aws_512Mb_x86_analysis.json,0,4.2086005210876465,29.998616456985474,2,2,0,0.0,0,0.0,0,26.614789976793176,0.0,0,0,11.1,0,0.0,0,0,0,1.021407127380371,1631.0360399055483,38.36516833,38.36516833305359,1.0394554138183594,"null, null, null, psutil",512,0,2.4149484634399414,25.402671098709106,2,2,0,0.0,0,0.0,0,0.6362758489216075,0.0,0,0,0.0,0,0.0,0,0,0,0.5196981430053711,860.5273930263519,33.32245111,33.32245111465454,0.44417834281921387,False,,220,type:lambda-function|arch:x86_64|lambda:True|mem:512,False,,stage,0,46.84182286262512,425.8366396286908,32.0,32.0,0,0.0,0,0.0,0,449.0197584629058,17,0.0,0,0,39.93529411764706,0,0.0,0,0,0,10.18041358274572,17569.59178922078,560.2572363235295,560.257236326442,13.002705251469331,16
x86,0,3.099445837385514,20.419353213029748,2.0,2.0,0,0.0,0,0.0,0,21.799470492671514,0.0,0,0,2.425294117647059,0,0.0,0,0,0,0.5862937247051913,895.2319029847805,28.774145466441176,28.774145466439865,0.7938235549365773,,type:lambda-function|arch:x86_64|lambda:True|mem:512,aws,3.4039061806120596,0.1561462780371833,1,x86_64,Intel(R) Xeon(R) Processor @ 2.50GHz,False,,titanic,titanic_stage_aws_512Mb_x86_analysis.json,0,4.802583694458008,22.579288244247437,2,2,0,0.0,0,0.0,0,20.419353213029748,0.0,0,0,8.5,0,0.0,0,0,0,0.9981272220611572,1307.390615801811,31.27415514,31.274155139923096,1.0019350051879883,"null, null, null, psutil",512,0,2.4790868759155273,18.737406730651855,2,2,0,0.0,0,0.0,0,0.5862937247051913,0.0,0,0,0.0,0,0.0,0,0,0,0.4803893566131592,706.1901784515381,25.69989634,25.699896335601807,0.4172191619873047,False,,220,type:lambda-function|arch:x86_64|lambda:True|mem:512,False,,stage,0,61.98891674771028,408.38706426059497,40.0,40.0,0,0.0,0,0.0,0,435.9894098534303,17,0.0,0,0,48.50588235294118,0,0.0,0,0,0,11.725874494103826,17904.63805969561,575.4829093288236,575.4829093287973,15.876471098731546,20
x86,0,3.380066296049193,16.204002355828006,2.0,2.0,0,0.0,0,0.0,0,17.519509788237364,0.0,0,0,2.372549019607843,0,0.0,0,0,0,0.7922075075261733,756.1104212634178,23.973877271740196,23.9738772716008,0.523299924883188,,type:lambda-function|arch:x86_64|lambda:True|mem:512,aws,3.2414486312598343,0.1850193681467132,1,x86_64,Intel(R) Xeon(R) Processor @ 2.50GHz,False,,titanic,titanic_stage_aws_512Mb_x86_analysis.json,0,4.574594259262085,17.921220779418945,2,2,0,0.0,0,0.0,0,16.204002355828006,0.0,0,0,13.8,0,0.0,0,0,0,1.1017136573791504,1098.0108323454858,26.3147018,26.314701795578003,1.1406238079071045,"null, null, null, psutil",512,0,2.4456593990325928,15.039151191711426,2,2,0,0.0,0,0.0,0,0.523299924883188,0.0,0,0,0.0,0,0.0,0,0,0,0.47373294830322266,571.2443853521346,22.19286656,22.192866563796997,0.3973424434661865,False,,220,type:lambda-function|arch:x86_64|lambda:True|mem:512,False,,stage,0,81.12159110518063,388.8960565398721,48.0,48.0,0,0.0,0,0.0,0,420.46823491769675,17,0.0,0,0,56.94117647058823,0,0.0,0,0,0,19.01298018062816,18146.65011032203,575.3730545217647,575.3730545184192,12.559198197196512,24
x86,0,4.492612796170371,13.64897928869023,2.0,2.0,0,0.0,0,0.0,0,14.773963291104101,0.0,0,0,2.295378151260504,0,0.0,0,0,0,0.6080200571973785,685.5916669077983,22.710119189915968,22.710119189835396,0.5169639452164915,,type:lambda-function|arch:x86_64|lambda:True|mem:512,aws,3.185398786394526,0.21560895499940505,1,x86_64,Intel(R) Xeon(R) Processor @ 2.50GHz,False,,titanic,titanic_stage_aws_512Mb_x86_analysis.json,0,6.4067301750183105,15.216857194900513,2,2,0,0.0,0,0.0,0,13.64897928869023,0.0,0,0,12.7,0,0.0,0,0,0,1.17891263961792,927.0875324344636,47.62458134,47.6245813369751,0.9854705333709717,"null, null, null, psutil",512,0,2.547464609146118,12.321238994598389,2,2,0,0.0,0,0.0,0,0.5169639452164915,0.0,0,0,0.0,0,0.0,0,0,0,0.46244001388549805,509.6161300945282,19.77417302,19.77417302131653,0.37679219245910645,False,,220,type:lambda-function|arch:x86_64|lambda:True|mem:512,False,,stage,0,125.79315829277039,382.17142008332644,56.0,56.0,0,0.0,0,0.0,0,413.67097215091485,17,0.0,0,0,64.27058823529411,0,0.0,0,0,0,17.0245616015266,19196.566673418354,635.8833373176471,635.8833373153911,14.474990466061762,28
x86,0,1.6210942268371582,1.8791247606277466,2.0,2.0,0,0.0,0,0.0,0,3.2580934524536134,0.0,0,0,3.06,0,0.0,0,0,0,0.9325406074523925,344.1873182532787,6.915949845999999,6.915949845314026,0.44642808437347414,,type:lambda-function|arch:x86_64|lambda:True|mem:1024,aws,0.12530003903865813,0.03845808626032407,4,x86_64,Intel(R) Xeon(R) Processor @ 2.90GHz,False,,ml,ml_stage3_aws_1024Mb_x86_analysis.json,0,1.7984559535980225,2.0044710636138916,2,2,0,0.0,0,0.0,0,1.8791247606277466,0.0,0,0,4.0,0,0.0,0,0,0,1.1108109951019287,402.93754512786865,7.08492851,7.084928512573242,0.5143938064575195,"null, null, null, psutil",1024,0,1.4350841045379639,1.676025390625,2,2,0,0.0,0,0.0,0,0.44642808437347414,0.0,0,0,1.9,0,0.0,0,0,0,0.7806365489959717,292.0640340805054,6.50986171,6.509861707687378,0.25876736640930176,False,,220,type:lambda-function|arch:x86_64|lambda:True|mem:1024,False,,stage3,0,6.484376907348633,7.516499042510986,8.0,8.0,0,0.0,0,0.0,0,13.032373809814453,10,0.0,0,0,12.24,0,0.0,0,0,0,3.73016242980957,1376.7492730131148,27.663799383999997,27.663799381256105,1.7857123374938966,4
x86,0,1.5403347730636596,1.9093313932418823,2.0,2.0,0,0.0,0,0.0,0,3.3410720348358156,0.0,0,0,3.02,0,0.0,0,0,0,0.9732292175292969,347.7232309787274,7.119974281,7.119974279403687,0.45851142406463624,,type:lambda-function|arch:x86_64|lambda:True|mem:1024,aws,0.1591427716267109,0.0476322479633491,4,x86_64,Intel(R) Xeon(R) Processor @ 2.90GHz,False,,ml,ml_stage3_aws_1024Mb_x86_analysis.json,0,1.6913902759552002,2.088843584060669,2,2,0,0.0,0,0.0,0,1.9093313932418823,0.0,0,0,5.6,0,0.0,0,0,0,1.0779345035552979,391.3984526968002,7.55449629,7.5544962882995605,0.5278069972991943,"null, null, null, psutil",1024,0,1.374075174331665,1.6171185970306396,2,2,0,0.0,0,0.0,0,0.45851142406463624,0.0,0,0,1.9,0,0.0,0,0,0,0.8533468246459961,300.62315180301664,6.51401973,6.514019727706909,0.2626307010650635,False,,220,type:lambda-function|arch:x86_64|lambda:True|mem:1024,False,,stage3,0,7.701673865318298,9.546656966209412,10.0,10.0,0,0.0,0,0.0,0,16.705360174179077,10,0.0,0,0,15.1,0,0.0,0,0,0,4.866146087646484,1738.6161548936368,35.599871405,35.59987139701843,2.292557120323181,5
x86,0,1.500469446182251,1.9673075199127197,2.0,2.0,0,0.0,0,0.0,0,3.458762812614441,0.0,0,0,3.04,0,0.0,0,0,0,1.0421652793884277,345.37997293543816,7.265852999000001,7.265852999687195,0.44929001331329343,,type:lambda-function|arch:x86_64|lambda:True|mem:1024,aws,0.1967700981416702,0.056890312751146366,4,x86_64,Intel(R) Xeon(R) Processor @ 2.90GHz,False,,ml,ml_stage3_aws_1024Mb_x86_analysis.json,0,1.6755168437957764,2.0879571437835693,2,2,0,0.0,0,0.0,0,1.9673075199127197,0.0,0,0,5.6,0,0.0,0,0,0,1.1480450630187988,392.2146663951874,7.53961992,7.5396199226379395,0.5263617038726807,"null, null, null, psutil",1024,0,1.3643481731414795,1.809842824935913,2,2,0,0.0,0,0.0,0,0.44929001331329343,0.0,0,0,1.9,0,0.0,0,0,0,0.9774994850158691,296.47438917160036,6.5023191,6.502319097518921,0.25020265579223633,False,,220,type:lambda-function|arch:x86_64|lambda:True|mem:1024,False,,stage3,0,9.002816677093506,11.803845119476318,12.0,12.0,0,0.0,0,0.0,0,20.752576875686646,10,0.0,0,0,18.240000000000002,0,0.0,0,0,0,6.252991676330566,2072.279837612629,43.595117994000006,43.59511799812317,2.6957400798797604,6
x86,0,1.5777146100997925,2.039276623725891,2.0,2.0,0,0.0,0,0.0,0,3.6483754634857175,0.0,0,0,3.91,0,0.0,0,0,0,1.1696139812469482,345.54900192189217,7.472560024000001,7.472560024261474,0.43948485851287844,,type:lambda-function|arch:x86_64|lambda:True|mem:1024,aws,0.23796318922257423,0.06522442429629222,4,x86_64,Intel(R) Xeon(R) Processor @ 2.90GHz,False,,ml,ml_stage3_aws_1024Mb_x86_analysis.json,0,1.7673754692077637,2.184532880783081,2,2,0,0.0,0,0.0,0,2.039276623725891,0.0,0,0,12.7,0,0.0,0,0,0,1.3999087810516357,377.57934785842895,7.56891441,7.568914413452148,0.5147035121917725,"null, null, null, psutil",1024,0,1.3630037307739258,1.8429243564605713,2,2,0,0.0,0,0.0,0,0.43948485851287844,0.0,0,0,0.0,0,0.0,0,0,0,0.9670953750610352,304.99703829526896,7.0201385,7.020138502120972,0.26383352279663086,False,,220,type:lambda-function|arch:x86_64|lambda:True|mem:1024,False,,stage3,0,11.044002270698547,14.274936366081237,14.0,14.0,0,0.0,0,0.0,0,25.538628244400023,10,0.0,0,0,27.37,0,0.0,0,0,0,8.187297868728637,2418.843013453245,52.307920168,52.30792016983032,3.076394009590149,7
x86,0,1.5883978843688964,2.0458600759506225,2.0,2.0,0,0.0,0,0.0,0,3.6950030803680423,0.0,0,0,2.86,0,0.0,0,0,0,1.2664430618286133,354.61120559787753,7.354490519,7.354490518569946,0.38269994258880613,,type:lambda-function|arch:x86_64|lambda:True|mem:1024,aws,0.27283589972877503,0.0738391535255768,4,x86_64,Intel(R) Xeon(R) Processor @ 2.90GHz,False,,ml,ml_stage3_aws_1024Mb_x86_analysis.json,0,1.801682472229004,2.202707052230835,2,2,0,0.0,0,0.0,0,2.0458600759506225,0.0,0,0,3.8,0,0.0,0,0,0,1.6250741481781006,386.9903626441956,7.84687877,7.84687876701355,0.4830806255340576,"null, null, null, psutil",1024,0,1.3349456787109375,1.908308506011963,2,2,0,0.0,0,0.0,0,0.38269994258880613,0.0,0,0,1.9,0,0.0,0,0,0,1.0982913970947266,305.50672910213467,6.99611807,6.996118068695068,0.2515885829925537,False,,220,type:lambda-function|arch:x86_64|lambda:True|mem:1024,False,,stage3,0,12.707183074951171,16.36688060760498,16.0,16.0,0,0.0,0,0.0,0,29.560024642944338,10,0.0,0,0,22.88,0,0.0,0,0,0,10.131544494628907,2836.8896447830202,58.835924152,58.83592414855957,3.061599540710449,8
x86,0,1.5545008897781372,2.151179575920105,2.0,2.0,0,0.0,0,0.0,0,3.8637031078338624,0.0,0,0,2.28,0,0.0,0,0,0,1.387468981742859,349.87085674858093,7.587598706,7.587598705291748,0.32505455017089846,,type:lambda-function|arch:x86_64|lambda:True|mem:1024,aws,0.32274147177529333,0.08353164380589127,4,x86_64,Intel(R) Xeon(R) Processor @ 2.90GHz,False,,ml,ml_stage3_aws_1024Mb_x86_analysis.json,0,1.7832517623901367,2.440619945526123,2,2,0,0.0,0,0.0,0,2.151179575920105,0.0,0,0,3.8,0,0.0,0,0,0,1.605168104171753,404.48846851110454,8.04631925,8.046319246292114,0.48826146125793457,"null, null, null, psutil",1024,0,1.375493049621582,1.996556282043457,2,2,0,0.0,0,0.0,0,0.32505455017089846,0.0,0,0,0.0,0,0.0,0,0,0,1.1691703796386719,285.1672090291977,7.00656533,7.00656533241272,0.22583484649658203,False,,220,type:lambda-function|arch:x86_64|lambda:True|mem:1024,False,,stage3,0,13.990508008003234,19.360616183280943,18.0,18.0,0,0.0,0,0.0,0,34.77332797050476,10,0.0,0,0,20.52,0,0.0,0,0,0,12.487220835685731,3148.8377107372285,68.28838835399999,68.28838834762574,2.925490951538086,9
x86,0,1.5366063833236694,2.2297837495803834,2.0,2.0,0,0.0,0,0.0,0,3.984803104400635,0.0,0,0,2.5100000000000002,0,0.0,0,0,0,1.4611618280410767,341.99091055774693,7.753977419,7.753977417945862,0.2938575267791748,,type:lambda-function|arch:x86_64|lambda:True|mem:1024,aws,0.3717049510550499,0.09328063176937297,4,x86_64,Intel(R) Xeon(R) Processor @ 2.90GHz,False,,ml,ml_stage3_aws_1024Mb_x86_analysis.json,0,1.7707273960113525,2.4674675464630127,2,2,0,0.0,0,0.0,0,2.2297837495803834,0.0,0,0,5.7,0,0.0,0,0,0,1.6937570571899414,388.4451538085938,8.03153563,8.031535625457764,0.4873054027557373,"null, null, null, psutil",1024,0,1.333308219909668,2.1083502769470215,2,2,0,0.0,0,0.0,0,0.2938575267791748,0.0,0,0,1.9,0,0.0,0,0,0,1.2721383571624756,296.7304392814636,7.48866582,7.488665819168091,0.22860431671142578,False,,220,type:lambda-function|arch:x86_64|lambda:True|mem:1024,False,,stage3,0,15.366063833236694,22.297837495803833,20.0,20.0,0,0.0,0,0.0,0,39.84803104400635,10,0.0,0,0,25.1,0,0.0,0,0,0,14.611618280410767,3419.9091055774693,77.53977419,77.53977417945862,2.938575267791748,10
x86,0,1.5575502157211303,2.2791232109069823,2.0,2.0,0,0.0,0,0.0,0,4.298071765899659,0.0,0,0,2.68,0,0.0,0,0,0,1.7197483777999878,351.30565450692177,8.010469031,8.010469031333923,0.299200177192688,,type:lambda-function|arch:x86_64|lambda:True|mem:1024,aws,0.4559158071098327,0.10607449850582053,4,x86_64,Intel(R) Xeon(R) Processor @ 2.90GHz,False,,ml,ml_stage3_aws_1024Mb_x86_analysis.json,0,1.7040925025939941,2.4854249954223633,2,2,0,0.0,0,0.0,0,2.2791232109069823,0.0,0,0,5.7,0,0.0,0,0,0,2.85302472114563,409.6782197642326,9.01228428,9.012284278869629,0.46918439865112305,"null, null, null, psutil",1024,0,1.397629737854004,1.9777281284332275,2,2,0,0.0,0,0.0,0,0.299200177192688,0.0,0,0,1.9,0,0.0,0,0,0,1.44236421585083,310.3085524797439,6.9937346,6.99373459815979,0.24094295501708984,False,,220,type:lambda-function|arch:x86_64|lambda:True|mem:1024,False,,stage3,0,18.69060258865356,27.349478530883786,24.0,24.0,0,0.0,0,0.0,0,51.5768611907959,10,0.0,0,0,32.160000000000004,0,0.0,0,0,0,20.636980533599854,4215.667854083062,96.125628372,96.12562837600707,3.590402126312256,12
x86,0,1.5240724802017211,2.479843187332153,2.0,2.0,0,0.0,0,0.0,0,4.68655378818512,0.0,0,0,2.1399999999999997,0,0.0,0,0,0,1.9453232288360596,393.19702861070635,8.274912143,8.274912142753601,0.26138737201690676,,type:lambda-function|arch:x86_64|lambda:True|mem:1024,aws,0.6614237749252319,0.14113222739333373,4,x86_64,Intel(R) Xeon(R) Processor @ 2.50GHz,False,,ml,ml_stage3_aws_1024Mb_x86_analysis.json,0,1.7419970035552979,2.7072644233703613,2,2,0,0.0,0,0.0,0,2.479843187332153,0.0,0,0,3.8,0,0.0,0,0,0,2.268061637878418,434.38177115917205,9.04648161,9.046481609344482,0.29414939880371094,"null, null, null, psutil",1024,0,1.348691701889038,2.2856388092041016,2,2,0,0.0,0,0.0,0,0.26138737201690676,0.0,0,0,0.0,0,0.0,0,0,0,1.710630178451538,349.3045071339607,7.48090577,7.480905771255493,0.23544645309448242,False,,220,type:lambda-function|arch:x86_64|lambda:True|mem:1024,False,,stage3,0,24.38515968322754,39.67749099731445,32.0,32.0,0,0.0,0,0.0,0,74.98486061096192,10,0.0,0,0,34.239999999999995,0,0.0,0,0,0,31.125171661376953,6291.152457771302,132.398594288,132.39859428405762,4.182197952270508,16
x86,0,1.5605454921722413,2.5821465730667112,2.0,2.0,0,0.0,0,0.0,0,5.303804731369019,0.0,0,0,1.9300000000000002,0,0.0,0,0,0,2.3139166593551637,398.69499700236327,8.970730855,8.970730853080749,0.40774149894714357,,type:lambda-function|arch:x86_64|lambda:True|mem:1024,aws,0.8608876674604417,0.16231511359548662,4,x86_64,Intel(R) Xeon(R) Processor @ 2.50GHz,False,,ml,ml_stage3_aws_1024Mb_x86_analysis.json,0,1.7382326126098633,2.8476388454437256,2,2,0,0.0,0,0.0,0,2.5821465730667112,0.0,0,0,3.7,0,0.0,0,0,0,2.538135290145874,466.692973651886,9.55554819,9.555548191070557,0.5205602645874023,"null, null, null, psutil",1024,0,1.3436517715454102,2.3753890991210938,2,2,0,0.0,0,0.0,0,0.40774149894714357,0.0,0,0,0.0,0,0.0,0,0,0,2.151285171508789,322.0591019868851,8.46592832,8.465928316116333,0.24711298942565918,False,,220,type:lambda-function|arch:x86_64|lambda:True|mem:1024,False,,stage3,0,31.210909843444824,51.64293146133423,40.0,40.0,0,0.0,0,0.0,0,106.07609462738039,10,0.0,0,0,38.6,0,0.0,0,0,0,46.27833318710327,7973.899940047266,179.4146171,179.414617061615,8.154829978942871,20
x86,0,1.4957472562789917,2.810562539100647,2.0,2.0,0,0.0,0,0.0,0,5.721054649353027,0.0,0,0,2.13,0,0.0,0,0,0,2.5791942358016966,396.99234447193146,9.442020631,9.442020630836486,0.3312978744506836,,type:lambda-function|arch:x86_64|lambda:True|mem:1024,aws,1.1244498606433866,0.19654590448118625,4,x86_64,Intel(R) Xeon(R) Processor @ 2.90GHz,False,,ml,ml_stage3_aws_1024Mb_x86_analysis.json,0,1.7168464660644531,3.044931411743164,2,2,0,0.0,0,0.0,0,2.810562539100647,0.0,0,0,3.8,0,0.0,0,0,0,3.0750393867492676,456.44149218797685,10.03589749,10.035897493362427,0.4993710517883301,"null, null, null, psutil",1024,0,1.3084490299224854,2.595125675201416,2,2,0,0.0,0,0.0,0,0.3312978744506836,0.0,0,0,0.0,0,0.0,0,0,0,2.2942118644714355,353.15028938293455,8.96302962,8.963029623031616,0.21605348587036133,False,,220,type:lambda-function|arch:x86_64|lambda:True|mem:1024,False,,stage3,0,35.897934150695804,67.45350093841552,48.0,48.0,0,0.0,0,0.0,0,137.30531158447263,10,0.0,0,0,51.12,0,0.0,0,0,0,61.90066165924072,9527.816267326354,226.60849514400002,226.60849514007566,7.951148986816406,24
x86,0,1.6067188739776612,2.9133142471313476,2.0,2.0,0,0.0,0,0.0,0,6.335147380828857,0.0,0,0,2.69,0,0.0,0,0,0,2.977974534034729,418.93097574734685,9.918584632,9.918584632873536,0.44385859966278074,,type:lambda-function|arch:x86_64|lambda:True|mem:1024,aws,1.359818557991028,0.21464671241999053,4,x86_64,Intel(R) Xeon(R) Processor @ 2.50GHz,False,,ml,ml_stage3_aws_1024Mb_x86_analysis.json,0,1.7856941223144531,3.1270339488983154,2,2,0,0.0,0,0.0,0,2.977974534034729,0.0,0,0,3.8,0,0.0,0,0,0,3.3376007080078125,485.3898053884506,10.61498117,10.614981174468994,0.5303084850311279,"null, null, null, psutil",1024,0,1.518157958984375,2.7420718669891357,2,2,0,0.0,0,0.0,0,0.44385859966278074,0.0,0,0,1.9,0,0.0,0,0,0,2.7358391284942627,353.7161628270149,9.47074866,9.470748662948608,0.23166966438293457,False,,220,type:lambda-function|arch:x86_64|lambda:True|mem:1024,False,,stage3,0,44.988128471374516,81.57279891967774,56.0,56.0,0,0.0,0,0.0,0,177.384126663208,10,0.0,0,0,75.32,0,0.0,0,0,0,83.38328695297241,11730.067320925711,277.720369696,277.720369720459,12.42804079055786,28
x86,0,0.8830741822719574,9.40350604057312,2.0,2.0,0,0.0,0,0.0,0,16.75220205783844,0.0,0,0,2.2975,0,0.0,0,0,0,5.881037616729737,737.6132326337696,19.12308237525,19.12308237552643,1.4676584005355835,,type:lambda-function|arch:x86_64|lambda:True|mem:1024,aws,0.6270257827854158,0.03742945438579087,4,x86_64,Intel(R) Xeon(R) Processor @ 2.50GHz,False,,video,video_stage1_aws_1024Mb_x86_analysis.json,0,2.143057346343994,18.593050956726074,2,2,0,0.0,0,0.0,0,9.40350604057312,0.0,0,0,5.5,0,0.0,0,0,0,10.34316635131836,1357.204957280159,33.61914682,33.61914682388306,2.5189926624298096,"null, null, null, psutil",1024,0,0.4766240119934082,7.6176416873931885,2,2,0,0.0,0,0.0,0,1.4676584005355835,0.0,0,0,0.0,0,0.0,0,0,0,3.9586639404296875,563.2541304492951,16.49672627,16.496726274490356,1.0680842399597168,False,,220,type:lambda-function|arch:x86_64|lambda:True|mem:1024,False,,stage1,0,3.5322967290878298,37.61402416229248,8.0,8.0,0,0.0,0,0.0,0,67.00880823135375,10,0.0,0,0,9.19,0,0.0,0,0,0,23.524150466918947,2950.4529305350784,76.492329501,76.49232950210572,5.870633602142334,4
x86,0,0.8706648349761963,6.786352909935845,2.0,2.0,0,0.0,0,0.0,0,13.153425052430894,0.0,0,0,2.1422222222222222,0,0.0,0,0,0,5.261727899975247,585.6413024931484,15.444098685111111,15.44409868452284,1.1053442425198026,,type:lambda-function|arch:x86_64|lambda:True|mem:1024,aws,0.5656425150431527,0.043003439240231645,4,x86_64,Intel(R) Xeon(R) Processor @ 2.50GHz,False,,video,video_stage1_aws_1024Mb_x86_analysis.json,0,1.243196964263916,7.977123260498047,2,2,0,0.0,0,0.0,0,6.786352909935845,0.0,0,0,5.6,0,0.0,0,0,0,9.475566625595093,684.1667314767838,19.5299809,19.529980897903442,2.188140869140625,"null, null, null, psutil",1024,0,0.4919168949127197,6.0375542640686035,2,2,0,0.0,0,0.0,0,1.1053442425198026,0.0,0,0,0.0,0,0.0,0,0,0,4.885226011276245,498.2226907634736,14.50925422,14.509254217147827,0.8025355339050293,False,,220,type:lambda-function|arch:x86_64|lambda:True|mem:1024,False,,stage1,0,4.3533241748809814,33.93176454967922,10.0,10.0,0,0.0,0,0.0,0,65.76712526215447,9,0.0,0,0,10.711111111111112,0,0.0,0,0,0,26.308639499876236,2928.206512465742,77.22049342555556,77.2204934226142,5.526721212599012,5
x86,0,0.9365009820019757,5.642215154789112,2.0,2.0,0,0.0,0,0.0,0,11.878546471948978,0.0,0,0,2.485185185185185,0,0.0,0,0,0,5.264444284968906,518.7456591792019,14.198700498888888,14.198700498651576,0.9718870321909586,,type:lambda-function|arch:x86_64|lambda:True|mem:1024,aws,0.5643343597820071,0.04750870496779003,4,x86_64,Intel(R) Xeon(R) Processor @ 2.50GHz,False,,video,video_stage1_aws_1024Mb_x86_analysis.json,0,2.8455517292022705,6.454617023468018,2,2,0,0.0,0,0.0,0,5.642215154789112,0.0,0,0,5.6,0,0.0,0,0,0,8.111628293991089,648.4471837425232,16.707829,16.707828998565674,1.4546010494232178,"null, null, null, psutil",1024,0,0.49374866485595703,4.876689672470093,2,2,0,0.0,0,0.0,0,0.9718870321909586,0.0,0,0,0.0,0,0.0,0,0,0,3.7280783653259277,442.69147569179535,12.52578473,12.525784730911255,0.7227606773376465,False,,220,type:lambda-function|arch:x86_64|lambda:True|mem:1024,False,,stage1,0,5.619005892011854,33.85329092873467,12.0,12.0,0,0.0,0,0.0,0,71.27127883169386,9,0.0,0,0,14.91111111111111,0,0.0,0,0,0,31.58666570981344,3112.473955075211,85.19220299333332,85.19220299190945,5.831322193145752,6
x86,0,0.9042294328174894,4.835886240005493,2.0,2.0,0,0.0,0,0.0,0,10.793026681930298,0.0,0,0,2.1238095238095234,0,0.0,0,0,0,5.089469035466512,477.13358489558806,13.136399575555554,13.136399575642177,0.8676714064582945,,type:lambda-function|arch:x86_64|lambda:True|mem:1024,aws,0.564299565346241,0.0522837181799052,4,x86_64,Intel(R) Xeon(R) Processor @ 2.50GHz,False,,video,video_stage1_aws_1024Mb_x86_analysis.json,0,1.1919243335723877,5.896867275238037,2,2,0,0.0,0,0.0,0,5.089469035466512,0.0,0,0,5.5,0,0.0,0,0,0,5.691012620925903,602.8343210792541,14.50937462,14.509374618530273,1.4033405780792236,"null, null, null, psutil",1024,0,0.4888484477996826,4.202254772186279,2,2,0,0.0,0,0.0,0,0.8676714064582945,0.0,0,0,0.0,0,0.0,0,0,0,4.70991325378418,372.4635231018067,12.48993206,12.4899320602417,0.6376149654388428,False,,220,type:lambda-function|arch:x86_64|lambda:True|mem:1024,False,,stage1,0,6.3296060297224255,33.85120368003845,14.0,14.0,0,0.0,0,0.0,0,75.55118677351209,9,0.0,0,0,14.866666666666664,0,0.0,0,0,0,35.62628324826558,3339.9350942691162,91.95479702888888,91.95479702949524,6.073699845208062,7
x86,0,0.8811525404453278,4.240519177913666,2.0,2.0,0,0.0,0,0.0,0,10.081257632374763,0.0,0,0,2.18125,0,0.0,0,0,0,5.051563042402267,438.89237239941957,12.424594738875,12.424594739079476,0.7891754120588302,,type:lambda-function|arch:x86_64|lambda:True|mem:1024,aws,0.5655156375665665,0.056095743030163236,4,x86_64,Intel(R) Xeon(R) Processor @ 2.50GHz,False,,video,video_stage1_aws_1024Mb_x86_analysis.json,0,1.3054873943328857,5.082856178283691,2,2,0,0.0,0,0.0,0,5.051563042402267,0.0,0,0,5.6,0,0.0,0,0,0,6.54354453086853,514.011626663208,13.72402191,13.724021911621094,1.1032586097717285,"null, null, null, psutil",1024,0,0.5177001953125,3.619774341583252,2,2,0,0.0,0,0.0,0,0.7891754120588302,0.0,0,0,0.0,0,0.0,0,0,0,4.268024682998657,358.3895250105858,11.16716599,11.167165994644165,0.5425183773040771,False,,220,type:lambda-function|arch:x86_64|lambda:True|mem:1024,False,,stage1,0,7.049220323562622,33.92415342330933,16.0,16.0,0,0.0,0,0.0,0,80.6500610589981,10,0.0,0,0,17.45,0,0.0,0,0,0,40.41250433921814,3511.1389791953566,99.396757911,99.3967579126358,6.313403296470642,8
x86,0,1.0983067377649172,3.7602428378480854,2.0,2.0,0,0.0,0,0.0,0,9.325909055844702,0.0,0,0,2.1818181818181817,0,0.0,0,0,0,4.850688715173741,411.8946596444977,11.689837002525252,11.689837002995038,0.714977502822876,,type:lambda-function|arch:x86_64|lambda:True|mem:1024,aws,0.5641492329623483,0.06049268007913787,4,x86_64,Intel(R) Xeon(R) Processor @ 2.50GHz,False,,video,video_stage1_aws_1024Mb_x86_analysis.json,0,3.116241455078125,4.7940990924835205,2,2,0,0.0,0,0.0,0,4.850688715173741,0.0,0,0,5.6,0,0.0,0,0,0,5.946462869644165,498.2172797012329,13.24961638,13.249616384506226,1.1717779636383057,"null, null, null, psutil",1024,0,0.4667239189147949,3.142238140106201,2,2,0,0.0,0,0.0,0,0.714977502822876,0.0,0,0,0.0,0,0.0,0,0,0,3.277346134185791,332.6330815958977,10.03210568,10.032105684280396,0.5015487670898438,False,,220,type:lambda-function|arch:x86_64|lambda:True|mem:1024,False,,stage1,0,9.884760639884254,33.84218554063277,18.0,18.0,0,0.0,0,0.0,0,83.93318150260232,11,0.0,0,0,19.636363636363633,0,0.0,0,0,0,43.65619843656366,3707.0519368004793,105.20853302272727,105.20853302695534,6.434797525405884,9
x86,0,0.9562051097551981,3.3650089065233866,2.0,2.0,0,0.0,0,0.0,0,8.856141497691473,0.0,0,0,2.203333333333333,0,0.0,0,0,0,4.827347093820572,391.78033632115523,11.230102459416665,11.23010245958964,0.6637854973475138,,type:lambda-function|arch:x86_64|lambda:True|mem:1024,aws,0.5609469847174485,0.0633398850801639,4,x86_64,Intel(R) Xeon(R) Processor @ 2.50GHz,False,,video,video_stage1_aws_1024Mb_x86_analysis.json,0,2.254831075668335,4.348204612731934,2,2,0,0.0,0,0.0,0,4.827347093820572,0.0,0,0,5.6,0,0.0,0,0,0,6.095180511474609,502.33125387907023,12.79115844,12.791158437728882,0.939216136932373,"null, null, null, psutil",1024,0,0.46117615699768066,2.6395316123962402,2,2,0,0.0,0,0.0,0,0.6637854973475138,0.0,0,0,0.0,0,0.0,0,0,0,3.4386608600616455,304.8833599090576,9.62469625,9.624696254730225,0.4186415672302246,False,,220,type:lambda-function|arch:x86_64|lambda:True|mem:1024,False,,stage1,0,9.562051097551981,33.650089065233864,20.0,20.0,0,0.0,0,0.0,0,88.56141497691473,12,0.0,0,0,22.03333333333333,0,0.0,0,0,0,48.27347093820572,3917.803363211552,112.30102459416665,112.3010245958964,6.637854973475138,10
x86,0,0.9393953048821652,2.831050253275669,2.0,2.0,0,0.0,0,0.0,0,8.212212950894328,0.0,0,0,2.31969696969697,0,0.0,0,0,0,4.78818596312494,361.4289137762785,10.567252202499999,10.567252202467484,0.592976734493718,,type:lambda-function|arch:x86_64|lambda:True|mem:1024,aws,0.5663232926652648,0.0689611065922969,4,x86_64,Intel(R) Xeon(R) Processor @ 2.50GHz,False,,video,video_stage1_aws_1024Mb_x86_analysis.json,0,2.380326509475708,3.7200942039489746,2,2,0,0.0,0,0.0,0,4.78818596312494,0.0,0,0,7.3,0,0.0,0,0,0,6.127123594284058,461.32611079216,11.56661344,11.56661343574524,1.0093796253204346,"null, null, null, psutil",1024,0,0.48232293128967285,2.248793601989746,2,2,0,0.0,0,0.0,0,0.592976734493718,0.0,0,0,0.0,0,0.0,0,0,0,3.433680295944214,286.08511903762815,9.47090673,9.470906734466553,0.39363980293273926,False,,220,type:lambda-function|arch:x86_64|lambda:True|mem:1024,False,,stage1,0,11.272743658585982,33.97260303930803,24.0,24.0,0,0.0,0,0.0,0,98.54655541073194,11,0.0,0,0,27.836363636363636,0,0.0,0,0,0,57.45823155749928,4337.146965315342,126.80702642999998,126.8070264296098,7.115720813924616,12
x86,0,1.1129822085301082,2.1242629711826644,2.0,2.0,0,0.0,0,0.0,0,7.307371201614539,0.0,0,0,2.0479166666666666,0,0.0,0,0,0,4.689509852478902,318.44026302397253,9.688673603125,9.688673603037993,0.49359837795297307,,type:lambda-function|arch:x86_64|lambda:True|mem:1024,aws,0.5665834196738403,0.07753587494619893,4,x86_64,Intel(R) Xeon(R) Processor @ 2.50GHz,False,,video,video_stage1_aws_1024Mb_x86_analysis.json,0,2.504124164581299,2.959595203399658,2,2,0,0.0,0,0.0,0,4.689509852478902,0.0,0,0,5.6,0,0.0,0,0,0,9.44532823562622,489.16912530899043,14.69380164,14.693801641464233,0.9580132961273193,"null, null, null, psutil",1024,0,0.463651180267334,1.7301864624023438,2,2,0,0.0,0,0.0,0,0.49359837795297307,0.0,0,0,0.0,0,0.0,0,0,0,3.1334052085876465,256.58802532196046,8.05773711,8.057737112045288,0.34914255142211914,False,,220,type:lambda-function|arch:x86_64|lambda:True|mem:1024,False,,stage1,0,17.80771533648173,33.98820753892263,32.0,32.0,0,0.0,0,0.0,0,116.91793922583263,12,0.0,0,0,32.766666666666666,0,0.0,0,0,0,75.03215763966243,5095.0442083835605,155.01877765,155.01877764860788,7.897574047247569,16
x86,0,1.5019507573201105,1.6296877136597268,2.0,2.0,0,0.0,0,0.0,0,6.445324736375076,0.0,0,0,2.2403846153846154,0,0.0,0,0,0,4.3918444743523235,283.6038050749394,8.800668263807692,8.800668263435364,0.4237925483630254,,type:lambda-function|arch:x86_64|lambda:True|mem:1024,aws,0.5433378837341529,0.08429953585856596,4,x86_64,Intel(R) Xeon(R) Processor @ 2.50GHz,False,,video,video_stage1_aws_1024Mb_x86_analysis.json,0,6.061683893203735,2.54056715965271,2,2,0,0.0,0,0.0,0,4.3918444743523235,0.0,0,0,5.7,0,0.0,0,0,0,9.29842233657837,369.48718856811524,13.99091887,13.9909188747406,0.8156120777130127,"null, null, null, psutil",1024,0,0.5326588153839111,1.811981201171875e-05,2,2,0,0.0,0,0.0,0,0.4237925483630254,0.0,0,0,0.0,0,0.0,0,0,0,0.9309628009796143,123.74815137863159,3.45236492,3.452364921569824,0.15704846382141113,False,,220,type:lambda-function|arch:x86_64|lambda:True|mem:1024,False,,stage1,0,30.03901514640221,32.593754273194534,40.0,40.0,0,0.0,0,0.0,0,128.90649472750152,13,0.0,0,0,44.80769230769231,0,0.0,0,0,0,87.83688948704648,5672.0761014987875,176.01336527615385,176.01336526870728,8.475850967260508,20
x86,0,1.0911134448316362,1.4546859396828546,2.0,2.0,0,0.0,0,0.0,0,6.607520543038846,0.0,0,0,2.388541666666667,0,0.0,0,0,0,4.745329939656788,277.96800484252475,8.975098888888889,8.975098888907167,0.4075046636992031,,type:lambda-function|arch:x86_64|lambda:True|mem:1024,aws,0.5819907507483165,0.08808005165590523,4,x86_64,Intel(R) Xeon(R) Processor @ 2.50GHz,False,,video,video_stage1_aws_1024Mb_x86_analysis.json,0,1.6482112407684326,2.0443429946899414,2,2,0,0.0,0,0.0,0,4.745329939656788,0.0,0,0,5.7,0,0.0,0,0,0,5.693741321563721,387.2703958678245,10.29178476,10.291784763336182,0.8667171001434326,"null, null, null, psutil",1024,0,0.4581012725830078,0.903146505355835,2,2,0,0.0,0,0.0,0,0.4075046636992031,0.0,0,0,0.0,0,0.0,0,0,0,3.3108506202697754,212.10041587352754,8.00808573,8.00808572769165,0.26892590522766113,False,,220,type:lambda-function|arch:x86_64|lambda:True|mem:1024,False,,stage1,0,26.186722675959267,34.91246255238851,48.0,48.0,0,0.0,0,0.0,0,158.5804930329323,12,0.0,0,0,57.325,0,0.0,0,0,0,113.88791855176291,6671.2321162205935,215.40237333333334,215.402373333772,9.780111928780874,24
x86,0,2.3828676355128384,1.3103532377554445,2.0,2.0,0,0.0,0,0.0,0,5.359780783555945,0.0,0,0,2.300255102040816,0,0.0,0,0,0,3.679082894203614,278.4856494237391,8.27793179135204,8.277931791179034,0.3703446515968868,,type:lambda-function|arch:x86_64|lambda:True|mem:1024,aws,0.6116204772547313,0.11411296505469239,4,x86_64,Intel(R) Xeon(R) Processor @ 2.50GHz,False,,video,video_stage1_aws_1024Mb_x86_analysis.json,0,4.366130828857422,3.3189151287078857,2,2,0,0.0,0,0.0,0,3.679082894203614,0.0,0,0,5.6,0,0.0,0,0,0,6.42003870010376,407.0799708390236,20.96430063,20.964300632476807,0.6983888149261475,"null, null, null, psutil",1024,0,0.521214485168457,0.8830461502075195,2,2,0,0.0,0,0.0,0,0.3703446515968868,0.0,0,0,0.0,0,0.0,0,0,0,3.0544939041137695,208.64876508712769,7.03698897,7.036988973617554,0.26287150382995605,False,,220,type:lambda-function|arch:x86_64|lambda:True|mem:1024,False,,stage1,0,66.72029379435948,36.689890657152446,56.0,56.0,0,0.0,0,0.0,0,150.07386193956646,14,0.0,0,0,64.40714285714286,0,0.0,0,0,0,103.0143210377012,7797.598183864695,231.78209015785714,231.78209015301294,10.36965024471283,28
x86,0,0.26579373533075507,5.873766812411222e-06,8.0,4.0,0,0.0,0,0.0,0,0.00045876069502397024,10.736363636363636,0,0,64.94545454545454,0,34.60638963636364,0,0,0,0.0003432360562411222,385.2565986776351,3.320236530909091,3.3202365311709316,0.0001096508719704368,,type:unknown|arch:Unknown|lambda:False|mem:unknown,NA,3.916627710515803e-07,0.0008537409052253613,4,x86_64,Intel(R) Core(TM) i7-10510U CPU @ 1.80GHz,False,,video,video_stage3_local_1024_x86_analysis.json,0,0.45392584800720215,8.106231689453125e-06,8,4,0,0.0,0,0.0,0,0.0003432360562411222,21.59,0,0,94.1,0,63.758322,0,0,0,0.0004417896270751953,450.4017664831876,3.3392396,3.3392395973205566,0.00013899803161621094,"perf, rapl, null, psutil",1024,0,0.21283864974975586,4.291534423828125e-06,8,4,0,0.0,0,0.0,0,5.873766812411222e-06,7.03,0,0,54.5,0,23.494874,0,0,0,0.0002880096435546875,344.64023996531967,3.27153087,3.271530866622925,9.131431579589844e-05,False,,220,type:unknown|arch:Unknown|lambda:False|mem:unknown,False,,stage3,0,1.0631749413230203,2.3495067249644887e-05,32.0,16.0,0,0.0,0,0.0,0,0.001835042780095881,11,42.945454545454545,0,0,259.78181818181815,0,138.42555854545455,0,0,0,0.0013729442249644887,1541.0263947105404,13.280946123636364,13.280946124683727,0.0004386034878817472,4
x86,0,0.30359075286171655,6.849115545099432e-06,8.0,4.0,0,0.0,0,0.0,0,0.0005594600330699574,8.88090909090909,0,0,69.04545454545455,0,28.77016809090909,0,0,0,0.0004185980016534979,375.03068626224996,3.1444930809090907,3.1444930813529273,0.0001340129158713601,,type:unknown|arch:Unknown|lambda:False|mem:unknown,NA,5.708737806840376e-07,0.001020401363706803,4,x86_64,Intel(R) Core(TM) i7-10510U CPU @ 1.80GHz,False,,video,video_stage3_local_1024_x86_analysis.json,0,0.7058157920837402,1.7881393432617188e-05,8,4,0,0.0,0,0.0,0,0.0004185980016534979,16.79,0,0,98.8,0,52.070543,0,0,0,0.0009419918060302734,602.3486232471465,3.34508038,3.3450803756713867,0.0003192424774169922,"perf, rapl, null, psutil",1024,0,0.20805597305297852,4.291534423828125e-06,8,4,0,0.0,0,0.0,0,6.849115545099432e-06,6.63,0,0,56.9,0,23.019656,0,0,0,0.0002675056457519531,265.0276803994179,2.27941585,2.2794158458709717,8.630752563476562e-05,False,,220,type:unknown|arch:Unknown|lambda:False|mem:unknown,False,,stage3,0,1.5179537643085828,3.424557772549716e-05,40.0,20.0,0,0.0,0,0.0,0,0.0027973001653497868,11,44.404545454545456,0,0,345.22727272727275,0,143.85084045454545,0,0,0,0.0020929900082674894,1875.1534313112497,15.722465404545453,15.722465406764636,0.0006700645793568004,5
x86,0,0.2907716794447465,6.328929554332387e-06,8.0,4.0,0,0.0,0,0.0,0,0.0005078315734863281,10.102727272727272,0,0,66.91818181818182,0,32.72089781818182,0,0,0,0.0003796274011785334,402.94467383027074,3.3220541254545455,3.3220541260459204,0.00012187524275346236,,type:unknown|arch:Unknown|lambda:False|mem:unknown,NA,6.330195340243253e-07,0.0012465147247119079,4,x86_64,Intel(R) Core(TM) i7-10510U CPU @ 1.80GHz,False,,video,video_stage3_local_1024_x86_analysis.json,0,0.5554726123809814,9.059906005859375e-06,8,4,0,0.0,0,0.0,0,0.0003796274011785334,14.55,0,0,92.0,0,48.20648,0,0,0,0.000553131103515625,452.26349390387526,3.34063482,3.340634822845459,0.00017952919006347656,"perf, rapl, null, psutil",1024,0,0.2199857234954834,4.76837158203125e-06,8,4,0,0.0,0,0.0,0,6.328929554332387e-06,6.24,0,0,56.9,0,21.552313,0,0,0,0.00028586387634277344,373.69835721135144,3.26265287,3.26265287399292,9.059906005859375e-05,False,,220,type:unknown|arch:Unknown|lambda:False|mem:unknown,False,,stage3,0,1.744630076668479,3.797357732599432e-05,48.0,24.0,0,0.0,0,0.0,0,0.0030469894409179688,11,60.61636363636363,0,0,401.5090909090909,0,196.32538690909092,0,0,0,0.0022777644070712004,2417.6680429816242,19.932324752727272,19.932324756275523,0.0007312514565207741,6
x86,0,0.33301288431341,6.65404579856179e-06,8.0,4.0,0,0.0,0,0.0,0,0.0004953687841242009,8.682727272727274,0,0,62.33636363636363,0,28.384510363636366,0,0,0,0.0003696354952725497,376.16010705173017,3.2373121854545457,3.2373121868480337,0.00011907924305308948,,type:unknown|arch:Unknown|lambda:False|mem:unknown,NA,7.764606042341753e-07,0.0015674395099540585,4,x86_64,Intel(R) Core(TM) i7-10510U CPU @ 1.80GHz,False,,video,video_stage3_local_1024_x86_analysis.json,0,0.7661726474761963,1.0251998901367188e-05,8,4,0,0.0,0,0.0,0,0.0003696354952725497,13.91,0,0,85.5,0,43.323376,0,0,0,0.0006499290466308594,454.0647608327865,3.35469484,3.3546948432922363,0.00024008750915527344,"perf, rapl, null, psutil",1024,0,0.2270045280456543,4.5299530029296875e-06,8,4,0,0.0,0,0.0,0,6.65404579856179e-06,6.66,0,0,56.0,0,22.333194,0,0,0,0.00028204917907714844,255.82929759025575,2.36233711,2.362337112426758,8.916854858398438e-05,False,,220,type:unknown|arch:Unknown|lambda:False|mem:unknown,False,,stage3,0,2.3310901901938696,4.657832058993253e-05,56.0,28.0,0,0.0,0,0.0,0,0.0034675814888694067,11,60.77909090909091,0,0,436.3545454545454,0,198.69157254545456,0,0,0,0.002587448466907848,2633.1207493621114,22.66118529818182,22.661185307936236,0.0008335547013716264,7
x86,0,0.34375591711564496,7.455999200994318e-06,8.0,4.0,0,0.0,0,0.0,0,0.0005494031039151278,9.27818181818182,0,0,68.7,0,30.047235818181818,0,0,0,0.00041021000255237925,373.5670846539736,3.3188973127272727,3.318897312337702,0.00013173710216175425,,type:unknown|arch:Unknown|lambda:False|mem:unknown,NA,9.943320534446024e-07,0.0018098406185892383,4,x86_64,Intel(R) Core(TM) i7-10510U CPU @ 1.80GHz,False,,video,video_stage3_local_1024_x86_analysis.json,0,0.6711347103118896,1.430511474609375e-05,8,4,0,0.0,0,0.0,0,0.00041021000255237925,14.82,0,0,96.0,0,44.385506,0,0,0,0.0006861686706542969,419.9959216606617,3.34316254,3.3431625366210938,0.0002028942108154297,"perf, rapl, null, psutil",1024,0,0.24797677993774414,4.5299530029296875e-06,8,4,0,0.0,0,0.0,0,7.455999200994318e-06,6.48,0,0,58.7,0,22.552005,0,0,0,0.0002987384796142578,348.1653044700622,3.26762438,3.2676243782043457,9.584426879882812e-05,False,,220,type:unknown|arch:Unknown|lambda:False|mem:unknown,False,,stage3,0,2.7500473369251597,5.964799360795455e-05,64.0,32.0,0,0.0,0,0.0,0,0.004395224831321022,11,74.22545454545455,0,0,549.6,0,240.37788654545454,0,0,0,0.003281680020419034,2988.536677231789,26.551178501818182,26.551178498701617,0.001053896817294034,8
x86,0,0.2631095322695645,5.7220458984375e-06,8.0,4.0,0,0.0,0,0.0,0,0.00046170841563831675,10.350909090909092,0,0,67.69090909090909,0,33.45671890909091,0,0,0,0.00034590200944380325,357.2324394124746,3.1423252500000003,3.1423252495852383,0.000110084360296076,,type:unknown|arch:Unknown|lambda:False|mem:unknown,NA,8.584785461425782e-07,0.0018593521735048354,4,x86_64,Intel(R) Core(TM) i7-10510U CPU @ 1.80GHz,False,,video,video_stage3_local_1024_x86_analysis.json,0,0.5325698852539062,8.106231689453125e-06,8,4,0,0.0,0,0.0,0,0.00034590200944380325,23.36,0,0,100.0,0,70.018073,0,0,0,0.0004947185516357422,460.37875536203387,3.33633924,3.336339235305786,0.0001595020294189453,"perf, rapl, null, psutil",1024,0,0.21838641166687012,4.5299530029296875e-06,8,4,0,0.0,0,0.0,0,5.7220458984375e-06,6.44,0,0,56.0,0,22.579288,0,0,0,0.0002796649932861328,254.73339919269083,2.33712626,2.3371262550354004,9.1552734375e-05,False,,220,type:unknown|arch:Unknown|lambda:False|mem:unknown,False,,stage3,0,2.3679857904260806,5.14984130859375e-05,72.0,36.0,0,0.0,0,0.0,0,0.004155375740744851,11,93.15818181818182,0,0,609.2181818181818,0,301.1104701818182,0,0,0,0.0031131180849942293,3215.091954712271,28.28092725,28.280927246267144,0.000990759242664684,9
x86,0,0.2632113153284246,6.979162042791193e-06,8.0,4.0,0,0.0,0,0.0,0,0.00048058683221990407,9.656363636363636,0,0,66.26363636363637,0,31.324903909090906,0,0,0,0.00035788796164772725,367.19209944248206,3.145284827272727,3.145284826105291,0.00011571970852938566,,type:unknown|arch:Unknown|lambda:False|mem:unknown,NA,1.163426312533292e-06,0.0024208451720561046,4,x86_64,Intel(R) Core(TM) i7-10510U CPU @ 1.80GHz,False,,video,video_stage3_local_1024_x86_analysis.json,0,0.42050647735595703,2.1219253540039062e-05,8,4,0,0.0,0,0.0,0,0.00035788796164772725,17.44,0,0,94.0,0,52.998034,0,0,0,0.0005772113800048828,486.5637275838852,3.368855,3.3688549995422363,0.0002155303955078125,"perf, rapl, null, psutil",1024,0,0.21499109268188477,4.5299530029296875e-06,8,4,0,0.0,0,0.0,0,6.979162042791193e-06,7.25,0,0,56.0,0,24.380426,0,0,0,0.00026679039001464844,259.8196701025963,2.32330799,2.323307991027832,8.749961853027344e-05,False,,220,type:unknown|arch:Unknown|lambda:False|mem:unknown,False,,stage3,0,2.632113153284246,6.979162042791194e-05,80.0,40.0,0,0.0,0,0.0,0,0.0048058683221990405,11,96.56363636363636,0,0,662.6363636363636,0,313.24903909090904,0,0,0,0.0035788796164772725,3671.9209944248205,31.45284827272727,31.45284826105291,0.0011571970852938566,10
x86,0,0.27500898187810724,6.870789961381392e-06,8.0,4.0,0,0.0,0,0.0,0,0.0005021528764204545,8.63,0,0,67.8,0,28.303632454545458,0,0,0,0.00037544423883611506,389.6169120723009,3.33274579,3.3327457904815674,0.0001198378476229581,,type:unknown|arch:Unknown|lambda:False|mem:unknown,NA,1.3744328238747338e-06,0.0027370804558011054,4,x86_64,Intel(R) Core(TM) i7-10510U CPU @ 1.80GHz,False,,video,video_stage3_local_1024_x86_analysis.json,0,0.5488312244415283,1.430511474609375e-05,8,4,0,0.0,0,0.0,0,0.00037544423883611506,14.39,0,0,100.0,0,44.048104,0,0,0,0.0008931159973144531,567.0563140511513,3.35288286,3.3528828620910645,0.0002846717834472656,"perf, rapl, null, psutil",1024,0,0.21869945526123047,4.5299530029296875e-06,8,4,0,0.0,0,0.0,0,6.870789961381392e-06,6.57,0,0,54.9,0,22.353396,0,0,0,0.00027108192443847656,344.72232266306884,3.28485727,3.2848572731018066,8.463859558105469e-05,False,,220,type:unknown|arch:Unknown|lambda:False|mem:unknown,False,,stage3,0,3.300107782537287,8.24494795365767e-05,96.0,48.0,0,0.0,0,0.0,0,0.006025834517045454,11,103.56,0,0,813.5999999999999,0,339.64358945454546,0,0,0,0.0045053308660333805,4675.402944867611,39.99294948,39.99294948577881,0.0014380541714754972,12
x86,0,0.30403258583762427,6.068836558948863e-06,8.0,4.0,0,0.0,0,0.0,0,0.0004676472056995739,10.296363636363637,0,0,66.92727272727274,0,33.09955245454545,0,0,0,0.00035054033452814275,368.0666649878025,3.2387748418181816,3.2387748414819892,0.00011103803461248225,,type:unknown|arch:Unknown|lambda:False|mem:unknown,NA,1.6186800870028409e-06,0.003461327400815721,4,x86_64,Intel(R) Core(TM) i7-10510U CPU @ 1.80GHz,False,,video,video_stage3_local_1024_x86_analysis.json,0,0.4007151126861572,7.152557373046875e-06,8,4,0,0.0,0,0.0,0,0.00035054033452814275,15.48,0,0,100.0,0,45.978156,0,0,0,0.0004165172576904297,394.4946019667387,3.34891438,3.348914384841919,0.00012969970703125,"perf, rapl, null, psutil",1024,0,0.22902536392211914,4.76837158203125e-06,8,4,0,0.0,0,0.0,0,6.068836558948863e-06,6.86,0,0,54.9,0,22.909427,0,0,0,0.00028443336486816406,280.69677281260493,2.34701204,2.3470120429992676,8.845329284667969e-05,False,,220,type:unknown|arch:Unknown|lambda:False|mem:unknown,False,,stage3,0,4.864521373401988,9.710138494318181e-05,128.0,64.0,0,0.0,0,0.0,0,0.007482355291193182,11,164.7418181818182,0,0,1070.8363636363638,0,529.5928392727272,0,0,0,0.005608645352450284,5889.06663980484,51.820397469090906,51.82039746371183,0.001776608553799716,16
x86,0,0.2706011642109264,5.526976151899858e-06,8.0,4.0,0,0.0,0,0.0,0,0.00043337995355779475,8.684545454545455,0,0,64.44545454545454,0,28.748984000000004,0,0,0,0.00032520294189453125,341.52313641250134,3.05241175,3.052411751313643,0.00010265003551136364,,type:unknown|arch:Unknown|lambda:False|mem:unknown,NA,1.842693849043413e-06,0.004251912978244562,4,x86_64,Intel(R) Core(TM) i7-10510U CPU @ 1.80GHz,False,,video,video_stage3_local_1024_x86_analysis.json,0,0.4151296615600586,8.106231689453125e-06,8,4,0,0.0,0,0.0,0,0.00032520294189453125,14.49,0,0,100.0,0,47.526002,0,0,0,0.0004458427429199219,377.24001494050026,3.33635449,3.3363544940948486,0.00015211105346679688,"perf, rapl, null, psutil",1024,0,0.22873997688293457,4.5299530029296875e-06,8,4,0,0.0,0,0.0,0,5.526976151899858e-06,5.96,0,0,54.0,0,20.623302,0,0,0,0.0002894401550292969,247.25458992719652,2.33343077,2.333430767059326,8.893013000488281e-05,False,,220,type:unknown|arch:Unknown|lambda:False|mem:unknown,False,,stage3,0,5.412023284218527,0.00011053952303799717,160.0,80.0,0,0.0,0,0.0,0,0.008667599071155895,11,173.69090909090912,0,0,1288.9090909090908,0,574.97968,0,0,0,0.006504058837890625,6830.462728250027,61.048235000000005,61.04823502627286,0.002053000710227273,20
x86,0,0.31774130734530365,5.74372031471946e-06,8.0,4.0,0,0.0,0,0.0,0,0.00043507055802778763,9.91090909090909,0,0,65.71818181818182,0,32.10392736363636,0,0,0,0.0003279555927623402,369.0838883268833,3.237866032727273,3.2378660332072866,0.00010137124495072798,,type:unknown|arch:Unknown|lambda:False|mem:unknown,NA,2.2979476235129616e-06,0.005281781497534001,4,x86_64,Intel(R) Core(TM) i7-10510U CPU @ 1.80GHz,False,,video,video_stage3_local_1024_x86_analysis.json,0,0.5095670223236084,8.821487426757812e-06,8,4,0,0.0,0,0.0,0,0.0003279555927623402,14.62,0,0,100.0,0,48.03009,0,0,0,0.0005102157592773438,438.93119161725036,3.34790039,3.347900390625,0.0001480579376220703,"perf, rapl, null, psutil",1024,0,0.21917009353637695,3.814697265625e-06,8,4,0,0.0,0,0.0,0,5.74372031471946e-06,6.97,0,0,56.6,0,23.525515,0,0,0,0.0002460479736328125,282.1365059924126,2.33276701,2.3327670097351074,7.724761962890625e-05,False,,220,type:unknown|arch:Unknown|lambda:False|mem:unknown,False,,stage3,0,7.625791376287287,0.00013784928755326703,192.0,96.0,0,0.0,0,0.0,0,0.010441693392666903,11,237.86181818181817,0,0,1577.2363636363636,0,770.4942567272726,0,0,0,0.007870934226296165,8858.013319845199,77.70878478545455,77.70878479697488,0.0024329098788174715,24
x86,0,0.26850607178427954,5.050138993696733e-06,8.0,4.0,0,0.0,0,0.0,0,0.0004262707450173118,7.819999999999999,0,0,60.63636363636363,0,25.670133999999997,0,0,0,0.00032117150046608663,360.69085423350333,3.2282678009090913,3.228267799724232,0.0001000491055575284,,type:unknown|arch:Unknown|lambda:False|mem:unknown,NA,2.3572028766978873e-06,0.005529825596176336,4,x86_64,Intel(R) Core(TM) i7-10510U CPU @ 1.80GHz,False,,video,video_stage3_local_1024_x86_analysis.json,0,0.37348055839538574,6.67572021484375e-06,8,4,0,0.0,0,0.0,0,0.00032117150046608663,9.09,0,0,69.2,0,28.599414,0,0,0,0.00039315223693847656,385.0975091648102,3.34187269,3.3418726921081543,0.0001442432403564453,"perf, rapl, null, psutil",1024,0,0.22435832023620605,4.291534423828125e-06,8,4,0,0.0,0,0.0,0,5.050138993696733e-06,6.96,0,0,55.8,0,23.893004,0,0,0,0.000293731689453125,264.56405689716337,2.3345089,2.3345088958740234,8.940696716308594e-05,False,,220,type:unknown|arch:Unknown|lambda:False|mem:unknown,False,,stage3,0,7.518170009959827,0.00014140389182350853,224.0,112.0,0,0.0,0,0.0,0,0.01193558086048473,11,218.95999999999998,0,0,1697.8181818181818,0,718.763752,0,0,0,0.008992802013050426,10099.343918538094,90.39149842545456,90.39149839227849,0.0028013749556107955,28
arm,0,9.137009898278713,68.935010501345,2.0,0.0,0,0.0,0,0.0,0,71.1565624409858,0.0,0,0,0.9453125,0,0.0,0,0,0,1.3143170938160063,1030.2027770082072,76.44999642046875,76.53329525794572,0.9072348458247818,,type:lambda-function|arch:aarch64|lambda:True|mem:512,aws,1.8391860801758846,0.025847033879710348,4,aarch64,aarch64,False,,ml,ml_stage1_aws_512Mb_arm_analysis.json,0,205.68499994277954,94.05880081514724,2,0,0,0.0,0,0.0,0,68.935010501345,0.0,0,0,7.8,0,0.0,0,0,0,2.65472969916333,1410.4478215079225,103.81130096,103.73656861486694,1.580000877380371,"null, null, null, psutil",512,0,1.9663554787360904,44.46949854163567,2,0,0,0.0,0,0.0,0,0.9072348458247818,0.0,0,0,0.0,0,0.0,0,0,0,0.8929841035224385,686.2750012139463,51.41914593,51.53244978090903,0.6195235703228259,False,,100,type:lambda-function|arch:aarch64|lambda:True|mem:512,False,,stage1,0,36.54803959311485,275.74004200538,8.0,0.0,0,0.0,0,0.0,0,284.6262497639432,16,0.0,0,0,3.78125,0,0.0,0,0,0,5.257268375264025,4120.811108032829,305.799985681875,306.1331810317829,3.628939383299127,4
arm,0,2.712949099456685,92.44330990816647,2.0,0.0,0,0.0,0,0.0,0,94.90655393291613,0.0,0,0,0.6537499999999999,0,0.0,0,0,0,1.3544007287403315,1359.8657442818264,100.384223486625,100.31668531964078,1.1088432960093226,,type:lambda-function|arch:aarch64|lambda:True|mem:512,aws,3.0829843854373515,0.03248442028162283,4,aarch64,aarch64,False,,ml,ml_stage1_aws_512Mb_arm_analysis.json,0,4.372691631317139,99.87238103173236,2,0,0,0.0,0,0.0,0,92.44330990816647,0.0,0,0,3.6,0,0.0,0,0,0,3.08693482239609,1443.814639234543,107.77915028,106.0006685256958,1.4850451946258545,"null, null, null, psutil",512,0,1.9322497635655482,89.05170819,2,0,0,0.0,0,0.0,0,1.1088432960093226,0.0,0,0,0.0,0,0.0,0,0,0,0.8992775980370871,1300.3358280223752,95.77937032,96.67141593142907,0.8258535027366087,False,,100,type:lambda-function|arch:aarch64|lambda:True|mem:512,False,,stage1,0,13.564745497283425,462.2165495408324,10.0,0.0,0,0.0,0,0.0,0,474.53276966458066,16,0.0,0,0,3.26875,0,0.0,0,0,0,6.772003643701657,6799.328721409132,501.921117433125,501.5834265982039,5.544216480046613,5
arm,0,2.4180332184712086,92.4109758365981,2.0,0.0,0,0.0,0,0.0,0,94.89348383016394,0.0,0,0,0.8885416666666667,0,0.0,0,0,0,1.4006988964861986,1353.3601319647353,100.56707462614582,100.30624640873282,1.0818090970796452,,type:lambda-function|arch:aarch64|lambda:True|mem:512,aws,3.6982872529806556,0.03897303696426282,4,aarch64,aarch64,False,,ml,ml_stage1_aws_512Mb_arm_analysis.json,0,4.528085470199585,99.9950534070561,2,0,0,0.0,0,0.0,0,92.4109758365981,0.0,0,0,2.0,0,0.0,0,0,0,3.7319841889179814,1466.419639071359,110.92868791,108.37073945999146,1.4880078947633808,"null, null, null, psutil",512,0,2.004805564880371,87.2928917590322,2,0,0,0.0,0,0.0,0,1.0818090970796452,0.0,0,0,0.0,0,0.0,0,0,0,0.8801771539922909,1287.4484737952062,94.15296652,93.57623422181342,0.7622650605881297,False,,100,type:lambda-function|arch:aarch64|lambda:True|mem:512,False,,stage1,0,14.508199310827251,554.4658550195886,12.0,0.0,0,0.0,0,0.0,0,569.3609029809836,16,0.0,0,0,5.33125,0,0.0,0,0,0,8.404193378917192,8120.160791788412,603.402447756875,601.8374784523969,6.490854582477871,6
arm,0,52.11982409240875,91.44922753230522,2.0,0.0,0,0.0,0,0.0,0,93.89183406483082,0.0,0,0,0.8071428571428572,0,0.0,0,0,0,1.4263324154546386,1339.9706153490085,99.33637896491072,99.2135804120014,1.0162741170709686,,type:lambda-function|arch:aarch64|lambda:True|mem:512,aws,4.26976443348333,0.04547535444387129,4,aarch64,aarch64,False,,ml,ml_stage1_aws_512Mb_arm_analysis.json,0,205.3801894080909,96.67660808563232,2,0,0,0.0,0,0.0,0,91.44922753230522,0.0,0,0,3.6,0,0.0,0,0,0,3.9852609634399414,1420.008135274071,105.45125173,104.28744014776093,1.4204764366149902,"null, null, null, psutil",512,0,1.9448094367980957,87.18358464436875,2,0,0,0.0,0,0.0,0,1.0162741170709686,0.0,0,0,0.0,0,0.0,0,0,0,0.869126375329685,1248.7265486711844,94.73835944,94.48993669159573,0.7734924408541073,False,,100,type:lambda-function|arch:aarch64|lambda:True|mem:512,False,,stage1,0,364.83876864686124,640.1445927261365,14.0,0.0,0,0.0,0,0.0,0,657.2428384538157,16,0.0,0,0,5.65,0,0.0,0,0,0,9.98432690818247,9379.79430744306,695.354652754375,694.4950628840098,7.11391881949678,7
arm,0,21.047895187064576,91.82554010154777,2.0,0.0,0,0.0,0,0.0,0,94.4187851112895,0.0,0,0,0.6125,0,0.0,0,0,0,1.5229289012998237,1343.572123869274,99.94303146148438,99.92033893200646,1.0703161084419077,,type:lambda-function|arch:aarch64|lambda:True|mem:512,aws,4.899810819818589,0.051894448906997494,4,aarch64,aarch64,False,,ml,ml_stage1_aws_512Mb_arm_analysis.json,0,206.0604825919176,100.84267912350356,2,0,0,0.0,0,0.0,0,91.82554010154777,0.0,0,0,3.7,0,0.0,0,0,0,4.51003089382668,1423.1750394845812,110.66109442,109.22238625348784,1.4492110425827907,"null, null, null, psutil",512,0,1.989972377134001,86.72099987980675,2,0,0,0.0,0,0.0,0,1.0703161084419077,0.0,0,0,0.0,0,0.0,0,0,0,0.9313246921549638,1273.8558509039767,94.0665839,95.268322927046,0.7823427167452722,False,,100,type:lambda-function|arch:aarch64|lambda:True|mem:512,False,,stage1,0,168.3831614965166,734.6043208123822,16.0,0.0,0,0.0,0,0.0,0,755.350280890316,16,0.0,0,0,4.9,0,0.0,0,0,0,12.18343121039859,10748.576990954192,799.544251691875,799.3627114560517,8.562528867535262,8
arm,0,13.863650568774764,91.09861209136523,2.0,0.0,0,0.0,0,0.0,0,93.58012826041274,0.0,0,0,0.6191358024691358,0,0.0,0,0,0,1.4589971955852503,1340.7794687650996,99.18526146030864,98.80871283026299,1.0225189734622513,,type:lambda-function|arch:aarch64|lambda:True|mem:512,aws,5.468649683844655,0.05843815119195622,4,aarch64,aarch64,False,,ml,ml_stage1_aws_512Mb_arm_analysis.json,0,204.75113439559937,99.09605365655561,2,0,0,0.0,0,0.0,0,91.09861209136523,0.0,0,0,7.4,0,0.0,0,0,0,4.771823315617491,1426.998907236042,104.94245516,103.97153306007385,1.4394683837890625,"null, null, null, psutil",512,0,1.9930534362792969,84.84265010506154,2,0,0,0.0,0,0.0,0,1.0225189734622513,0.0,0,0,0.0,0,0.0,0,0,0,0.8637349408608554,1273.859726622769,93.83982564,94.87845340160435,0.780882595695745,False,,100,type:lambda-function|arch:aarch64|lambda:True|mem:512,False,,stage1,0,124.77285511897287,819.887508822287,18.0,0.0,0,0.0,0,0.0,0,842.2211543437146,18,0.0,0,0,5.572222222222222,0,0.0,0,0,0,13.130974760267254,12067.015218885897,892.6673531427778,889.2784154723669,9.202670761160261,9
arm,0,21.296508568100442,92.0771535578406,2.0,0.0,0,0.0,0,0.0,0,94.75626125221994,0.0,0,0,0.6331249999999999,0,0.0,0,0,0,1.6214365434522233,1353.3211610922287,100.1775045925625,100.17362899808103,1.0576711509271148,,type:lambda-function|arch:aarch64|lambda:True|mem:512,aws,6.141546142307968,0.06481414590599505,4,aarch64,aarch64,False,,ml,ml_stage1_aws_512Mb_arm_analysis.json,0,200.7760043029095,99.07515686694468,2,0,0,0.0,0,0.0,0,92.0771535578406,0.0,0,0,7.4,0,0.0,0,0,0,5.462576174877636,1493.75196689446,108.48515772,107.35650053392155,1.6102553603094072,"null, null, null, psutil",512,0,1.952870804575898,87.9104617205935,2,0,0,0.0,0,0.0,0,1.0576711509271148,0.0,0,0,0.0,0,0.0,0,0,0,0.8890400005039102,1278.5296579189546,94.65630839,95.50473423506716,0.7606922206371216,False,,100,type:lambda-function|arch:aarch64|lambda:True|mem:512,False,,stage1,0,212.96508568100444,920.771535578406,20.0,0.0,0,0.0,0,0.0,0,947.5626125221994,16,0.0,0,0,6.331249999999999,0,0.0,0,0,0,16.214365434522232,13533.211610922288,1001.775045925625,1001.7362899808103,10.57671150927115,10
arm,0,4.913934194147929,92.39168540014316,2.0,0.0,0,0.0,0,0.0,0,95.14765613829739,0.0,0,0,0.42962962962962964,0,0.0,0,0,0,1.656577513215802,1348.2564991120735,101.01992562189815,100.77076581366411,1.099393224938424,,type:lambda-function|arch:aarch64|lambda:True|mem:512,aws,7.395030499427458,0.07772162551937968,4,aarch64,aarch64,False,,ml,ml_stage1_aws_512Mb_arm_analysis.json,0,175.92282152175903,101.43733406066895,2,0,0,0.0,0,0.0,0,92.39168540014316,0.0,0,0,7.7,0,0.0,0,0,0,5.963768197272435,1519.9892996453111,110.43986888,111.52028434750781,1.562627113248134,"null, null, null, psutil",512,0,1.9338337738786961,87.207509251735,2,0,0,0.0,0,0.0,0,1.099393224938424,0.0,0,0,0.0,0,0.0,0,0,0,0.8801669852170614,1245.1179211152685,94.75032888,94.6342782257816,0.7959782942522969,False,,100,type:lambda-function|arch:aarch64|lambda:True|mem:512,False,,stage1,0,58.96721032977515,1108.700224801718,24.0,0.0,0,0.0,0,0.0,0,1141.7718736595687,18,0.0,0,0,5.155555555555556,0,0.0,0,0,0,19.878930158589625,16179.077989344882,1212.2391074627778,1209.2491897639693,13.192718699261087,12
arm,0,3.0965896236784616,92.03380763636211,2.0,0.0,0,0.0,0,0.0,0,94.2242779020641,0.0,0,0,0.7171875,0,0.0,0,0,0,1.13875775052536,1344.0893297606576,99.746472411875,99.91517108909859,1.0517125151766265,,type:lambda-function|arch:aarch64|lambda:True|mem:512,aws,9.821847950952565,0.10423903657994926,4,aarch64,aarch64,False,,ml,ml_stage1_aws_512Mb_arm_analysis.json,0,4.860853912316305,101.16060475212839,2,0,0,0.0,0,0.0,0,92.03380763636211,0.0,0,0,9.2,0,0.0,0,0,0,1.3716156486613085,1461.4605774638515,110.32110247,110.19365890209282,1.5953968893344355,"null, null, null, psutil",512,0,2.0262529850006104,86.08979164226193,2,0,0,0.0,0,0.0,0,1.0517125151766265,0.0,0,0,0.0,0,0.0,0,0,0,0.8710707698644848,1250.3788246207628,91.97561057,94.0361692028726,0.7734233536138196,False,,100,type:lambda-function|arch:aarch64|lambda:True|mem:512,False,,stage1,0,49.545433978855385,1472.5409221817938,32.0,0.0,0,0.0,0,0.0,0,1507.5884464330256,16,0.0,0,0,11.475,0,0.0,0,0,0,18.22012400840576,21505.429276170522,1595.94355859,1598.6427374255775,16.827400242826023,16
arm,0,14.459939263707328,92.73409325815673,2.0,0.0,0,0.0,0,0.0,0,94.80689107991074,0.0,0,0,0.624,0,0.0,0,0,0,1.0413840066637934,1354.2678364772228,100.32817215290001,100.28994295886041,1.0314138150902188,,type:lambda-function|arch:aarch64|lambda:True|mem:512,aws,12.370728040638108,0.1304834268873038,4,aarch64,aarch64,False,,ml,ml_stage1_aws_512Mb_arm_analysis.json,0,202.9236822128296,103.8123981603899,2,0,0,0.0,0,0.0,0,92.73409325815673,0.0,0,0,3.7,0,0.0,0,0,0,1.436671971434961,1523.0659200292862,111.06585439,109.64666652679443,1.647851522803782,"null, null, null, psutil",512,0,2.034166097640991,87.05659627914429,2,0,0,0.0,0,0.0,0,1.0314138150902188,0.0,0,0,0.0,0,0.0,0,0,0,0.870990673448176,1237.4813772976531,94.16353989,92.9526816037577,0.7632389435044773,False,,100,type:lambda-function|arch:aarch64|lambda:True|mem:512,False,,stage1,0,289.1987852741466,1854.6818651631347,40.0,0.0,0,0.0,0,0.0,0,1896.137821598215,20,0.0,0,0,12.48,0,0.0,0,0,0,20.82768013327587,27085.356729544455,2006.5634430580003,2005.7988591772082,20.628276301804377,20
arm,0,2.554748085670711,91.47921886127317,2.0,0.0,0,0.0,0,0.0,0,94.01230268752086,0.0,0,0,0.7328125,0,0.0,0,0,0,1.222933284533328,1336.2219831279726,99.0867704271875,99.16064286533604,1.3101505417143648,,type:lambda-function|arch:aarch64|lambda:True|mem:512,aws,14.643993355312606,0.15576677665248212,4,aarch64,aarch64,False,,ml,ml_stage1_aws_512Mb_arm_analysis.json,0,2.793688493794105,100.53413185522152,2,0,0,0.0,0,0.0,0,91.47921886127317,0.0,0,0,3.8,0,0.0,0,0,0,1.4171700477600098,1454.99630714491,106.75050507,106.79273888218985,2.9011776447296143,"null, null, null, psutil",512,0,1.884492205112777,85.06714186847597,2,0,0,0.0,0,0.0,0,1.222933284533328,0.0,0,0,0.0,0,0.0,0,0,0,0.9146181440832629,1245.993627325554,93.3674592,93.63133464599177,0.7438061237335205,False,,100,type:lambda-function|arch:aarch64|lambda:True|mem:512,False,,stage1,0,61.31395405609706,2195.501252670556,48.0,0.0,0,0.0,0,0.0,0,2256.2952645005007,16,0.0,0,0,17.5875,0,0.0,0,0,0,29.350398828799875,32069.327595071343,2378.0824902525,2379.855428768065,31.443613001144755,24
arm,0,4.089764837833985,91.95458778776738,2.0,0.0,0,0.0,0,0.0,0,94.0390923765493,0.0,0,0,0.17008928571428572,0,0.0,0,0,0,1.1343052506385558,1344.8345195906,100.32389742524553,100.23942596730295,0.9501993381433635,,type:lambda-function|arch:aarch64|lambda:True|mem:512,aws,17.173438815243433,0.1826202101832068,4,aarch64,aarch64,False,,ml,ml_stage1_aws_512Mb_arm_analysis.json,0,4.875392198562622,106.7978835105896,2,0,0,0.0,0,0.0,0,91.95458778776738,0.0,0,0,4.1,0,0.0,0,0,0,1.6361342675496402,1572.6387161755363,116.68937657,115.0716764557023,5.552129030227661,"null, null, null, psutil",512,0,1.9431040287017822,86.44024562835693,2,0,0,0.0,0,0.0,0,0.9501993381433635,0.0,0,0,0.0,0,0.0,0,0,0,0.9173748376734647,1237.5990266896267,93.79046965,93.58282969286923,0.7252383232116699,False,,100,type:lambda-function|arch:aarch64|lambda:True|mem:512,False,,stage1,0,114.51341545935158,2574.7284580574865,56.0,0.0,0,0.0,0,0.0,0,2633.0945865433805,16,0.0,0,0,4.7625,0,0.0,0,0,0,31.760547017879563,37655.3665485368,2809.069127906875,2806.7039270844825,26.60558146801418,28
x86,0,0.2874611724506725,5.223534323952415e-06,8.0,4.0,0,0.0,0,0.0,0,0.0004566149278120562,8.807272727272727,0,0,58.690909090909095,0,29.085219181818182,0,0,0,0.0003418705680153587,316.74557047843933,3.15851814,3.158518140966242,0.00010952082547274503,,type:unknown|arch:Unknown|lambda:False|mem:unknown,NA,1.7415263436057354e-07,0.00038139934494707366,4,x86_64,Intel(R) Core(TM) i7-10510U CPU @ 1.80GHz,False,,video,video_stage0_local_512_x86_analysis.json,0,0.42163872718811035,6.9141387939453125e-06,8,4,0,0.0,0,0.0,0,0.0003418705680153587,15.13,0,0,94.0,0,47.979856,0,0,0,0.00040912628173828125,379.87058859884735,3.36441922,3.3644192218780518,0.00016498565673828125,"perf, rapl, null, psutil",512,0,0.21758532524108887,3.814697265625e-06,8,4,0,0.0,0,0.0,0,5.223534323952415e-06,6.34,0,0,45.5,0,20.971869,0,0,0,0.00024175643920898438,236.41651912629604,2.35037231,2.350372314453125,7.581710815429688e-05,False,,220,type:unknown|arch:Unknown|lambda:False|mem:unknown,False,,stage0,0,1.14984468980269,2.089413729580966e-05,32.0,16.0,0,0.0,0,0.0,0,0.0018264597112482247,11,35.22909090909091,0,0,234.76363636363638,0,116.34087672727273,0,0,0,0.0013674822720614347,1266.9822819137573,12.63407256,12.634072563864969,0.0004380833018909801,4
x86,0,0.26304318688132544,5.570324984463778e-06,8.0,4.0,0,0.0,0,0.0,0,0.00046712701970880676,8.025454545454545,0,0,59.60909090909092,0,27.105864909090908,0,0,0,0.0003503019159490412,323.7005120873451,3.165171210909091,3.1651712114160713,0.00011125477877530184,,type:unknown|arch:Unknown|lambda:False|mem:unknown,NA,2.3214329372752795e-07,0.0004969596789161099,4,x86_64,Intel(R) Core(TM) i7-10510U CPU @ 1.80GHz,False,,video,video_stage0_local_512_x86_analysis.json,0,0.37850379943847656,6.67572021484375e-06,8,4,0,0.0,0,0.0,0,0.0003503019159490412,12.29,0,0,92.0,0,40.893754,0,0,0,0.0004267692565917969,357.0310345083475,3.36488128,3.3648812770843506,0.00014543533325195312,"perf, rapl, null, psutil",512,0,0.2072277069091797,4.291534423828125e-06,8,4,0,0.0,0,0.0,0,5.570324984463778e-06,6.06,0,0,48.1,0,20.910222,0,0,0,0.00027251243591308594,240.79525305032726,2.3508687,2.3508687019348145,8.678436279296875e-05,False,,220,type:unknown|arch:Unknown|lambda:False|mem:unknown,False,,stage0,0,1.3152159344066272,2.785162492231889e-05,40.0,20.0,0,0.0,0,0.0,0,0.002335635098544034,11,40.127272727272725,0,0,298.04545454545456,0,135.52932454545453,0,0,0,0.0017515095797452059,1618.5025604367254,15.825856054545454,15.825856057080356,0.0005562738938765092,5
x86,0,0.2727298953316428,5.223534323952415e-06,8.0,4.0,0,0.0,0,0.0,0,0.0004564632068980824,7.084545454545454,0,0,53.98181818181818,0,23.923512000000002,0,0,0,0.000344948335127397,329.1590421652794,3.245734323636363,3.2457343231547964,0.00010629133744673295,,type:unknown|arch:Unknown|lambda:False|mem:unknown,NA,2.612289515408603e-07,0.0005722891737891739,4,x86_64,Intel(R) Core(TM) i7-10510U CPU @ 1.80GHz,False,,video,video_stage0_local_512_x86_analysis.json,0,0.42131567001342773,6.198883056640625e-06,8,4,0,0.0,0,0.0,0,0.000344948335127397,8.54,0,0,61.5,0,29.358629,0,0,0,0.0004482269287109375,358.63458852589133,3.35988402,3.359884023666382,0.00014495849609375,"perf, rapl, null, psutil",512,0,0.2084805965423584,4.5299530029296875e-06,8,4,0,0.0,0,0.0,0,5.223534323952415e-06,5.64,0,0,50.0,0,20.265817,0,0,0,0.00029397010803222656,242.674868658781,2.35572362,2.3557236194610596,8.96453857421875e-05,False,,220,type:unknown|arch:Unknown|lambda:False|mem:unknown,False,,stage0,0,1.636379371989857,3.134120594371449e-05,48.0,24.0,0,0.0,0,0.0,0,0.0027387792413884945,11,42.50727272727272,0,0,323.8909090909091,0,143.541072,0,0,0,0.002069690010764382,1974.9542529916764,19.47440594181818,19.47440593892878,0.0006377480246803977,6
x86,0,0.2900062257593328,5.9604644775390625e-06,8.0,4.0,0,0.0,0,0.0,0,0.0004907304590398614,9.622727272727273,0,0,62.36363636363637,0,31.97354509090909,0,0,0,0.00036579912359064275,334.60251138627524,3.2396752854545454,3.239675283432007,0.00011897087097167969,,type:unknown|arch:Unknown|lambda:False|mem:unknown,NA,3.477632999420166e-07,0.0007086645907866261,4,x86_64,Intel(R) Core(TM) i7-10510U CPU @ 1.80GHz,False,,video,video_stage0_local_512_x86_analysis.json,0,0.36904311180114746,1.0013580322265625e-05,8,4,0,0.0,0,0.0,0,0.00036579912359064275,17.66,0,0,92.2,0,56.459696,0,0,0,0.0005810260772705078,390.6278758287429,3.34698844,3.3469884395599365,0.0002009868621826172,"perf, rapl, null, psutil",512,0,0.21738696098327637,4.0531158447265625e-06,8,4,0,0.0,0,0.0,0,5.9604644775390625e-06,5.52,0,0,49.0,0,19.362743,0,0,0,0.00028514862060546875,245.2528340536356,2.35248876,2.3524887561798096,9.036064147949219e-05,False,,220,type:unknown|arch:Unknown|lambda:False|mem:unknown,False,,stage0,0,2.0300435803153296,4.172325134277344e-05,56.0,28.0,0,0.0,0,0.0,0,0.00343511321327903,11,67.35909090909091,0,0,436.54545454545456,0,223.81481563636365,0,0,0,0.002560593865134499,2342.2175797039267,22.677726998181818,22.677726984024048,0.0008327960968017578,7
x86,0,0.3115806146101518,4.898418079723012e-06,8.0,4.0,0,0.0,0,0.0,0,0.00042856823314319956,7.676363636363636,0,0,52.809090909090905,0,26.02213418181818,0,0,0,0.00032247196544300425,312.07358645141124,3.0812991299999997,3.081299131566828,0.0001011978496204723,,type:unknown|arch:Unknown|lambda:False|mem:unknown,NA,3.266265175559304e-07,0.0007621342234359986,4,x86_64,Intel(R) Core(TM) i7-10510U CPU @ 1.80GHz,False,,video,video_stage0_local_512_x86_analysis.json,0,0.5148091316223145,7.62939453125e-06,8,4,0,0.0,0,0.0,0,0.00032247196544300425,13.31,0,0,62.5,0,44.570624,0,0,0,0.0004982948303222656,347.1579020869732,3.36171317,3.361713171005249,0.00018262863159179688,"perf, rapl, null, psutil",512,0,0.20751070976257324,4.0531158447265625e-06,8,4,0,0.0,0,0.0,0,4.898418079723012e-06,6.22,0,0,48.1,0,21.804264,0,0,0,0.0002460479736328125,236.70944270610815,2.34795856,2.347958564758301,8.106231689453125e-05,False,,220,type:unknown|arch:Unknown|lambda:False|mem:unknown,False,,stage0,0,2.4926449168812144,3.918734463778409e-05,64.0,32.0,0,0.0,0,0.0,0,0.0034285458651455965,11,61.41090909090909,0,0,422.47272727272724,0,208.17707345454545,0,0,0,0.002579775723544034,2496.58869161129,24.650393039999997,24.650393052534625,0.0008095827969637784,8
x86,0,0.2732639529488303,5.310231989080256e-06,8.0,4.0,0,0.0,0,0.0,0,0.00044306841763583094,8.764545454545454,0,0,62.472727272727276,0,28.953466727272726,0,0,0,0.0003349781036376953,341.9411857569218,3.3366743427272727,3.3366743434559214,0.00010278008200905539,,type:unknown|arch:Unknown|lambda:False|mem:unknown,NA,3.9834705266085544e-07,0.0008990644261813915,4,x86_64,Intel(R) Core(TM) i7-10510U CPU @ 1.80GHz,False,,video,video_stage0_local_512_x86_analysis.json,0,0.46266937255859375,6.67572021484375e-06,8,4,0,0.0,0,0.0,0,0.0003349781036376953,18.64,0,0,100.0,0,57.250587,0,0,0,0.00042724609375,419.4218158221246,3.36738038,3.367380380630493,0.00013065338134765625,"perf, rapl, null, psutil",512,0,0.21334004402160645,4.0531158447265625e-06,8,4,0,0.0,0,0.0,0,5.310231989080256e-06,5.52,0,0,51.0,0,19.652536,0,0,0,0.0002944469451904297,300.17265590429304,3.27149343,3.271493434906006,8.606910705566406e-05,False,,220,type:unknown|arch:Unknown|lambda:False|mem:unknown,False,,stage0,0,2.4593755765394727,4.7792087901722304e-05,72.0,36.0,0,0.0,0,0.0,0,0.003987615758722479,11,78.88090909090909,0,0,562.2545454545455,0,260.5812005454545,0,0,0,0.003014802932739258,3077.470671812296,30.030069084545453,30.030069091103293,0.0009250207380814985,9
x86,0,0.23175393451343884,5.310231989080256e-06,8.0,4.0,0,0.0,0,0.0,0,0.0004383433948863636,7.979090909090909,0,0,55.48181818181818,0,26.64115127272727,0,0,0,0.00033311410383744675,305.0156526875496,3.0624272172727274,3.062427217310125,9.991905905983664e-05,,type:unknown|arch:Unknown|lambda:False|mem:unknown,NA,4.426078362898394e-07,0.0010097285403481014,4,x86_64,Intel(R) Core(TM) i7-10510U CPU @ 1.80GHz,False,,video,video_stage0_local_512_x86_analysis.json,0,0.26403141021728516,7.867813110351562e-06,8,4,0,0.0,0,0.0,0,0.00033311410383744675,10.91,0,0,63.7,0,36.237212,0,0,0,0.0004773139953613281,345.01373361647126,3.35793805,3.357938051223755,0.00012922286987304688,"perf, rapl, null, psutil",512,0,0.20834016799926758,4.5299530029296875e-06,8,4,0,0.0,0,0.0,0,5.310231989080256e-06,5.85,0,0,49.0,0,20.418345,0,0,0,0.00028324127197265625,242.90926156401636,2.31893754,2.3189375400543213,8.7738037109375e-05,False,,220,type:unknown|arch:Unknown|lambda:False|mem:unknown,False,,stage0,0,2.3175393451343886,5.310231989080256e-05,80.0,40.0,0,0.0,0,0.0,0,0.004383433948863636,11,79.79090909090908,0,0,554.8181818181818,0,266.4115127272727,0,0,0,0.0033311410383744674,3050.156526875496,30.624272172727274,30.62427217310125,0.0009991905905983665,10
x86,0,0.2453478683124889,5.288557572798296e-06,8.0,4.0,0,0.0,0,0.0,0,0.0004469698125665838,7.582727272727272,0,0,54.75454545454545,0,25.915428,0,0,0,0.0003367120569402521,339.68874172866344,3.342651368181818,3.3426513671875,0.00010496919805353338,,type:unknown|arch:Unknown|lambda:False|mem:unknown,NA,5.289615284312856e-07,0.0011834390456793716,4,x86_64,Intel(R) Core(TM) i7-10510U CPU @ 1.80GHz,False,,video,video_stage0_local_512_x86_analysis.json,0,0.30899524688720703,7.152557373046875e-06,8,4,0,0.0,0,0.0,0,0.0003367120569402521,12.4,0,0,64.0,0,41.308611,0,0,0,0.00042176246643066406,360.6822810983659,3.37196493,3.371964931488037,0.00013303756713867188,"perf, rapl, null, psutil",512,0,0.20458197593688965,4.291534423828125e-06,8,4,0,0.0,0,0.0,0,5.288557572798296e-06,5.62,0,0,48.0,0,19.474072,0,0,0,0.0002751350402832031,317.040572770834,3.2992456,3.299245595932007,8.678436279296875e-05,False,,220,type:unknown|arch:Unknown|lambda:False|mem:unknown,False,,stage0,0,2.9441744197498667,6.346269087357955e-05,96.0,48.0,0,0.0,0,0.0,0,0.0053636377507990055,11,90.99272727272727,0,0,657.0545454545454,0,310.985136,0,0,0,0.004040544683283026,4076.2649007439613,40.11181641818182,40.11181640625,0.0012596303766424005,12
x86,0,0.3164958737113259,6.242231889204546e-06,8.0,4.0,0,0.0,0,0.0,0,0.0005240223624489524,11.232727272727272,0,0,73.10909090909091,0,35.68046727272727,0,0,0,0.00039033456282182175,349.65712013602257,3.239204384545454,3.2392043850638648,0.00012744556773792613,,type:unknown|arch:Unknown|lambda:False|mem:unknown,NA,8.324640447443183e-07,0.0015886040451668943,4,x86_64,Intel(R) Core(TM) i7-10510U CPU @ 1.80GHz,False,,video,video_stage0_local_512_x86_analysis.json,0,0.45975518226623535,9.059906005859375e-06,8,4,0,0.0,0,0.0,0,0.00039033456282182175,17.78,0,0,100.0,0,53.901717,0,0,0,0.0005326271057128906,461.1811969453096,3.34534717,3.3453471660614014,0.0001697540283203125,"perf, rapl, null, psutil",512,0,0.21358966827392578,4.5299530029296875e-06,8,4,0,0.0,0,0.0,0,6.242231889204546e-06,5.65,0,0,48.7,0,20.594185,0,0,0,0.0002818107604980469,245.11874457359312,2.35929298,2.359292984008789,9.274482727050781e-05,False,,220,type:unknown|arch:Unknown|lambda:False|mem:unknown,False,,stage0,0,5.063933979381215,9.987571022727273e-05,128.0,64.0,0,0.0,0,0.0,0,0.008384357799183239,11,179.72363636363636,0,0,1169.7454545454545,0,570.8874763636363,0,0,0,0.006245353005149148,5594.513922176361,51.827270152727266,51.827270161021836,0.002039129083806818,16
x86,0,0.27618761496110394,5.635348233309659e-06,8.0,4.0,0,0.0,0,0.0,0,0.00047258897261186086,8.815454545454545,0,0,61.445454545454545,0,29.471842636363636,0,0,0,0.00035181912508877843,347.04978714048866,3.3438021054545457,3.3438021052967417,0.00011513449928977273,,type:unknown|arch:Unknown|lambda:False|mem:unknown,NA,9.394125504927202e-07,0.0019878004035956704,4,x86_64,Intel(R) Core(TM) i7-10510U CPU @ 1.80GHz,False,,video,video_stage0_local_512_x86_analysis.json,0,0.400054931640625,9.5367431640625e-06,8,4,0,0.0,0,0.0,0,0.00035181912508877843,14.51,0,0,92.2,0,47.500855,0,0,0,0.0006031990051269531,432.1814141899347,3.37152958,3.3715295791625977,0.00018024444580078125,"perf, rapl, null, psutil",512,0,0.2123885154724121,3.814697265625e-06,8,4,0,0.0,0,0.0,0,5.635348233309659e-06,5.93,0,0,49.0,0,21.092293,0,0,0,0.0002510547637939453,306.496542084217,3.32123637,3.3212363719940186,7.62939453125e-05,False,,220,type:unknown|arch:Unknown|lambda:False|mem:unknown,False,,stage0,0,5.523752299222079,0.00011270696466619319,160.0,80.0,0,0.0,0,0.0,0,0.009451779452237217,11,176.30909090909088,0,0,1228.909090909091,0,589.4368527272727,0,0,0,0.007036382501775569,6940.995742809773,66.87604210909092,66.87604210593483,0.0023026899857954545,20
x86,0,0.29141072793440387,5.331906405362216e-06,8.0,4.0,0,0.0,0,0.0,0,0.0004634857177734375,9.587272727272726,0,0,61.290909090909096,0,31.341644,0,0,0,0.0003495866602117365,321.7637366241217,3.1568231172727277,3.1568231149153276,0.00010856715115633878,,type:unknown|arch:Unknown|lambda:False|mem:unknown,NA,1.0665945573286578e-06,0.0023012457912457915,4,x86_64,Intel(R) Core(TM) i7-10510U CPU @ 1.80GHz,False,,video,video_stage0_local_512_x86_analysis.json,0,0.445770263671875,8.58306884765625e-06,8,4,0,0.0,0,0.0,0,0.0003495866602117365,20.64,0,0,88.5,0,66.577283,0,0,0,0.0005152225494384766,369.5766790676117,3.35633111,3.3563311100006104,0.0001685619354248047,"perf, rapl, null, psutil",512,0,0.21577978134155273,4.5299530029296875e-06,8,4,0,0.0,0,0.0,0,5.331906405362216e-06,5.75,0,0,50.0,0,20.367806,0,0,0,0.00029730796813964844,234.19643692016606,2.3510201,2.351020097732544,9.083747863769531e-05,False,,220,type:unknown|arch:Unknown|lambda:False|mem:unknown,False,,stage0,0,6.993857470425693,0.0001279657537286932,192.0,96.0,0,0.0,0,0.0,0,0.0111236572265625,11,230.09454545454543,0,0,1470.9818181818182,0,752.1994559999999,0,0,0,0.008390079845081676,7722.32967897892,75.76375481454546,75.76375475796786,0.0026056116277521305,24
x86,0,0.27398868040605023,4.681673916903409e-06,8.0,4.0,0,0.0,0,0.0,0,0.00041252916509454905,7.348181818181818,0,0,53.38181818181818,0,24.256562727272726,0,0,0,0.0003120899200439453,314.80109282732013,3.1558394654545454,3.1558394648812036,9.575757113370028e-05,,type:unknown|arch:Unknown|lambda:False|mem:unknown,NA,1.0926090587269177e-06,0.0026485619713129825,4,x86_64,Intel(R) Core(TM) i7-10510U CPU @ 1.80GHz,False,,video,video_stage0_local_512_x86_analysis.json,0,0.43302083015441895,5.9604644775390625e-06,8,4,0,0.0,0,0.0,0,0.0003120899200439453,8.74,0,0,62.0,0,28.076955,0,0,0,0.0003845691680908203,360.6109822547436,3.36639547,3.3663954734802246,0.00012421607971191406,"perf, rapl, null, psutil",512,0,0.21306586265563965,3.814697265625e-06,8,4,0,0.0,0,0.0,0,4.681673916903409e-06,5.79,0,0,48.1,0,20.197704,0,0,0,0.00024580955505371094,223.1792602777481,2.32872581,2.328725814819336,7.772445678710938e-05,False,,220,type:unknown|arch:Unknown|lambda:False|mem:unknown,False,,stage0,0,7.671683051369406,0.00013108686967329547,224.0,112.0,0,0.0,0,0.0,0,0.011550816622647373,11,205.7490909090909,0,0,1494.6909090909091,0,679.1837563636363,0,0,0,0.008738517761230469,8814.430599164963,88.36350503272728,88.3635050166737,0.002681211991743608,28
x86,0,1.3883139857879052,38.114929341352905,2.0,2.0,0,0.0,0,0.0,0,39.109547335367935,0.0,0,0,3.5634615384615387,0,0.0,0,0,0,0.4010949914272015,3883.551192925893,42.066966312692315,42.0669663135822,0.593523002587832,,type:lambda-function|arch:x86_64|lambda:True|mem:2048,aws,5.0830069769628246,0.12996844308566335,4,x86_64,Intel(R) Xeon(R) Processor @ 2.50GHz,False,,ml,ml_stage1_aws_2048Mb_x86_analysis.json,0,1.722797155380249,47.57854604721069,2,2,0,0.0,0,0.0,0,38.114929341352905,0.0,0,0,10.2,0,0.0,0,0,0,0.5586938858032227,4687.246703243256,51.71278358,51.71278357505798,0.761838436126709,"null, null, null, psutil",2048,0,1.0446667671203613,26.35262894630432,2,2,0,0.0,0,0.0,0,0.4010949914272015,0.0,0,0,0.0,0,0.0,0,0,0,0.2668290138244629,3101.363093237877,29.96956706,29.96956706047058,0.394423246383667,False,,220,type:lambda-function|arch:x86_64|lambda:True|mem:2048,False,,stage1,0,5.553255943151621,152.45971736541162,8.0,8.0,0,0.0,0,0.0,0,156.43818934147174,13,0.0,0,0,14.253846153846155,0,0.0,0,0,0,1.604379965708806,15534.204771703571,168.26786525076926,168.2678652543288,2.374092010351328,4
x86,0,1.4380416359220232,37.72668161392212,2.0,2.0,0,0.0,0,0.0,0,38.722496138300215,0.0,0,0,2.6728571428571426,0,0.0,0,0,0,0.3981691326413836,3875.2562169718058,41.66795776257143,41.667957762309484,0.5976453917367118,,type:lambda-function|arch:x86_64|lambda:True|mem:2048,aws,6.289037825040817,0.16241302736732313,4,x86_64,Intel(R) Xeon(R) Processor @ 2.50GHz,False,,ml,ml_stage1_aws_2048Mb_x86_analysis.json,0,2.994790554046631,48.80383658409119,2,2,0,0.0,0,0.0,0,37.72668161392212,0.0,0,0,6.2,0,0.0,0,0,0,1.2581703662872314,4899.935418109893,53.28333426,53.283334255218506,0.8162209987640381,"null, null, null, psutil",2048,0,1.043738603591919,26.572340488433838,2,2,0,0.0,0,0.0,0,0.3981691326413836,0.0,0,0,0.0,0,0.0,0,0,0,0.2679591178894043,3117.918511648178,29.95419765,29.954197645187378,0.46529340744018555,False,,220,type:lambda-function|arch:x86_64|lambda:True|mem:2048,False,,stage1,0,7.190208179610115,188.6334080696106,10.0,10.0,0,0.0,0,0.0,0,193.61248069150108,14,0.0,0,0,13.364285714285714,0,0.0,0,0,0,1.990845663206918,19376.28108485903,208.33978881285717,208.3397888115474,2.9882269586835593,5
x86,0,1.4360634302481627,37.13630026731736,2.0,2.0,0,0.0,0,0.0,0,38.12441066595224,0.0,0,0,3.1538461538461537,0,0.0,0,0,0,0.39258437890272874,3785.5598236131364,41.04786497230769,41.04786497201675,0.5955260197321574,,type:lambda-function|arch:x86_64|lambda:True|mem:2048,aws,7.428745505474166,0.1948553531899853,4,x86_64,Intel(R) Xeon(R) Processor @ 2.50GHz,False,,ml,ml_stage1_aws_2048Mb_x86_analysis.json,0,1.9653751850128174,50.66961097717285,2,2,0,0.0,0,0.0,0,37.13630026731736,0.0,0,0,13.7,0,0.0,0,0,0,0.6108872890472412,5114.938814220429,54.96613145,54.96613144874573,0.8695149421691895,"null, null, null, psutil",2048,0,1.049694299697876,26.60302448272705,2,2,0,0.0,0,0.0,0,0.39258437890272874,0.0,0,0,0.0,0,0.0,0,0,0,0.2637197971343994,3147.805010604858,30.46592546,30.465925455093384,0.4440279006958008,False,,220,type:lambda-function|arch:x86_64|lambda:True|mem:2048,False,,stage1,0,8.616380581488976,222.81780160390417,12.0,12.0,0,0.0,0,0.0,0,228.74646399571344,13,0.0,0,0,18.923076923076923,0,0.0,0,0,0,2.3555062734163723,22713.358941678816,246.28718983384616,246.28718983210047,3.5731561183929443,6
x86,0,1.452858635357448,36.701650186460846,2.0,2.0,0,0.0,0,0.0,0,37.655593256561126,0.0,0,0,2.642857142857143,0,0.0,0,0,0,0.35677890388333067,3751.08700959899,40.607121078061226,40.60712107833551,0.5971641662169476,,type:lambda-function|arch:x86_64|lambda:True|mem:2048,aws,8.565431120516234,0.22746769814929924,4,x86_64,Intel(R) Xeon(R) Processor @ 2.50GHz,False,,ml,ml_stage1_aws_2048Mb_x86_analysis.json,0,1.8166356086730957,49.63834261894226,2,2,0,0.0,0,0.0,0,36.701650186460846,0.0,0,0,10.0,0,0.0,0,0,0,0.5101735591888428,4947.2532606053355,53.99163222,53.99163222312927,1.1781795024871826,"null, null, null, psutil",2048,0,1.0927555561065674,26.35555934906006,2,2,0,0.0,0,0.0,0,0.35677890388333067,0.0,0,0,0.0,0,0.0,0,0,0,0.25511765480041504,3129.0966029548645,29.96722126,29.9672212600708,0.42064619064331055,False,,220,type:lambda-function|arch:x86_64|lambda:True|mem:2048,False,,stage1,0,10.170010447502136,256.91155130522594,14.0,14.0,0,0.0,0,0.0,0,263.5891527959279,14,0.0,0,0,18.5,0,0.0,0,0,0,2.4974523271833147,26257.60906719293,284.24984754642855,284.24984754834855,4.180149163518633,7
x86,0,1.4719896694024404,35.92267435590426,2.0,2.0,0,0.0,0,0.0,0,36.87906186183294,0.0,0,0,2.77,0,0.0,0,0,0,0.37957070271174115,3733.7816829509734,39.77221331425,39.77221331397693,0.5768168032169342,,type:lambda-function|arch:x86_64|lambda:True|mem:2048,aws,9.581295704206784,0.25980313002817207,4,x86_64,Intel(R) Xeon(R) Processor @ 2.50GHz,False,,ml,ml_stage1_aws_2048Mb_x86_analysis.json,0,2.685520648956299,47.49588322639465,2,2,0,0.0,0,0.0,0,35.92267435590426,0.0,0,0,10.0,0,0.0,0,0,0,0.567925214767456,4618.169039039612,51.70703125,51.70703125,0.8349390029907227,"null, null, null, psutil",2048,0,1.0510690212249756,26.041539192199707,2,2,0,0.0,0,0.0,0,0.37957070271174115,0.0,0,0,0.0,0,0.0,0,0,0,0.25673556327819824,3135.650789937973,29.45693755,29.456937551498413,0.43225550651550293,False,,220,type:lambda-function|arch:x86_64|lambda:True|mem:2048,False,,stage1,0,11.775917355219523,287.3813948472341,16.0,16.0,0,0.0,0,0.0,0,295.0324948946635,15,0.0,0,0,22.16,0,0.0,0,0,0,3.036565621693929,29870.253463607787,318.177706514,318.1777065118154,4.6145344257354735,8
x86,0,1.465363171365526,35.30431202479771,2.0,2.0,0,0.0,0,0.0,0,36.21996757908473,0.0,0,0,2.827777777777778,0,0.0,0,0,0,0.343597169906374,3723.464288178417,39.113698130079364,39.11369813056219,0.5720583843806434,,type:lambda-function|arch:x86_64|lambda:True|mem:2048,aws,10.593411866160801,0.29247436080748956,4,x86_64,Intel(R) Xeon(R) Processor @ 2.50GHz,False,,ml,ml_stage1_aws_2048Mb_x86_analysis.json,0,1.795250654220581,47.94028902053833,2,2,0,0.0,0,0.0,0,35.30431202479771,0.0,0,0,8.2,0,0.0,0,0,0,0.5281052589416504,4723.742215461732,52.24222755,52.24222755432129,0.905346155166626,"null, null, null, psutil",2048,0,1.0586848258972168,25.929030895233154,2,2,0,0.0,0,0.0,0,0.343597169906374,0.0,0,0,0.0,0,0.0,0,0,0,0.2575812339782715,3155.1383129215246,29.52481341,29.524813413619995,0.39724254608154297,False,,220,type:lambda-function|arch:x86_64|lambda:True|mem:2048,False,,stage1,0,13.188268542289734,317.7388082231794,18.0,18.0,0,0.0,0,0.0,0,325.97970821176256,14,0.0,0,0,25.450000000000003,0,0.0,0,0,0,3.0923745291573663,33511.17859360576,352.02328317071425,352.0232831750597,5.14852545942579,9
x86,0,1.5584456307547434,34.32678203923361,2.0,2.0,0,0.0,0,0.0,0,35.26524050916944,0.0,0,0,2.717857142857143,0,0.0,0,0,0,0.3677000437464033,3653.967595371127,38.157778936214285,38.15777893577303,0.5707584261894226,,type:lambda-function|arch:x86_64|lambda:True|mem:2048,aws,11.444549131880487,0.32452774932599,4,x86_64,Intel(R) Xeon(R) Processor @ 2.50GHz,False,,ml,ml_stage1_aws_2048Mb_x86_analysis.json,0,2.8877482414245605,47.318504333496094,2,2,0,0.0,0,0.0,0,34.32678203923361,0.0,0,0,13.7,0,0.0,0,0,0,0.502399206161499,4494.950775432586,51.20700359,51.207003593444824,0.8835911750793457,"null, null, null, psutil",2048,0,1.0719711780548096,25.622879028320312,2,2,0,0.0,0,0.0,0,0.3677000437464033,0.0,0,0,0.0,0,0.0,0,0,0,0.25209856033325195,3118.098577828407,29.05966973,29.059669733047485,0.4080178737640381,False,,220,type:lambda-function|arch:x86_64|lambda:True|mem:2048,False,,stage1,0,15.584456307547434,343.26782039233615,20.0,20.0,0,0.0,0,0.0,0,352.6524050916944,14,0.0,0,0,27.17857142857143,0,0.0,0,0,0,3.677000437464033,36539.675953711274,381.5777893621429,381.5777893577303,5.707584261894226,10
x86,0,1.5037474592526754,33.84936047130161,2.0,2.0,0,0.0,0,0.0,0,34.750688122378456,0.0,0,0,2.875,0,0.0,0,0,0,0.32759751081466676,3687.6578610465785,37.60685756716667,37.60685756736331,0.5737301402621799,,type:lambda-function|arch:x86_64|lambda:True|mem:2048,aws,13.542452137358348,0.38970313593984324,4,x86_64,Intel(R) Xeon(R) Processor @ 2.50GHz,False,,ml,ml_stage1_aws_2048Mb_x86_analysis.json,0,1.9502792358398438,48.33171272277832,2,2,0,0.0,0,0.0,0,33.84936047130161,0.0,0,0,11.8,0,0.0,0,0,0,0.5301473140716553,4831.991763157844,52.41909051,52.41909050941467,1.5957984924316406,"null, null, null, psutil",2048,0,1.1011321544647217,25.48634672164917,2,2,0,0.0,0,0.0,0,0.32759751081466676,0.0,0,0,0.0,0,0.0,0,0,0,0.2541623115539551,3113.19976272583,28.96291828,28.962918281555176,0.43349337577819824,False,,220,type:lambda-function|arch:x86_64|lambda:True|mem:2048,False,,stage1,0,18.044969511032104,406.1923256556193,24.0,24.0,0,0.0,0,0.0,0,417.0082574685415,15,0.0,0,0,34.5,0,0.0,0,0,0,3.9311701297760013,44251.89433255894,451.28229080600005,451.2822908083598,6.884761683146159,12
x86,0,1.551645298798879,32.26052048802376,2.0,2.0,0,0.0,0,0.0,0,33.1799769838651,0.0,0,0,3.1045833333333333,0,0.0,0,0,0,0.36314598719278973,3690.8548662975327,36.008518837125,36.008518836895625,0.5563105086485545,,type:lambda-function|arch:x86_64|lambda:True|mem:2048,aws,17.209052049131397,0.5186577452268845,4,x86_64,Intel(R) Xeon(R) Processor @ 2.50GHz,False,,ml,ml_stage1_aws_2048Mb_x86_analysis.json,0,2.022575616836548,48.5153591632843,2,2,0,0.0,0,0.0,0,32.26052048802376,0.0,0,0,15.1,0,0.0,0,0,0,0.5328397750854492,4864.6173758411405,52.71263194,52.712631940841675,0.8433289527893066,"null, null, null, psutil",2048,0,1.0736660957336426,25.210857152938843,2,2,0,0.0,0,0.0,0,0.36314598719278973,0.0,0,0,0.0,0,0.0,0,0,0,0.258514404296875,3123.9464175701146,28.58529258,28.58529257774353,0.418947696685791,False,,220,type:lambda-function|arch:x86_64|lambda:True|mem:2048,False,,stage1,0,24.826324780782063,516.1683278083801,32.0,32.0,0,0.0,0,0.0,0,530.8796317418416,15,0.0,0,0,49.67333333333333,0,0.0,0,0,0,5.810335795084636,59053.67786076052,576.136301394,576.13630139033,8.900968138376872,16
x86,0,1.9029736558596293,31.315170685450237,2.0,2.0,0,0.0,0,0.0,0,32.176954267819724,0.0,0,0,2.6566666666666667,0,0.0,0,0,0,0.30995941241582237,3682.9562572575724,35.58317075273333,35.58317075252533,0.5518241699536641,,type:lambda-function|arch:x86_64|lambda:True|mem:2048,aws,20.880955813058222,0.6489413397942805,4,x86_64,Intel(R) Xeon(R) Processor @ 2.50GHz,False,,ml,ml_stage1_aws_2048Mb_x86_analysis.json,0,4.420058965682983,47.64527726173401,2,2,0,0.0,0,0.0,0,31.315170685450237,0.0,0,0,10.0,0,0.0,0,0,0,0.5905747413635254,4767.530162529945,51.96784568,51.96784567832947,0.8226637840270996,"null, null, null, psutil",2048,0,1.0837249755859375,25.108696460723877,2,2,0,0.0,0,0.0,0,0.30995941241582237,0.0,0,0,0.0,0,0.0,0,0,0,0.2522311210632324,3102.606529109478,28.94136691,28.94136691093445,0.4112563133239746,False,,220,type:lambda-function|arch:x86_64|lambda:True|mem:2048,False,,stage1,0,38.05947311719259,626.3034137090048,40.0,40.0,0,0.0,0,0.0,0,643.5390853563945,15,0.0,0,0,53.13333333333333,0,0.0,0,0,0,6.199188248316448,73659.12514515145,711.6634150546666,711.6634150505065,11.036483399073283,20
x86,0,1.7142191429932911,31.26378067334493,2.0,2.0,0,0.0,0,0.0,0,32.17702563680135,0.0,0,0,2.8935897435897435,0,0.0,0,0,0,0.3638222492658175,3673.273057290048,34.97971003990384,34.979710040184166,0.5494227141906054,,type:lambda-function|arch:x86_64|lambda:True|mem:2048,aws,25.01602674358368,0.7774499428863453,4,x86_64,Intel(R) Xeon(R) Processor @ 2.90GHz,False,,ml,ml_stage1_aws_2048Mb_x86_analysis.json,0,2.64125657081604,47.37872648239136,2,2,0,0.0,0,0.0,0,31.26378067334493,0.0,0,0,11.8,0,0.0,0,0,0,0.6442701816558838,4658.545676929952,51.70990872,51.70990872383118,0.9798338413238525,"null, null, null, psutil",2048,0,1.0770397186279297,25.297287225723267,2,2,0,0.0,0,0.0,0,0.3638222492658175,0.0,0,0,0.0,0,0.0,0,0,0,0.2610280513763428,3113.7328929281234,29.03891778,29.038917779922485,0.4251582622528076,False,,220,type:lambda-function|arch:x86_64|lambda:True|mem:2048,False,,stage1,0,41.14125943183899,750.3307361602783,48.0,48.0,0,0.0,0,0.0,0,772.2486152832325,13,0.0,0,0,69.44615384615385,0,0.0,0,0,0,8.73173398237962,88158.55337496116,839.5130409576923,839.51304096442,13.18614514057453,24
x86,0,2.7446563024910127,30.762776808471095,2.0,2.0,0,0.0,0,0.0,0,31.633278915468527,0.0,0,0,2.521938775510204,0,0.0,0,0,0,0.32662162732104866,3694.3852000673874,34.7555036897449,34.755503689756196,0.5438804796763829,,type:lambda-function|arch:x86_64|lambda:True|mem:2048,aws,28.717667406243937,0.9078308790873124,4,x86_64,Intel(R) Xeon(R) Processor @ 2.50GHz,False,,ml,ml_stage1_aws_2048Mb_x86_analysis.json,0,5.674238204956055,48.46208429336548,2,2,0,0.0,0,0.0,0,30.762776808471095,0.0,0,0,8.0,0,0.0,0,0,0,0.6296405792236328,4784.989412231445,52.79114532,52.79114532470703,0.8124690055847168,"null, null, null, psutil",2048,0,1.1032240390777588,24.207965850830078,2,2,0,0.0,0,0.0,0,0.32662162732104866,0.0,0,0,0.0,0,0.0,0,0,0,0.252626895904541,3081.41563463211,28.002738,28.002737998962402,0.396456241607666,False,,220,type:lambda-function|arch:x86_64|lambda:True|mem:2048,False,,stage1,0,76.85037646974835,861.3577506371906,56.0,56.0,0,0.0,0,0.0,0,885.7318096331187,14,0.0,0,0,70.61428571428571,0,0.0,0,0,0,9.145405564989362,103442.78560188685,973.1541033128572,973.1541033131734,15.22865343093872,28
x86,0,0.4488697946071625,8.761248409748077,2.0,2.0,0,0.0,0,0.0,0,18.127404868602753,0.0,0,0,2.6625,0,0.0,0,0,0,6.1868301928043365,1107.7014350530505,20.2509258675,20.25092586874962,3.1793262660503387,,type:lambda-function|arch:x86_64|lambda:True|mem:2048,aws,1.1684000879240037,0.06445490109550707,4,x86_64,Intel(R) Xeon(R) Processor @ 2.50GHz,False,,video,video_stage3_aws_2048Mb_x86_analysis.json,0,0.4956364631652832,10.262631893157959,2,2,0,0.0,0,0.0,0,8.761248409748077,0.0,0,0,3.8,0,0.0,0,0,0,6.5589518547058105,1243.3332828712462,21.60521936,21.60521936416626,5.65559196472168,"null, null, null, psutil",2048,0,0.3859262466430664,7.570094347000122,2,2,0,0.0,0,0.0,0,3.1793262660503387,0.0,0,0,1.9,0,0.0,0,0,0,5.660625219345093,973.7681319236756,18.91546488,18.915464878082275,2.5507326126098633,False,,220,type:lambda-function|arch:x86_64|lambda:True|mem:2048,False,,stage3,0,1.79547917842865,35.04499363899231,8.0,8.0,0,0.0,0,0.0,0,72.50961947441101,8,0.0,0,0,10.65,0,0.0,0,0,0,24.747320771217346,4430.805740212202,81.00370347,81.00370347499847,12.717305064201355,4
x86,0,0.4444730579853058,8.54958114027977,2.0,2.0,0,0.0,0,0.0,0,17.270190358161926,0.0,0,0,2.6374999999999997,0,0.0,0,0,0,5.995903760194778,1072.4087276899816,19.419416130000002,19.41941612958908,2.724705457687378,,type:lambda-function|arch:x86_64|lambda:True|mem:2048,aws,1.4252151760846379,0.08252457827779984,4,x86_64,Intel(R) Xeon(R) Processor @ 2.90GHz,False,,video,video_stage3_aws_2048Mb_x86_analysis.json,0,0.6012489795684814,10.826159477233887,2,2,0,0.0,0,0.0,0,8.54958114027977,0.0,0,0,5.6,0,0.0,0,0,0,6.313333749771118,1252.1739132022858,21.97567415,21.975674152374268,2.960965156555176,"null, null, null, psutil",2048,0,0.3979635238647461,7.353057861328125,2,2,0,0.0,0,0.0,0,2.724705457687378,0.0,0,0,0.0,0,0.0,0,0,0,5.461336851119995,946.819645690918,17.90961981,17.90961980819702,2.4635589122772217,False,,220,type:lambda-function|arch:x86_64|lambda:True|mem:2048,False,,stage3,0,2.222365289926529,42.74790570139885,10.0,10.0,0,0.0,0,0.0,0,86.35095179080963,8,0.0,0,0,13.187499999999998,0,0.0,0,0,0,29.979518800973892,5362.043638449908,97.09708065000001,97.0970806479454,13.62352728843689,5
x86,0,0.43508344888687134,8.115664720535278,2.0,2.0,0,0.0,0,0.0,0,16.830036759376526,0.0,0,0,3.3625,0,0.0,0,0,0,5.997702121734619,1145.9669917479157,18.9691566825,18.969156682491302,2.7166699171066284,,type:lambda-function|arch:x86_64|lambda:True|mem:2048,aws,1.6234575706958774,0.09646191472466034,4,x86_64,Intel(R) Xeon(R) Processor @ 2.50GHz,False,,video,video_stage3_aws_2048Mb_x86_analysis.json,0,0.5517005920410156,11.241453886032104,2,2,0,0.0,0,0.0,0,8.115664720535278,0.0,0,0,5.7,0,0.0,0,0,0,6.780055284500122,1296.8491548871991,21.47456789,21.474567890167236,2.944638967514038,"null, null, null, psutil",2048,0,0.37073302268981934,7.294680118560791,2,2,0,0.0,0,0.0,0,2.7166699171066284,0.0,0,0,1.9,0,0.0,0,0,0,5.453770875930786,940.7648292517661,17.91772461,17.917724609375,2.5319552421569824,False,,220,type:lambda-function|arch:x86_64|lambda:True|mem:2048,False,,stage3,0,2.610500693321228,48.69398832321167,12.0,12.0,0,0.0,0,0.0,0,100.98022055625916,8,0.0,0,0,20.174999999999997,0,0.0,0,0,0,35.986212730407715,6875.801950487494,113.814940095,113.81494009494781,16.30001950263977,6
x86,0,0.4557712972164154,8.657639920711517,2.0,2.0,0,0.0,0,0.0,0,17.251740217208862,0.0,0,0,2.6625,0,0.0,0,0,0,5.838942348957062,1133.7945389026404,19.385866104999998,19.385866105556488,2.755157947540283,,type:lambda-function|arch:x86_64|lambda:True|mem:2048,aws,2.020520004695654,0.11711977917915525,4,x86_64,Intel(R) Xeon(R) Processor @ 2.50GHz,False,,video,video_stage3_aws_2048Mb_x86_analysis.json,0,0.6091976165771484,11.154745101928711,2,2,0,0.0,0,0.0,0,8.657639920711517,0.0,0,0,3.8,0,0.0,0,0,0,6.380594491958618,1314.536789867878,22.50533795,22.505337953567505,2.952322244644165,"null, null, null, psutil",2048,0,0.38846755027770996,7.360948324203491,2,2,0,0.0,0,0.0,0,2.755157947540283,0.0,0,0,1.9,0,0.0,0,0,0,5.240722179412842,963.6362917566298,17.40843987,17.408439874649048,2.6087889671325684,False,,220,type:lambda-function|arch:x86_64|lambda:True|mem:2048,False,,stage3,0,3.190399080514908,60.60347944498062,14.0,14.0,0,0.0,0,0.0,0,120.76218152046204,8,0.0,0,0,18.6375,0,0.0,0,0,0,40.87259644269943,7936.561772318482,135.701062735,135.70106273889542,19.286105632781982,7
x86,0,0.4957095980644226,9.165204614400864,2.0,2.0,0,0.0,0,0.0,0,17.742418855428696,0.0,0,0,3.125,0,0.0,0,0,0,5.891149580478668,1111.05630779773,19.9252471925,19.925247192382812,2.686064660549164,,type:lambda-function|arch:x86_64|lambda:True|mem:2048,aws,2.4445433747529988,0.13777960010255508,4,x86_64,Intel(R) Xeon(R) Processor @ 2.90GHz,False,,video,video_stage3_aws_2048Mb_x86_analysis.json,0,0.6495015621185303,10.920632600784302,2,2,0,0.0,0,0.0,0,9.165204614400864,0.0,0,0,5.7,0,0.0,0,0,0,6.556689500808716,1264.765356452465,21.65323329,21.653233289718628,3.082726001739502,"null, null, null, psutil",2048,0,0.42209696769714355,7.499434947967529,2,2,0,0.0,0,0.0,0,2.686064660549164,0.0,0,0,1.9,0,0.0,0,0,0,5.143484830856323,958.2939228415489,18.03488016,18.0348801612854,2.475088119506836,False,,220,type:lambda-function|arch:x86_64|lambda:True|mem:2048,False,,stage3,0,3.965676784515381,73.32163691520691,16.0,16.0,0,0.0,0,0.0,0,141.93935084342957,8,0.0,0,0,25.0,0,0.0,0,0,0,47.129196643829346,8888.45046238184,159.40197754,159.4019775390625,21.48851728439331,8
x86,0,0.45988407731056213,8.756337136030197,2.0,2.0,0,0.0,0,0.0,0,17.895540863275528,0.0,0,0,2.1875,0,0.0,0,0,0,6.282936364412308,1153.0696850791574,19.9873578275,19.987357825040817,2.856267362833023,,type:lambda-function|arch:x86_64|lambda:True|mem:2048,aws,2.627426521037221,0.14682017945761644,4,x86_64,Intel(R) Xeon(R) Processor @ 2.50GHz,False,,video,video_stage3_aws_2048Mb_x86_analysis.json,0,0.5691924095153809,11.033260822296143,2,2,0,0.0,0,0.0,0,8.756337136030197,0.0,0,0,3.8,0,0.0,0,0,0,7.750605344772339,1274.1005344104765,22.66679478,22.666794776916504,3.4143080711364746,"null, null, null, psutil",2048,0,0.3881397247314453,7.448130369186401,2,2,0,0.0,0,0.0,0,2.856267362833023,0.0,0,0,0.0,0,0.0,0,0,0,5.174653053283691,962.2063975524903,18.01558661,18.015586614608765,2.529108762741089,False,,220,type:lambda-function|arch:x86_64|lambda:True|mem:2048,False,,stage3,0,4.138956695795059,78.80703422427177,18.0,18.0,0,0.0,0,0.0,0,161.05986776947975,8,0.0,0,0,19.6875,0,0.0,0,0,0,56.54642727971077,10377.627165712416,179.8862204475,179.88622042536736,25.706406265497208,9
x86,0,0.47549766302108765,8.839065700769424,2.0,2.0,0,0.0,0,0.0,0,17.87735778093338,0.0,0,0,2.65,0,0.0,0,0,0,6.162713974714279,1165.8888478833437,20.00534668625,20.005346685647964,2.8755781054496765,,type:lambda-function|arch:x86_64|lambda:True|mem:2048,aws,2.9469445046365266,0.16484228490294645,4,x86_64,Intel(R) Xeon(R) Processor @ 2.50GHz,False,,video,video_stage3_aws_2048Mb_x86_analysis.json,0,0.7517175674438477,11.133116722106934,2,2,0,0.0,0,0.0,0,8.839065700769424,0.0,0,0,5.6,0,0.0,0,0,0,7.620509624481201,1306.7462758445738,22.48646832,22.48646831512451,3.3528099060058594,"null, null, null, psutil",2048,0,0.4031822681427002,7.4174463748931885,2,2,0,0.0,0,0.0,0,2.8755781054496765,0.0,0,0,0.0,0,0.0,0,0,0,5.3004138469696045,966.8052284932135,17.97188067,17.971880674362183,2.5356040000915527,False,,220,type:lambda-function|arch:x86_64|lambda:True|mem:2048,False,,stage3,0,4.7549766302108765,88.39065700769424,20.0,20.0,0,0.0,0,0.0,0,178.7735778093338,8,0.0,0,0,26.5,0,0.0,0,0,0,61.62713974714279,11658.888478833436,200.0534668625,200.05346685647964,28.755781054496765,10
x86,0,0.4809318913353814,8.643209563361275,2.6666666666666665,2.2222222222222223,0,0.0,0,0.0,0,17.472076813379925,0.0,0,0,2.411111111111111,0,0.0,0,0,0,6.160940594143337,1170.4900935032633,20.410099957777778,20.41009995672438,2.667926655875312,,type:lambda-function|arch:x86_64|lambda:True|mem:2048,aws,3.457975282109579,0.19791438184735427,4,x86_64,Intel(R) Xeon(R) Processor @ 2.50GHz,False,,video,video_stage3_aws_2048Mb_x86_analysis.json,0,0.6513848304748535,10.720991849899292,8,4,0,0.0,0,0.0,0,8.643209563361275,0.0,0,0,5.7,0,0.0,0,0,0,7.591531753540039,1284.6836654663086,23.81876707,23.818767070770264,3.0548095703125,"null, null, null, psutil",2048,0,0.4128897190093994,7.263618469238281,2,2,0,0.0,0,0.0,0,2.667926655875312,0.0,0,0,1.0,0,0.0,0,0,0,5.000663995742798,992.8649811387064,18.02470589,18.02470588684082,2.0002100467681885,False,,220,type:lambda-function|arch:x86_64|lambda:True|mem:2048,False,,stage3,0,5.771182696024576,103.7185147603353,32.0,26.666666666666668,0,0.0,0,0.0,0,209.66492176055908,9,0.0,0,0,28.93333333333333,0,0.0,0,0,0,73.93128712972005,14045.88112203916,244.92119949333335,244.92119948069256,32.01511987050374,12
x86,0,0.4570614993572235,7.934614300727844,2.0,2.0,0,0.0,0,0.0,0,16.90768411755562,0.0,0,0,2.8874999999999997,0,0.0,0,0,0,6.0989183485507965,1137.99129188627,19.0423358675,19.042335867881775,2.8741514682769775,,type:lambda-function|arch:x86_64|lambda:True|mem:2048,aws,4.232640652580262,0.2503382854299613,4,x86_64,Intel(R) Xeon(R) Processor @ 2.50GHz,False,,video,video_stage3_aws_2048Mb_x86_analysis.json,0,0.5242886543273926,8.949263572692871,2,2,0,0.0,0,0.0,0,7.934614300727844,0.0,0,0,3.8,0,0.0,0,0,0,6.746806621551514,1306.2045046329497,19.9390049,19.93900489807129,3.9758379459381104,"null, null, null, psutil",2048,0,0.37712526321411133,7.425091981887817,2,2,0,0.0,0,0.0,0,2.8741514682769775,0.0,0,0,1.9,0,0.0,0,0,0,5.611256837844849,973.560533065796,18.40468192,18.40468192100525,2.5125632286071777,False,,220,type:lambda-function|arch:x86_64|lambda:True|mem:2048,False,,stage3,0,7.312983989715576,126.95382881164551,32.0,32.0,0,0.0,0,0.0,0,270.5229458808899,8,0.0,0,0,46.199999999999996,0,0.0,0,0,0,97.58269357681274,18207.86067018032,304.67737388,304.6773738861084,45.98642349243164,16
x86,0,0.45362886786460876,8.125719100236893,2.0,2.0,0,0.0,0,0.0,0,17.328866600990295,0.0,0,0,2.875,0,0.0,0,0,0,6.3225822150707245,1146.689429745674,19.4493192725,19.449319273233414,2.8805652856826782,,type:lambda-function|arch:x86_64|lambda:True|mem:2048,aws,5.418229496037961,0.3126707372615082,4,x86_64,Intel(R) Xeon(R) Processor @ 2.50GHz,False,,video,video_stage3_aws_2048Mb_x86_analysis.json,0,0.6087913513183594,10.609211683273315,2,2,0,0.0,0,0.0,0,8.125719100236893,0.0,0,0,3.8,0,0.0,0,0,0,6.772562265396118,1226.6134366607666,22.12506199,22.125061988830566,3.3741295337677,"null, null, null, psutil",2048,0,0.4026002883911133,7.4782421588897705,2,2,0,0.0,0,0.0,0,2.8805652856826782,0.0,0,0,1.9,0,0.0,0,0,0,5.926925182342529,1001.2978745913505,18.41172194,18.41172194480896,2.438526153564453,False,,220,type:lambda-function|arch:x86_64|lambda:True|mem:2048,False,,stage3,0,9.072577357292175,162.51438200473785,40.0,40.0,0,0.0,0,0.0,0,346.5773320198059,8,0.0,0,0,57.5,0,0.0,0,0,0,126.45164430141449,22933.78859491348,388.98638544999994,388.9863854646683,57.611305713653564,20
x86,0,0.44710463285446167,7.619480133056641,2.0,2.0,0,0.0,0,0.0,0,16.845464885234833,0.0,0,0,2.675,0,0.0,0,0,0,6.372556984424591,1182.1702025568484,18.91724807,18.91724807024002,2.853427767753601,,type:lambda-function|arch:x86_64|lambda:True|mem:2048,aws,6.096803223266602,0.36192549536644086,4,x86_64,Intel(R) Xeon(R) Processor @ 2.50GHz,False,,video,video_stage3_aws_2048Mb_x86_analysis.json,0,0.5405805110931396,7.765604734420776,2,2,0,0.0,0,0.0,0,7.619480133056641,0.0,0,0,5.6,0,0.0,0,0,0,7.189305067062378,1225.4504883599282,19.91133595,19.911335945129395,3.6234755516052246,"null, null, null, psutil",2048,0,0.3948237895965576,7.440474271774292,2,2,0,0.0,0,0.0,0,2.853427767753601,0.0,0,0,2.0,0,0.0,0,0,0,5.886141777038574,1144.0612151265145,17.90587616,17.90587615966797,2.500870704650879,False,,220,type:lambda-function|arch:x86_64|lambda:True|mem:2048,False,,stage3,0,10.73051118850708,182.86752319335938,48.0,48.0,0,0.0,0,0.0,0,404.291157245636,8,0.0,0,0,64.19999999999999,0,0.0,0,0,0,152.94136762619019,28372.08486136436,454.01395368,454.0139536857605,68.48226642608643,24
x86,0,0.4722650349140167,7.645205140113831,2.0,2.0,0,0.0,0,0.0,0,16.891161501407623,0.0,0,0,2.925,0,0.0,0,0,0,6.3551453948020935,1170.475560618341,18.97180894,18.971808940172195,2.890810966491699,,type:lambda-function|arch:x86_64|lambda:True|mem:2048,aws,7.136951902399064,0.42252582226534907,4,x86_64,Intel(R) Xeon(R) Processor @ 2.50GHz,False,,video,video_stage3_aws_2048Mb_x86_analysis.json,0,0.6581997871398926,7.877958297729492,2,2,0,0.0,0,0.0,0,7.645205140113831,0.0,0,0,5.8,0,0.0,0,0,0,7.021082878112793,1230.2305279922487,20.11495304,20.11495304107666,3.887827157974243,"null, null, null, psutil",2048,0,0.3979218006134033,7.502797842025757,2,2,0,0.0,0,0.0,0,2.890810966491699,0.0,0,0,2.0,0,0.0,0,0,0,5.917198896408081,1145.6771325206755,18.01628542,18.01628541946411,2.4411449432373047,False,,220,type:lambda-function|arch:x86_64|lambda:True|mem:2048,False,,stage3,0,13.223420977592468,214.06574392318726,56.0,56.0,0,0.0,0,0.0,0,472.95252203941345,8,0.0,0,0,81.89999999999999,0,0.0,0,0,0,177.94407105445862,32773.31569731355,531.21065032,531.2106503248215,80.94270706176758,28
arm,0,0.43998153101314197,0.3936150074005127,2.0,0.0,0,0.0,0,0.0,0,7.270307692614469,0.0,0,0,2.6750000000000003,0,0.0,0,0,0,4.8278866681185635,107.19908002479511,9.364018034318182,9.364018033851277,2.0488060170953926,,type:lambda-function|arch:aarch64|lambda:True|mem:2048,aws,0.04200659358978271,0.005777828857567479,4,aarch64,aarch64,False,,video,video_stage2_aws_2048Mb_arm_analysis.json,0,0.6033720970153809,0.4342989921569824,2,0,0,0.0,0,0.0,0,4.8278866681185635,0.0,0,0,3.8,0,0.0,0,0,0,6.010251045227051,117.03649538755417,10.54608631,10.546086311340332,3.456267833709717,"null, null, null, psutil",2048,0,0.35936546325683594,0.3675363063812256,2,0,0,0.0,0,0.0,0,0.3936150074005127,0.0,0,0,1.9,0,0.0,0,0,0,4.352277517318726,96.8188345193863,8.39142442,8.391424417495728,1.6060967445373535,False,,100,type:lambda-function|arch:aarch64|lambda:True|mem:2048,False,,stage2,0,1.7599261240525679,1.5744600296020508,8.0,0.0,0,0.0,0,0.0,0,29.081230770457875,11,0.0,0,0,10.700000000000001,0,0.0,0,0,0,19.311546672474254,428.79632009918043,37.45607213727273,37.45607213540511,8.19522406838157,4
arm,0,1.3401118119557698,0.4835575540860494,2.0,0.0,0,0.0,0,0.0,0,10.985598297913869,0.0,0,0,2.6733333333333333,0,0.0,0,0,0,7.94733597834905,132.75381222248078,13.08059657,13.080596570173899,2.55470476547877,,type:lambda-function|arch:aarch64|lambda:True|mem:2048,aws,0.06450657771507898,0.0058719221262012265,4,aarch64,aarch64,False,,video,video_stage2_aws_2048Mb_arm_analysis.json,0,53.94677686691284,1.775752067565918,2,0,0,0.0,0,0.0,0,7.94733597834905,0.0,0,0,5.7,0,0.0,0,0,0,30.714704751968384,394.27366719245913,45.25851583,45.25851583480835,10.862637042999268,"null, null, null, psutil",2048,0,0.3463571071624756,0.29827237129211426,2,0,0,0.0,0,0.0,0,0.4835575540860494,0.0,0,0,1.9,0,0.0,0,0,0,4.23222279548645,91.40689222812652,7.89935732,7.899357318878174,1.2483336925506592,False,,100,type:lambda-function|arch:aarch64|lambda:True|mem:2048,False,,stage2,0,6.700559059778849,2.417787770430247,10.0,0.0,0,0.0,0,0.0,0,54.927991489569344,12,0.0,0,0,13.366666666666667,0,0.0,0,0,0,39.73667989174525,663.7690611124038,65.40298285,65.40298285086949,12.773523827393849,5
arm,0,1.4649981458981831,0.31390703121821084,2.0,0.0,0,0.0,0,0.0,0,7.76639015674591,0.0,0,0,2.6416666666666666,0,0.0,0,0,0,5.77505608399709,107.1606606988112,9.822365788166667,9.822365788618724,1.6774270415306092,,type:lambda-function|arch:aarch64|lambda:True|mem:2048,aws,0.05025023755741119,0.006470218021916357,4,aarch64,aarch64,False,,video,video_stage2_aws_2048Mb_arm_analysis.json,0,61.81297492980957,0.823671817779541,2,0,0,0.0,0,0.0,0,5.77505608399709,0.0,0,0,5.7,0,0.0,0,0,0,15.674234390258789,204.88972499370576,22.51535439,22.51535439491272,4.117040395736694,"null, null, null, psutil",2048,0,0.33098888397216797,0.2479853630065918,2,0,0,0.0,0,0.0,0,0.31390703121821084,0.0,0,0,1.9,0,0.0,0,0,0,3.9509215354919434,86.24354267120363,7.39858723,7.398587226867676,1.0067503452301025,False,,100,type:lambda-function|arch:aarch64|lambda:True|mem:2048,False,,stage2,0,8.7899888753891,1.883442187309265,12.0,0.0,0,0.0,0,0.0,0,46.59834094047546,10,0.0,0,0,15.85,0,0.0,0,0,0,34.650336503982544,642.9639641928673,58.934194729000005,58.93419473171234,10.064562249183655,6
arm,0,0.43176622239370194,0.22380221836150638,2.0,0.0,0,0.0,0,0.0,0,6.062817637882536,0.0,0,0,2.6476190476190475,0,0.0,0,0,0,4.543726618327792,94.71995598721125,8.11371388079365,8.1137138813261,1.2952888011932373,,type:lambda-function|arch:aarch64|lambda:True|mem:2048,aws,0.04179730230119493,0.006894039174134357,4,aarch64,aarch64,False,,video,video_stage2_aws_2048Mb_arm_analysis.json,0,0.5878298282623291,0.2495861053466797,2,0,0,0.0,0,0.0,0,4.543726618327792,0.0,0,0,5.7,0,0.0,0,0,0,6.383711338043213,106.31009627580643,9.55289268,9.552892684936523,1.7866852283477783,"null, null, null, psutil",2048,0,0.32716965675354004,0.20450139045715332,2,0,0,0.0,0,0.0,0,0.22380221836150638,0.0,0,0,1.9,0,0.0,0,0,0,4.098299503326416,78.81136465072632,7.38921714,7.389217138290405,0.9690847396850586,False,,100,type:lambda-function|arch:aarch64|lambda:True|mem:2048,False,,stage2,0,3.0223635567559137,1.5666155285305448,14.0,0.0,0,0.0,0,0.0,0,42.43972346517775,9,0.0,0,0,18.53333333333333,0,0.0,0,0,0,31.806086328294544,663.0396919104787,56.79599716555555,56.79599716928271,9.067021608352661,7
arm,0,1.049192291039687,0.3340630393761855,2.0,0.0,0,0.0,0,0.0,0,8.267064106005888,0.0,0,0,2.292307692307692,0,0.0,0,0,0,6.469195920687455,112.29690692057976,10.328851750096154,10.328851750263802,1.4638051459422479,,type:lambda-function|arch:aarch64|lambda:True|mem:2048,aws,0.07130241512445303,0.00862487749098897,4,aarch64,aarch64,False,,video,video_stage2_aws_2048Mb_arm_analysis.json,0,61.14788842201233,1.2597711086273193,2,0,0,0.0,0,0.0,0,6.469195920687455,0.0,0,0,3.8,0,0.0,0,0,0,34.53880286216736,370.8981930971146,43.46004009,43.46004009246826,6.6329286098480225,"null, null, null, psutil",2048,0,0.32665371894836426,0.1823585033416748,2,0,0,0.0,0,0.0,0,0.3340630393761855,0.0,0,0,1.9,0,0.0,0,0,0,3.8634064197540283,81.40613013505936,6.90210295,6.902102947235107,0.7426660060882568,False,,100,type:lambda-function|arch:aarch64|lambda:True|mem:2048,False,,stage2,0,8.393538328317495,2.672504315009484,16.0,0.0,0,0.0,0,0.0,0,66.1365128480471,13,0.0,0,0,18.338461538461537,0,0.0,0,0,0,51.75356736549964,898.3752553646381,82.63081400076923,82.63081400211041,11.710441167537983,8
arm,0,0.46672027375963,0.209484953350491,2.0,0.0,0,0.0,0,0.0,0,7.144989562034607,0.0,0,0,2.6199999999999997,0,0.0,0,0,0,5.6389881610870365,100.2260041407744,9.213356105222223,9.213356105486552,1.2965164475970798,,type:lambda-function|arch:aarch64|lambda:True|mem:2048,aws,0.0503015269985199,0.007040112034004993,4,aarch64,aarch64,False,,video,video_stage2_aws_2048Mb_arm_analysis.json,0,0.6479825973510742,0.532926082611084,2,0,0,0.0,0,0.0,0,5.6389881610870365,0.0,0,0,5.7,0,0.0,0,0,0,17.953890800476074,199.19114828109744,25.9308567,25.930856704711914,8.952094078063965,"null, null, null, psutil",2048,0,0.3385024070739746,0.15850019454956055,2,0,0,0.0,0,0.0,0,0.209484953350491,0.0,0,0,1.9,0,0.0,0,0,0,4.0783851146698,77.74684500694275,6.8879602,6.887960195541382,0.6848986148834229,False,,100,type:lambda-function|arch:aarch64|lambda:True|mem:2048,False,,stage2,0,4.20048246383667,1.885364580154419,18.0,0.0,0,0.0,0,0.0,0,64.30490605831146,10,0.0,0,0,23.58,0,0.0,0,0,0,50.75089344978333,902.0340372669697,82.920204947,82.92020494937897,11.668648028373719,9
arm,0,0.44738811916775173,0.22564338578118218,2.0,0.0,0,0.0,0,0.0,0,8.466676733228894,0.0,0,0,2.648888888888889,0,0.0,0,0,0,6.9052325195736355,110.14230666187075,10.557243951555556,10.557243951161702,1.3358008278740776,,type:lambda-function|arch:aarch64|lambda:True|mem:2048,aws,0.060201655326419405,0.007110423277429254,4,aarch64,aarch64,False,,video,video_stage2_aws_2048Mb_arm_analysis.json,0,0.7857449054718018,0.5190064907073975,2,0,0,0.0,0,0.0,0,6.9052325195736355,0.0,0,0,3.8,0,0.0,0,0,0,15.872417449951172,195.32495975494385,21.0391748,21.039174795150757,3.3660166263580322,"null, null, null, psutil",2048,0,0.33534717559814453,0.13802766799926758,2,0,0,0.0,0,0.0,0,0.22564338578118218,0.0,0,0,1.9,0,0.0,0,0,0,4.034194469451904,80.09109020233154,6.89630795,6.896307945251465,0.6234340667724609,False,,100,type:lambda-function|arch:aarch64|lambda:True|mem:2048,False,,stage2,0,4.473881191677517,2.256433857811822,20.0,0.0,0,0.0,0,0.0,0,84.66676733228894,9,0.0,0,0,26.48888888888889,0,0.0,0,0,0,69.05232519573636,1101.4230666187075,105.57243951555556,105.57243951161702,13.358008278740776,10
arm,0,1.5820946207752935,0.1323921040252403,2.0,0.0,0,0.0,0,0.0,0,5.643921951452891,0.0,0,0,2.5287037037037035,0,0.0,0,0,0,4.687889456748962,87.31809463048423,7.719839749814815,7.7198397495128495,0.8236403906786883,,type:lambda-function|arch:aarch64|lambda:True|mem:2048,aws,0.042386656024720935,0.007510142129766609,4,aarch64,aarch64,False,,video,video_stage2_aws_2048Mb_arm_analysis.json,0,58.25184893608093,0.15198659896850586,2,0,0,0.0,0,0.0,0,4.687889456748962,0.0,0,0,5.7,0,0.0,0,0,0,8.259785652160645,98.86586186885832,11.51924849,11.519248485565186,2.267620325088501,"null, null, null, psutil",2048,0,0.3586122989654541,0.1105809211730957,2,0,0,0.0,0,0.0,0,0.1323921040252403,0.0,0,0,1.9,0,0.0,0,0,0,3.8526363372802734,77.52958180904388,6.89155841,6.891558408737183,0.4951770305633545,False,,100,type:lambda-function|arch:aarch64|lambda:True|mem:2048,False,,stage2,0,18.98513544930352,1.5887052483028836,24.0,0.0,0,0.0,0,0.0,0,67.72706341743469,9,0.0,0,0,30.34444444444444,0,0.0,0,0,0,56.25467348098755,1047.8171355658108,92.63807699777777,92.63807699415419,9.88368468814426,12
arm,0,0.5074751203258833,0.11679045607646306,2.0,0.0,0,0.0,0,0.0,0,5.993988767266273,0.0,0,0,2.6072916666666663,0,0.0,0,0,0,5.144241989900668,92.52772241955002,8.081731497239582,8.08173149699966,0.732956321289142,,type:lambda-function|arch:aarch64|lambda:True|mem:2048,aws,0.049855509889920546,0.008317584804660647,4,aarch64,aarch64,False,,video,video_stage2_aws_2048Mb_arm_analysis.json,0,0.9880087375640869,0.34430408477783203,2,0,0,0.0,0,0.0,0,5.144241989900668,0.0,0,0,5.7,0,0.0,0,0,0,13.277633428573608,177.5288696885109,16.91876221,16.91876220703125,1.5757553577423096,"null, null, null, psutil",2048,0,0.3115670680999756,0.08714938163757324,2,0,0,0.0,0,0.0,0,0.11679045607646306,0.0,0,0,0.0,0,0.0,0,0,0,3.8408734798431396,72.39952129125595,6.38781691,6.387816905975342,0.45935869216918945,False,,100,type:lambda-function|arch:aarch64|lambda:True|mem:2048,False,,stage2,0,8.119601925214132,1.868647297223409,32.0,0.0,0,0.0,0,0.0,0,95.90382027626036,12,0.0,0,0,41.71666666666666,0,0.0,0,0,0,82.30787183841069,1480.4435587128003,129.30770395583332,129.30770395199457,11.727301140626272,16
arm,0,0.6188592108813199,0.09396783221851696,2.0,0.0,0,0.0,0,0.0,0,6.1348427837545225,0.0,0,0,2.6990909090909088,0,0.0,0,0,0,5.437743976983157,90.34636318862438,8.147210023818182,8.147210023619913,0.6031309745528481,,type:lambda-function|arch:aarch64|lambda:True|mem:2048,aws,0.050141235271800644,0.00817318993154609,4,aarch64,aarch64,False,,video,video_stage2_aws_2048Mb_arm_analysis.json,0,1.0644314289093018,0.24876093864440918,2,0,0,0.0,0,0.0,0,5.437743976983157,0.0,0,0,7.4,0,0.0,0,0,0,15.352239847183228,180.7274083852768,19.43986797,19.439867973327637,1.8998863697052002,"null, null, null, psutil",2048,0,0.3375115394592285,0.0655817985534668,2,0,0,0.0,0,0.0,0,0.09396783221851696,0.0,0,0,1.9,0,0.0,0,0,0,3.659237861633301,68.01002449989319,6.38361192,6.3836119174957275,0.32706308364868164,False,,100,type:lambda-function|arch:aarch64|lambda:True|mem:2048,False,,stage2,0,12.377184217626398,1.8793566443703391,40.0,0.0,0,0.0,0,0.0,0,122.69685567509045,11,0.0,0,0,53.98181818181818,0,0.0,0,0,0,108.75487953966314,1806.9272637724875,162.94420047636365,162.94420047239825,12.062619491056964,20
arm,0,0.5455153286457062,0.06693370838960012,2.0,0.0,0,0.0,0,0.0,0,4.841969718535741,0.0,0,0,2.587083333333333,0,0.0,0,0,0,4.245061851541201,81.9136709391574,6.92209847775,6.922098477681478,0.5299741586049398,,type:lambda-function|arch:aarch64|lambda:True|mem:2048,aws,0.04285899215602875,0.008851561378411456,4,aarch64,aarch64,False,,video,video_stage2_aws_2048Mb_arm_analysis.json,0,0.8990721702575684,0.08008074760437012,2,0,0,0.0,0,0.0,0,4.245061851541201,0.0,0,0,5.7,0,0.0,0,0,0,6.39932656288147,91.55504339933395,8.92326832,8.92326831817627,1.5867843627929688,"null, null, null, psutil",2048,0,0.31998181343078613,0.04571819305419922,2,0,0,0.0,0,0.0,0,0.06693370838960012,0.0,0,0,1.9,0,0.0,0,0,0,3.6283819675445557,68.31821798086165,5.91166329,5.911663293838501,0.3087334632873535,False,,100,type:lambda-function|arch:aarch64|lambda:True|mem:2048,False,,stage2,0,13.092367887496948,1.606409001350403,48.0,0.0,0,0.0,0,0.0,0,116.20727324485779,10,0.0,0,0,62.089999999999996,0,0.0,0,0,0,101.88148443698881,1965.9281025397777,166.130363466,166.13036346435547,12.719379806518555,24
arm,0,1.054999658039638,0.08470000384689925,2.0,0.0,0,0.0,0,0.0,0,5.425090395010911,0.0,0,0,2.5428571428571427,0,0.0,0,0,0,4.9034254814123175,83.63237792009657,7.409417401525975,7.409417401660573,0.43696490975169394,,type:lambda-function|arch:aarch64|lambda:True|mem:2048,aws,0.06327429087378761,0.01166326941427127,4,aarch64,aarch64,False,,video,video_stage2_aws_2048Mb_arm_analysis.json,0,67.06040644645691,0.1920785903930664,2,0,0,0.0,0,0.0,0,4.9034254814123175,0.0,0,0,5.7,0,0.0,0,0,0,11.846953868865967,131.17761635780334,14.41070175,14.410701751708984,1.4413869380950928,"null, null, null, psutil",2048,0,0.371992826461792,0.04567432403564453,2,0,0,0.0,0,0.0,0,0.08470000384689925,0.0,0,0,0.0,0,0.0,0,0,0,3.6115546226501465,60.652774047851565,5.87362838,5.873628377914429,0.24671244621276855,False,,100,type:lambda-function|arch:aarch64|lambda:True|mem:2048,False,,stage2,0,29.539990425109863,2.371600107713179,56.0,0.0,0,0.0,0,0.0,0,151.9025310603055,11,0.0,0,0,71.19999999999999,0,0.0,0,0,0,137.29591347954488,2341.706581762704,207.4636872427273,207.46368724649602,12.23501747304743,28
arm,0,0.8557778149843216,1.6696255877614021,2.0,0.0,0,0.0,0,0.0,0,11.119906395673752,0.0,0,0,1.221875,0,0.0,0,0,0,6.539142280817032,114.6654403027147,14.10028477125,14.100284770131111,2.911138527095318,,type:lambda-function|arch:aarch64|lambda:True|mem:512,aws,0.04454561068147421,0.004005933961710764,4,aarch64,aarch64,False,,video,video_stage2_aws_512Mb_arm_analysis.json,0,1.2919723987579346,3.8303465843200684,2,0,0,0.0,0,0.0,0,6.539142280817032,0.0,0,0,3.6,0,0.0,0,0,0,15.031360149383545,214.37586722373965,28.26794267,28.267942667007446,6.373440742492676,"null, null, null, psutil",512,0,0.6385209560394287,1.2755591869354248,2,0,0,0.0,0,0.0,0,1.6696255877614021,0.0,0,0,0.0,0,0.0,0,0,0,4.998356819152832,92.42343082427979,11.25506592,11.25506591796875,2.0096230506896973,False,,100,type:lambda-function|arch:aarch64|lambda:True|mem:512,False,,stage2,0,3.4231112599372864,6.6785023510456085,8.0,0.0,0,0.0,0,0.0,0,44.47962558269501,8,0.0,0,0,4.8875,0,0.0,0,0,0,26.156569123268127,458.6617612108588,56.401139085,56.401139080524445,11.644554108381271,4
arm,0,0.9981279918125697,1.3815904004233224,2.0,0.0,0,0.0,0,0.0,0,10.479645654133389,0.0,0,0,0.66,0,0.0,0,0,0,6.608589703696115,109.90947496993199,13.329366466000002,13.32936646597726,2.489465550013951,,type:lambda-function|arch:aarch64|lambda:True|mem:512,aws,0.046076039854117797,0.004396717348543598,4,aarch64,aarch64,False,,video,video_stage2_aws_512Mb_arm_analysis.json,0,1.3286657333374023,3.141935348510742,2,0,0,0.0,0,0.0,0,6.608589703696115,0.0,0,0,2.0,0,0.0,0,0,0,14.701783418655396,210.0013158798218,25.77799606,25.777996063232422,4.81378698348999,"null, null, null, psutil",512,0,0.6507279872894287,1.0132842063903809,2,0,0,0.0,0,0.0,0,1.3815904004233224,0.0,0,0,0.0,0,0.0,0,0,0,4.890809535980225,84.63938176631927,10.23750257,10.237502574920654,1.6292643547058105,False,,100,type:lambda-function|arch:aarch64|lambda:True|mem:512,False,,stage2,0,4.9906399590628485,6.907952002116612,10.0,0.0,0,0.0,0,0.0,0,52.39822827066695,7,0.0,0,0,3.3000000000000003,0,0.0,0,0,0,33.04294851848057,549.54737484966,66.64683233000001,66.64683232988631,12.447327750069753,5
arm,0,0.8683159351348877,0.9085012617565337,2.0,0.0,0,0.0,0,0.0,0,8.004091382026672,0.0,0,0,0.7071428571428571,0,0.0,0,0,0,5.214838459378197,93.55358772930646,10.92642532047619,10.926425320761544,1.8807516608919417,,type:lambda-function|arch:aarch64|lambda:True|mem:512,aws,0.036358220495496474,0.004542454447376687,4,aarch64,aarch64,False,,video,video_stage2_aws_512Mb_arm_analysis.json,0,1.3304693698883057,0.9562778472900391,2,0,0,0.0,0,0.0,0,5.214838459378197,0.0,0,0,2.0,0,0.0,0,0,0,7.231232166290283,101.52159545421601,12.78531861,12.785318613052368,2.3318119049072266,"null, null, null, psutil",512,0,0.6432671546936035,0.8690025806427002,2,0,0,0.0,0,0.0,0,0.9085012617565337,0.0,0,0,0.0,0,0.0,0,0,0,4.4959611892700195,85.02236877679825,9.75362349,9.753623485565186,1.4889686107635498,False,,100,type:lambda-function|arch:aarch64|lambda:True|mem:512,False,,stage2,0,5.209895610809326,5.451007570539202,12.0,0.0,0,0.0,0,0.0,0,48.024548292160034,7,0.0,0,0,4.242857142857142,0,0.0,0,0,0,31.289030756269185,561.3215263758387,65.55855192285713,65.55855192456926,11.28450996535165,6
arm,0,1.0757669721330916,0.771915682724544,2.0,0.0,0,0.0,0,0.0,0,7.445085631949562,0.0,0,0,0.5839285714285715,0,0.0,0,0,0,5.06906333565712,88.75066821873189,10.196353725714285,10.196353725024633,1.6041066135678972,,type:lambda-function|arch:aarch64|lambda:True|mem:512,aws,0.03604074322640896,0.004840876923126991,4,aarch64,aarch64,False,,video,video_stage2_aws_512Mb_arm_analysis.json,0,1.2959003448486328,0.8587322235107422,2,0,0,0.0,0,0.0,0,5.06906333565712,0.0,0,0,2.0,0,0.0,0,0,0,5.687758207321167,97.30541312694551,11.15276623,11.152766227722168,2.3071300983428955,"null, null, null, psutil",512,0,0.6635894775390625,0.6843671798706055,2,0,0,0.0,0,0.0,0,0.771915682724544,0.0,0,0,0.0,0,0.0,0,0,0,4.601413011550903,78.00604619979859,9.24291015,9.242910146713257,1.280320644378662,False,,100,type:lambda-function|arch:aarch64|lambda:True|mem:512,False,,stage2,0,7.530368804931641,5.403409779071808,14.0,0.0,0,0.0,0,0.0,0,52.115599423646934,8,0.0,0,0,4.0875,0,0.0,0,0,0,35.48344334959984,621.2546775311232,71.37447608,71.37447607517242,11.22874629497528,7
arm,0,0.8555622734129429,0.68055459856987,2.0,0.0,0,0.0,0,0.0,0,7.649622552096844,0.0,0,0,0.8046875,0,0.0,0,0,0,5.378180481493473,87.27389374971389,10.5878915971875,10.587891597300768,1.5908874720335007,,type:lambda-function|arch:aarch64|lambda:True|mem:512,aws,0.03631439337968826,0.004747213752361428,4,aarch64,aarch64,False,,video,video_stage2_aws_512Mb_arm_analysis.json,0,1.318699836730957,0.7993135452270508,2,0,0,0.0,0,0.0,0,5.378180481493473,0.0,0,0,3.9,0,0.0,0,0,0,24.25914168357849,100.50298641920092,28.76482892,28.76482892036438,2.072760820388794,"null, null, null, psutil",512,0,0.6301934719085693,0.6137301921844482,2,0,0,0.0,0,0.0,0,0.68055459856987,0.0,0,0,0.0,0,0.0,0,0,0,4.773366212844849,75.03280388116836,9.28008318,9.280083179473877,1.1214582920074463,False,,100,type:lambda-function|arch:aarch64|lambda:True|mem:512,False,,stage2,0,6.844498187303543,5.44443678855896,16.0,0.0,0,0.0,0,0.0,0,61.19698041677475,8,0.0,0,0,6.4375,0,0.0,0,0,0,43.025443851947784,698.1911499977111,84.7031327775,84.70313277840614,12.727099776268005,8
arm,0,1.0008152325948079,0.5968646539582146,2.0,0.0,0,0.0,0,0.0,0,6.741793986823824,0.0,0,0,0.5472222222222222,0,0.0,0,0,0,4.807590574026108,83.32422147194545,9.474734110416668,9.474734110964668,1.3373387588395014,,type:lambda-function|arch:aarch64|lambda:True|mem:512,aws,0.03582978517711162,0.005314577284197266,4,aarch64,aarch64,False,,video,video_stage2_aws_512Mb_arm_analysis.json,0,1.2605831623077393,0.6925909519195557,2,0,0,0.0,0,0.0,0,4.807590574026108,0.0,0,0,3.8,0,0.0,0,0,0,6.097129583358765,93.86527849435807,10.78025031,10.780250310897827,1.9711029529571533,"null, null, null, psutil",512,0,0.6124751567840576,0.5274069309234619,2,0,0,0.0,0,0.0,0,0.5968646539582146,0.0,0,0,0.0,0,0.0,0,0,0,4.204508066177368,72.49383209943771,8.70132565,8.70132565498352,1.0175116062164307,False,,100,type:lambda-function|arch:aarch64|lambda:True|mem:512,False,,stage2,0,9.007337093353271,5.371781885623932,18.0,0.0,0,0.0,0,0.0,0,60.67614588141441,8,0.0,0,0,4.925,0,0.0,0,0,0,43.26831516623497,749.917993247509,85.27260699375,85.27260699868202,12.036048829555511,9
arm,0,0.779263573884964,0.5373037070035934,2.0,0.0,0,0.0,0,0.0,0,6.655160495638848,0.0,0,0,0.71,0,0.0,0,0,0,4.724254441261292,82.98299351006746,9.60830340125,9.608303400874139,1.3936023473739625,,type:lambda-function|arch:aarch64|lambda:True|mem:512,aws,0.03583815725713968,0.005385017728817294,4,aarch64,aarch64,False,,video,video_stage2_aws_512Mb_arm_analysis.json,0,1.2524330615997314,0.6337659358978271,2,0,0,0.0,0,0.0,0,4.724254441261292,0.0,0,0,3.6,0,0.0,0,0,0,5.407721996307373,92.12509950399401,10.64502025,10.645020246505737,2.0213632583618164,"null, null, null, psutil",512,0,0.619373083114624,0.43267107009887695,2,0,0,0.0,0,0.0,0,0.5373037070035934,0.0,0,0,0.0,0,0.0,0,0,0,4.300379276275635,71.72115569114685,8.23148823,8.231488227844238,0.9472763538360596,False,,100,type:lambda-function|arch:aarch64|lambda:True|mem:512,False,,stage2,0,7.79263573884964,5.3730370700359344,20.0,0.0,0,0.0,0,0.0,0,66.55160495638847,8,0.0,0,0,7.1,0,0.0,0,0,0,47.242544412612915,829.8299351006746,96.0830340125,96.08303400874138,13.936023473739624,10
arm,0,1.1282728190223377,0.44654850165049237,2.0,0.0,0,0.0,0,0.0,0,6.288458945850532,0.0,0,0,0.8354166666666667,0,0.0,0,0,0,4.789570038517316,79.32228552003701,8.975300865520834,8.975300865868727,1.0523404056827228,,type:lambda-function|arch:aarch64|lambda:True|mem:512,aws,0.035741742072105405,0.005683704446490782,4,aarch64,aarch64,False,,video,video_stage2_aws_512Mb_arm_analysis.json,0,1.457853078842163,0.534268856048584,2,0,0,0.0,0,0.0,0,4.789570038517316,0.0,0,0,3.6,0,0.0,0,0,0,5.424707889556885,88.80411220788956,10.18672752,10.186727523803711,1.6960954666137695,"null, null, null, psutil",512,0,0.6597027778625488,0.37624406814575195,2,0,0,0.0,0,0.0,0,0.44654850165049237,0.0,0,0,0.0,0,0.0,0,0,0,4.2100865840911865,69.58513695001602,8.22006917,8.220069169998169,0.7982707023620605,False,,100,type:lambda-function|arch:aarch64|lambda:True|mem:512,False,,stage2,0,13.539273828268051,5.358582019805908,24.0,0.0,0,0.0,0,0.0,0,75.46150735020638,8,0.0,0,0,10.025,0,0.0,0,0,0,57.474840462207794,951.8674262404442,107.70361038625,107.70361039042473,12.628084868192673,12
arm,0,0.8583230655640364,0.5406123772263527,2.0,0.0,0,0.0,0,0.0,0,9.792646510526538,0.0,0,0,0.4984375,0,0.0,0,0,0,7.827539714053273,102.38281513964758,12.703276453671876,12.70327645353973,1.424494419246912,,type:lambda-function|arch:aarch64|lambda:True|mem:512,aws,0.05769415289759636,0.005891579241176369,4,aarch64,aarch64,False,,video,video_stage2_aws_512Mb_arm_analysis.json,0,1.5475656986236572,2.045400619506836,2,0,0,0.0,0,0.0,0,7.827539714053273,0.0,0,0,3.6,0,0.0,0,0,0,30.531094312667847,282.9250816106796,38.75686049,38.75686049461365,3.659681797027588,"null, null, null, psutil",512,0,0.6343715190887451,0.2780313491821289,2,0,0,0.0,0,0.0,0,0.5406123772263527,0.0,0,0,0.0,0,0.0,0,0,0,4.2105138301849365,67.37128205299379,8.21987009,8.21987009048462,0.7771518230438232,False,,100,type:lambda-function|arch:aarch64|lambda:True|mem:512,False,,stage2,0,13.733169049024582,8.649798035621643,32.0,0.0,0,0.0,0,0.0,0,156.6823441684246,8,0.0,0,0,7.975,0,0.0,0,0,0,125.24063542485237,1638.1250422343612,203.25242325875,203.25242325663567,22.791910707950592,16
arm,0,1.2152940239225114,0.3081545472145081,2.0,0.0,0,0.0,0,0.0,0,6.658277758530208,0.0,0,0,0.6028571428571429,0,0.0,0,0,0,5.477178927830288,80.83753273699965,9.322482155571429,9.322482155050551,0.8729442834854126,,type:lambda-function|arch:aarch64|lambda:True|mem:512,aws,0.04110781659841537,0.006173941383828628,4,aarch64,aarch64,False,,video,video_stage2_aws_512Mb_arm_analysis.json,0,1.472463607788086,0.9531669616699219,2,0,0,0.0,0,0.0,0,5.477178927830288,0.0,0,0,4.0,0,0.0,0,0,0,9.510268211364746,125.1854887008667,14.24808979,14.248089790344238,1.4478023052215576,"null, null, null, psutil",512,0,0.6693367958068848,0.20987296104431152,2,0,0,0.0,0,0.0,0,0.3081545472145081,0.0,0,0,0.0,0,0.0,0,0,0,4.400915145874023,68.13022828102113,8.17953277,8.179532766342163,0.6508228778839111,False,,100,type:lambda-function|arch:aarch64|lambda:True|mem:512,False,,stage2,0,24.305880478450227,6.163090944290161,40.0,0.0,0,0.0,0,0.0,0,133.16555517060416,7,0.0,0,0,12.057142857142857,0,0.0,0,0,0,109.54357855660575,1616.750654739993,186.44964311142857,186.44964310101102,17.458885669708252,20
arm,0,0.9112829282170251,0.22071904085931324,2.0,0.0,0,0.0,0,0.0,0,5.826562584865661,0.0,0,0,0.6363095238095239,0,0.0,0,0,0,4.574646980989547,77.93084420370204,8.788496844940475,8.788496844825291,1.0311965630168007,,type:lambda-function|arch:aarch64|lambda:True|mem:512,aws,0.035332704060758856,0.00606407355042141,4,aarch64,aarch64,False,,video,video_stage2_aws_512Mb_arm_analysis.json,0,1.5923216342926025,0.29361724853515625,2,0,0,0.0,0,0.0,0,4.574646980989547,0.0,0,0,3.6,0,0.0,0,0,0,5.628564357757568,89.98506050109864,10.11382008,10.11382007598877,1.3459792137145996,"null, null, null, psutil",512,0,0.6365594863891602,0.12500309944152832,2,0,0,0.0,0,0.0,0,0.22071904085931324,0.0,0,0,0.0,0,0.0,0,0,0,3.9581515789031982,66.7846455693245,7.71914625,7.719146251678467,0.6525521278381348,False,,100,type:lambda-function|arch:aarch64|lambda:True|mem:512,False,,stage2,0,21.870790277208602,5.2972569806235175,48.0,0.0,0,0.0,0,0.0,0,139.83750203677585,7,0.0,0,0,15.271428571428572,0,0.0,0,0,0,109.79152754374913,1870.340260888849,210.9239242785714,210.923924275807,24.748717512403218,24
arm,0,1.184641430420535,0.21616090408393315,2.0,0.0,0,0.0,0,0.0,0,6.673685480441367,0.0,0,0,0.5482142857142857,0,0.0,0,0,0,5.7050918489694595,77.91963139761772,9.335508321160715,9.33550832101277,0.7524327273879733,,type:lambda-function|arch:aarch64|lambda:True|mem:512,aws,0.040370210446715356,0.006049162874850592,4,aarch64,aarch64,False,,video,video_stage2_aws_512Mb_arm_analysis.json,0,1.6824746131896973,0.43920254707336426,2,0,0,0.0,0,0.0,0,5.7050918489694595,0.0,0,0,3.6,0,0.0,0,0,0,69.22601580619812,120.80343055725098,73.45295286,73.45295286178589,1.1677379608154297,"null, null, null, psutil",512,0,0.6998989582061768,0.13604426383972168,2,0,0,0.0,0,0.0,0,0.21616090408393315,0.0,0,0,0.0,0,0.0,0,0,0,3.9491965770721436,58.762362289428715,7.68628764,7.6862876415252686,0.5236935615539551,False,,100,type:lambda-function|arch:aarch64|lambda:True|mem:512,False,,stage2,0,33.16996005177498,6.052505314350128,56.0,0.0,0,0.0,0,0.0,0,186.86319345235827,8,0.0,0,0,15.349999999999998,0,0.0,0,0,0,159.74257177114487,2181.749679133296,261.3942329925,261.39423298835754,21.06811636686325,28
arm,0,1.3656026656170344,1.6183748290960072,2.0,0.0,0,0.0,0,0.0,0,2.762322859412461,0.0,0,0,2.3263157894736843,0,0.0,0,0,0,0.3545970091818565,207.45643616474743,5.549220338947368,5.556067405975015,0.7893510211345972,,type:lambda-function|arch:aarch64|lambda:True|mem:2048,aws,0.17271296176112585,0.06252453842338382,4,aarch64,aarch64,False,,ml,ml_stage0_aws_2048Mb_arm_analysis.json,0,1.516291856765747,1.7026252746582031,2,0,0,0.0,0,0.0,0,1.6183748290960072,0.0,0,0,3.8,0,0.0,0,0,0,0.46424150466918945,215.92307430505747,6.94880223,6.94880223274231,2.3438174724578857,"null, null, null, psutil",2048,0,1.2461872100830078,1.5282623767852783,2,0,0,0.0,0,0.0,0,0.3545970091818565,0.0,0,0,1.8,0,0.0,0,0,0,0.2933220863342285,187.96510039567949,4.89449525,4.894495248794556,0.5224032402038574,False,,100,type:lambda-function|arch:aarch64|lambda:True|mem:2048,False,,stage0,0,5.4624106624681374,6.473499316384029,8.0,0.0,0,0.0,0,0.0,0,11.049291437649844,19,0.0,0,0,9.305263157894737,0,0.0,0,0,0,1.418388036727426,829.8257446589897,22.196881355789472,22.22426962390006,3.157404084538389,4
arm,0,1.4052106588405895,1.5975279545890826,2.0,0.0,0,0.0,0,0.0,0,2.650944965817865,0.0,0,0,2.263157894736842,0,0.0,0,0,0,0.34391634340527655,207.0688410747957,5.4103243563157895,5.409740880332807,0.709500667823506,,type:lambda-function|arch:aarch64|lambda:True|mem:2048,aws,0.2131102291421836,0.08039028795018202,4,aarch64,aarch64,False,,ml,ml_stage0_aws_2048Mb_arm_analysis.json,0,1.5759880542755127,1.7762115724566425,2,0,0,0.0,0,0.0,0,1.5975279545890826,0.0,0,0,3.8,0,0.0,0,0,0,0.49709248542785645,221.11348992586136,5.89498305,5.8949830532073975,1.0744175490102026,"null, null, null, psutil",2048,0,1.2384819984436035,1.458569049835205,2,0,0,0.0,0,0.0,0,0.34391634340527655,0.0,0,0,1.8,0,0.0,0,0,0,0.2860250473022461,197.14825326204303,4.88801885,4.888018846511841,0.579108715057373,False,,100,type:lambda-function|arch:aarch64|lambda:True|mem:2048,False,,stage0,0,7.026053294202947,7.987639772945413,10.0,0.0,0,0.0,0,0.0,0,13.254724829089326,19,0.0,0,0,11.31578947368421,0,0.0,0,0,0,1.7195817170263827,1035.3442053739784,27.051621781578948,27.048704401664033,3.54750333911753,5
arm,0,1.487922330173682,1.64102938574662,2.0,0.0,0,0.0,0,0.0,0,2.6767544938662766,0.0,0,0,2.288235294117647,0,0.0,0,0,0,0.3530484690890586,213.5836323608038,5.466296582941176,5.464106627121678,0.6826766390305982,,type:lambda-function|arch:aarch64|lambda:True|mem:2048,aws,0.2626959840703189,0.09813973775790082,4,aarch64,aarch64,False,,ml,ml_stage0_aws_2048Mb_arm_analysis.json,0,2.626873016357422,1.7736520767211914,2,0,0,0.0,0,0.0,0,1.64102938574662,0.0,0,0,3.9,0,0.0,0,0,0,0.42912864685058594,222.5124410033226,5.94158721,5.941587209701538,0.8127295970916748,"null, null, null, psutil",2048,0,1.2540555000305176,1.540501594543457,2,0,0,0.0,0,0.0,0,0.3530484690890586,0.0,0,0,1.8,0,0.0,0,0,0,0.2904996871948242,201.22511494159698,4.96852136,4.968521356582642,0.5830204486846924,False,,100,type:lambda-function|arch:aarch64|lambda:True|mem:2048,False,,stage0,0,8.927533981042092,9.84617631447972,12.0,0.0,0,0.0,0,0.0,0,16.06052696319766,17,0.0,0,0,13.729411764705882,0,0.0,0,0,0,2.118290814534352,1281.5017941648227,32.797779497647056,32.784639762730066,4.096059834183589,6
arm,0,1.6493798752845643,1.5854134282852486,2.0,0.0,0,0.0,0,0.0,0,2.650758242579195,0.0,0,0,2.8136363636363635,0,0.0,0,0,0,0.36784545604180996,212.1391710769453,5.503071975,5.5017909149302,0.6974993582521365,,type:lambda-function|arch:aarch64|lambda:True|mem:2048,aws,0.296091811866553,0.11170079832646482,4,aarch64,aarch64,False,,ml,ml_stage0_aws_2048Mb_arm_analysis.json,0,2.630542039871216,1.7009687423706055,2,0,0,0.0,0,0.0,0,1.5854134282852486,0.0,0,0,3.9,0,0.0,0,0,0,0.5214378833770752,234.67749748229986,6.95037389,6.950373888015747,1.7248351573944092,"null, null, null, psutil",2048,0,1.2144655130784683,1.4626774787902832,2,0,0,0.0,0,0.0,0,0.36784545604180996,0.0,0,0,1.9,0,0.0,0,0,0,0.2852749824523926,201.36275182771982,4.88702416,4.887024164199829,0.5752687454223633,False,,100,type:lambda-function|arch:aarch64|lambda:True|mem:2048,False,,stage0,0,11.54565912699195,11.09789399799674,14.0,0.0,0,0.0,0,0.0,0,18.555307698054367,22,0.0,0,0,19.695454545454545,0,0.0,0,0,0,2.5749181922926696,1484.974197538617,38.521503825,38.5125364045114,4.882495507764956,7
arm,0,38.74703868228657,1.5935732979187756,2.0,0.0,0,0.0,0,0.0,0,2.633346718010216,0.0,0,0,2.73,0,0.0,0,0,0,0.3540485794691214,210.75475310443906,5.549198858,5.5470275978624075,0.6857248406223191,,type:lambda-function|arch:aarch64|lambda:True|mem:2048,aws,0.34013228470778345,0.1291635022390029,4,aarch64,aarch64,False,,ml,ml_stage0_aws_2048Mb_arm_analysis.json,0,187.96963739395142,1.6824982166290283,2,0,0,0.0,0,0.0,0,1.5935732979187756,0.0,0,0,3.9,0,0.0,0,0,0,0.4475837224308847,235.35291166305547,6.2928586,6.292858600616455,0.7888543605804443,"null, null, null, psutil",2048,0,1.2894461154937744,1.477820585470683,2,0,0,0.0,0,0.0,0,0.3540485794691214,0.0,0,0,2.0,0,0.0,0,0,0,0.29306840896606445,199.6528669629901,4.99555969,4.9955596923828125,0.5184242725372314,False,,100,type:lambda-function|arch:aarch64|lambda:True|mem:2048,False,,stage0,0,309.9763094582926,12.748586383350204,16.0,0.0,0,0.0,0,0.0,0,21.06677374408173,10,0.0,0,0,21.84,0,0.0,0,0,0,2.832388635752971,1686.0380248355125,44.393590864,44.37622078289926,5.485798724978553,8
arm,0,1.4027432060834368,1.589306069915528,2.0,0.0,0,0.0,0,0.0,0,2.64794346305369,0.0,0,0,2.8,0,0.0,0,0,0,0.392676364105224,209.41732526376745,5.436389419999999,5.416412037714813,0.6659610290329382,,type:lambda-function|arch:aarch64|lambda:True|mem:2048,aws,0.38162417350811656,0.14412096739709682,4,aarch64,aarch64,False,,ml,ml_stage0_aws_2048Mb_arm_analysis.json,0,1.496596310342162,1.631997796711919,2,0,0,0.0,0,0.0,0,1.589306069915528,0.0,0,0,3.9,0,0.0,0,0,0,0.575463245756891,216.3871034013905,5.54131405,5.649353773434424,0.808783769607544,"null, null, null, psutil",2048,0,1.2890870571136475,1.5328729152679443,2,0,0,0.0,0,0.0,0,0.392676364105224,0.0,0,0,1.9,0,0.0,0,0,0,0.31967830657958984,202.521197104454,5.34972296,5.294690900834389,0.5494606494903564,False,,100,type:lambda-function|arch:aarch64|lambda:True|mem:2048,False,,stage0,0,12.624688854750932,14.303754629239751,18.0,0.0,0,0.0,0,0.0,0,23.83149116748321,13,0.0,0,0,25.2,0,0.0,0,0,0,3.534087276947016,1884.755927373907,48.92750477999999,48.747708339433316,5.993649261296444,9
arm,0,1.3877649883084457,1.636412412907308,2.0,0.0,0,0.0,0,0.0,0,2.79310143746528,0.0,0,0,2.411764705882353,0,0.0,0,0,0,0.35719171369372826,210.49724836010068,5.57796279,5.571186302392425,0.7994973108642437,,type:lambda-function|arch:aarch64|lambda:True|mem:2048,aws,0.43659483176366976,0.15631184242269286,4,aarch64,aarch64,False,,ml,ml_stage0_aws_2048Mb_arm_analysis.json,0,1.560823678970337,1.7569091320037842,2,0,0,0.0,0,0.0,0,1.636412412907308,0.0,0,0,3.9,0,0.0,0,0,0,0.4255930253481779,221.51721428632735,5.90470743,5.904707431793213,1.3326177597045898,"null, null, null, psutil",2048,0,1.261967880557535,1.502653485165145,2,0,0,0.0,0,0.0,0,0.35719171369372826,0.0,0,0,1.9,0,0.0,0,0,0,0.3019440174102783,198.36078226566315,5.38488053,5.338866649179213,0.6005382537841797,False,,100,type:lambda-function|arch:aarch64|lambda:True|mem:2048,False,,stage0,0,13.877649883084457,16.36412412907308,20.0,0.0,0,0.0,0,0.0,0,27.9310143746528,15,0.0,0,0,24.11764705882353,0,0.0,0,0,0,3.571917136937283,2104.972483601007,55.7796279,55.71186302392425,7.994973108642437,10
arm,0,1.576691700293934,1.571419396068874,2.0,0.0,0,0.0,0,0.0,0,2.683014037038914,0.0,0,0,2.4555555555555557,0,0.0,0,0,0,0.39255274957363073,206.99442491347102,5.5176651525,5.51227903479991,0.7190418913964092,,type:lambda-function|arch:aarch64|lambda:True|mem:2048,aws,0.5031056338454106,0.1875150956722757,4,aarch64,aarch64,False,,ml,ml_stage0_aws_2048Mb_arm_analysis.json,0,2.5001020431518555,1.6564373970031738,2,0,0,0.0,0,0.0,0,1.571419396068874,0.0,0,0,3.9,0,0.0,0,0,0,0.4676393185340437,218.37052774429318,5.95073867,5.9507386684417725,0.9456422422798317,"null, null, null, psutil",2048,0,1.3345928192138672,1.529731855138394,2,0,0,0.0,0,0.0,0,0.39255274957363073,0.0,0,0,1.8,0,0.0,0,0,0,0.30039334297180176,199.50286133043014,5.24866926,5.244890686418239,0.6123297214508057,False,,100,type:lambda-function|arch:aarch64|lambda:True|mem:2048,False,,stage0,0,18.920300403527207,18.857032752826488,24.0,0.0,0,0.0,0,0.0,0,32.19616844446697,16,0.0,0,0,29.46666666666667,0,0.0,0,0,0,4.710632994883569,2483.9330989616524,66.21198183,66.14734841759892,8.628502696756911,12
arm,0,1.5306386373541752,1.6196675901291198,2.0,0.0,0,0.0,0,0.0,0,2.6846174470046105,0.0,0,0,2.2583333333333333,0,0.0,0,0,0,0.36785010859330375,208.79984216735858,5.527908253333333,5.507610581568524,0.6970997482821871,,type:lambda-function|arch:aarch64|lambda:True|mem:2048,aws,0.6914037008743186,0.257542727976293,4,aarch64,aarch64,False,,ml,ml_stage0_aws_2048Mb_arm_analysis.json,0,2.6964259147644043,1.70344292148627,2,0,0,0.0,0,0.0,0,1.6196675901291198,0.0,0,0,3.9,0,0.0,0,0,0,0.4305543899536133,228.27400817871094,5.94463563,5.944635629653931,0.8300642967224121,"null, null, null, psutil",2048,0,1.281245489050729,1.4880881278037699,2,0,0,0.0,0,0.0,0,0.36785010859330375,0.0,0,0,1.9,0,0.0,0,0,0,0.2979726791381836,188.39777412503256,5.39476824,5.32760232356488,0.6190968671265329,False,,100,type:lambda-function|arch:aarch64|lambda:True|mem:2048,False,,stage0,0,24.490218197666803,25.914681442065916,32.0,0.0,0,0.0,0,0.0,0,42.95387915207377,12,0.0,0,0,36.13333333333333,0,0.0,0,0,0,5.88560173749286,3340.7974746777372,88.44653205333333,88.12176930509638,11.153595972514994,16
arm,0,1.7788221947981688,1.5968638001106361,2.0,0.0,0,0.0,0,0.0,0,2.6786445626999855,0.0,0,0,2.5124999999999997,0,0.0,0,0,0,0.3922672891638414,209.08162248409198,5.588508497916667,5.585392186303735,0.6895134734255078,,type:lambda-function|arch:aarch64|lambda:True|mem:2048,aws,0.8520865237390354,0.3181036168830702,4,aarch64,aarch64,False,,ml,ml_stage0_aws_2048Mb_arm_analysis.json,0,2.756662506942282,1.6873354371843,2,0,0,0.0,0,0.0,0,1.5968638001106361,0.0,0,0,3.9,0,0.0,0,0,0,0.4861903190612793,232.3837652206421,6.07699577,5.958558082580566,0.8748517036437988,"null, null, null, psutil",2048,0,1.2873539924621582,1.5360485583737518,2,0,0,0.0,0,0.0,0,0.3922672891638414,0.0,0,0,1.9,0,0.0,0,0,0,0.2969367504119873,197.3518775655655,5.29950115,5.254718779019293,0.5211973190307617,False,,100,type:lambda-function|arch:aarch64|lambda:True|mem:2048,False,,stage0,0,35.57644389596338,31.937276002212723,40.0,0.0,0,0.0,0,0.0,0,53.572891253999714,24,0.0,0,0,50.24999999999999,0,0.0,0,0,0,7.845345783276828,4181.63244968184,111.77016995833334,111.7078437260747,13.790269468510157,20
arm,0,1.347337102533037,1.666155479010006,2.0,0.0,0,0.0,0,0.0,0,2.6606251665596106,0.0,0,0,2.5733333333333333,0,0.0,0,0,0,0.3535651906776297,208.92186122640365,5.4271168020000005,5.423476689638046,0.640904496871975,,type:lambda-function|arch:aarch64|lambda:True|mem:2048,aws,1.066872676319687,0.4009857118277333,4,aarch64,aarch64,False,,ml,ml_stage0_aws_2048Mb_arm_analysis.json,0,1.6350419521331787,1.752842903137207,2,0,0,0.0,0,0.0,0,1.666155479010006,0.0,0,0,3.9,0,0.0,0,0,0,0.4180483818054199,218.51265659332273,5.65555201,5.643164429876778,0.7172422365916814,"null, null, null, psutil",2048,0,1.253981543083453,1.5387303829193115,2,0,0,0.0,0,0.0,0,0.3535651906776297,0.0,0,0,1.9,0,0.0,0,0,0,0.2924952507019043,198.5004763706842,4.94443368,4.980619996268637,0.5651233196258545,False,,100,type:lambda-function|arch:aarch64|lambda:True|mem:2048,False,,stage0,0,32.33609046079289,39.987731496240144,48.0,0.0,0,0.0,0,0.0,0,63.85500399743066,15,0.0,0,0,61.76,0,0.0,0,0,0,8.485564576263112,5014.124669433688,130.250803248,130.1634405513131,15.381707924927401,24
arm,0,11.624910583458671,1.604217365762221,2.0,0.0,0,0.0,0,0.0,0,2.711396893821493,0.0,0,0,2.757142857142857,0,0.0,0,0,0,0.40963727477343304,224.7265813243657,5.905208037857143,5.855928136902278,0.6975422532858391,,type:lambda-function|arch:aarch64|lambda:True|mem:2048,aws,1.1984145409190095,0.4419915592770123,4,aarch64,aarch64,False,,ml,ml_stage0_aws_2048Mb_arm_analysis.json,0,67.627513000571,1.6509912014007568,2,0,0,0.0,0,0.0,0,1.604217365762221,0.0,0,0,3.9,0,0.0,0,0,0,0.5459818840026855,234.16882152557372,6.44692969,6.446929693222046,0.8614850044250488,"null, null, null, psutil",2048,0,1.6688337326049805,1.562924861907959,2,0,0,0.0,0,0.0,0,0.40963727477343304,0.0,0,0,1.8,0,0.0,0,0,0,0.33537793159484863,202.10558840036387,5.43503141,5.380916477804463,0.621406078338623,False,,100,type:lambda-function|arch:aarch64|lambda:True|mem:2048,False,,stage0,0,325.4974963368428,44.91808624134219,56.0,0.0,0,0.0,0,0.0,0,75.9191130270018,14,0.0,0,0,77.2,0,0.0,0,0,0,11.469843693656125,6292.344277082239,165.34582506,163.9659878332638,19.531183092003495,28
x86,0,1.564779931306839,46.18901126384735,2.0,2.0,0,0.0,0,0.0,0,46.97288032770157,0.0,0,0,2.3625,0,0.0,0,0,0,0.47190538644790647,4493.46628506428,50.303755975,50.303755974769594,0.31196367740631104,,type:lambda-function|arch:x86_64|lambda:True|mem:2048,aws,6.159766542146683,0.13113452909793252,1,x86_64,Intel(R) Xeon(R) Processor @ 2.50GHz,False,,titanic,titanic_stage_aws_2048Mb_x86_analysis.json,0,1.7605469226837158,56.0315146446228,2,2,0,0.0,0,0.0,0,46.18901126384735,0.0,0,0,3.8,0,0.0,0,0,0,0.6500558853149414,5210.476262998581,60.72816157,60.728161573410034,0.4375433921813965,"null, null, null, psutil",2048,0,1.4253180027008057,36.42330312728882,2,2,0,0.0,0,0.0,0,0.31196367740631104,0.0,0,0,0.0,0,0.0,0,0,0,0.37224245071411133,3632.2104501342783,40.06642771,40.06642770767212,0.15276074409484863,False,,220,type:lambda-function|arch:x86_64|lambda:True|mem:2048,False,,stage,0,6.259119725227356,184.7560450553894,8.0,8.0,0,0.0,0,0.0,0,187.89152131080627,10,0.0,0,0,9.45,0,0.0,0,0,0,1.8876215457916259,17973.86514025712,201.2150239,201.21502389907837,1.2478547096252441,4
x86,0,1.555079731941223,34.69965172290802,2.0,2.0,0,0.0,0,0.0,0,35.43020569801331,0.0,0,0,2.822,0,0.0,0,0,0,0.43166169166564944,3519.3017221025943,38.6876933332,38.687693333625795,0.29889228343963625,,type:lambda-function|arch:x86_64|lambda:True|mem:2048,aws,5.7844319422087676,0.16326272535677433,1,x86_64,Intel(R) Xeon(R) Processor @ 2.50GHz,False,,titanic,titanic_stage_aws_2048Mb_x86_analysis.json,0,1.7691876888275146,44.35990071296692,2,2,0,0.0,0,0.0,0,34.69965172290802,0.0,0,0,5.7,0,0.0,0,0,0,0.6703128814697266,4207.229448776246,48.78512812,48.785128116607666,0.39131951332092285,"null, null, null, psutil",2048,0,1.4305517673492432,27.941738605499268,2,2,0,0.0,0,0.0,0,0.29889228343963625,0.0,0,0,0.0,0,0.0,0,0,0,0.317669153213501,2869.9656914663315,31.42976308,31.429763078689575,0.15116333961486816,False,,220,type:lambda-function|arch:x86_64|lambda:True|mem:2048,False,,stage,0,7.7753986597061155,173.4982586145401,10.0,10.0,0,0.0,0,0.0,0,177.15102849006655,10,0.0,0,0,14.11,0,0.0,0,0,0,2.1583084583282472,17596.50861051297,193.438466666,193.43846666812897,1.4944614171981812,5
x86,0,1.8174039045969645,26.86113052368164,2.0,2.0,0,0.0,0,0.0,0,27.530503757794698,0.0,0,0,2.4583333333333335,0,0.0,0,0,0,0.4703889528910319,2824.49171132644,30.84216893516667,30.842168935139973,0.19898428122202555,,type:lambda-function|arch:x86_64|lambda:True|mem:2048,aws,5.373300549957276,0.19517625239370842,1,x86_64,Intel(R) Xeon(R) Processor @ 2.50GHz,False,,titanic,titanic_stage_aws_2048Mb_x86_analysis.json,0,3.112058401107788,34.928441524505615,2,2,0,0.0,0,0.0,0,26.86113052368164,0.0,0,0,9.8,0,0.0,0,0,0,0.7802400588989258,3348.026687479019,39.02129006,39.02129006385803,0.35857510566711426,"null, null, null, psutil",2048,0,1.3965818881988525,22.066407203674316,2,2,0,0.0,0,0.0,0,0.19898428122202555,0.0,0,0,0.0,0,0.0,0,0,0,0.30086565017700195,2328.387014408111,25.91359663,25.913596630096436,0.14227509498596191,False,,220,type:lambda-function|arch:x86_64|lambda:True|mem:2048,False,,stage,0,10.904423427581786,161.16678314208986,12.0,12.0,0,0.0,0,0.0,0,165.1830225467682,10,0.0,0,0,14.75,0,0.0,0,0,0,2.8223337173461913,16946.95026795864,185.053013611,185.05301361083986,1.1939056873321534,6
x86,0,2.097703446660723,22.659559093202862,2.0,2.0,0,0.0,0,0.0,0,23.213937388147624,0.0,0,0,2.8685714285714283,0,0.0,0,0,0,0.35993683678763255,2377.343929873024,26.50587071357143,26.505870713506425,0.19444145815713065,,type:lambda-function|arch:x86_64|lambda:True|mem:2048,aws,5.288287901171684,0.227806589323866,1,x86_64,Intel(R) Xeon(R) Processor @ 2.50GHz,False,,titanic,titanic_stage_aws_2048Mb_x86_analysis.json,0,6.57690954208374,29.262639045715332,2,2,0,0.0,0,0.0,0,22.659559093202862,0.0,0,0,8.3,0,0.0,0,0,0,0.5811469554901123,2863.803856666088,33.50653863,33.50653862953186,0.3621995449066162,"null, null, null, psutil",2048,0,1.4557394981384277,17.93090844154358,2,2,0,0.0,0,0.0,0,0.19444145815713065,0.0,0,0,0.0,0,0.0,0,0,0,0.26963353157043457,1985.2820763683324,21.41489935,21.414899349212646,0.14760351181030273,False,,220,type:lambda-function|arch:x86_64|lambda:True|mem:2048,False,,stage,0,14.683924126625062,158.61691365242004,14.0,14.0,0,0.0,0,0.0,0,162.49756171703336,10,0.0,0,0,20.08,0,0.0,0,0,0,2.519557857513428,16641.40750911117,185.541094995,185.54109499454498,1.3610902070999145,7
x86,0,1.6376645922660829,19.09744275510311,2.0,2.0,0,0.0,0,0.0,0,19.722321188449857,0.0,0,0,2.67,0,0.0,0,0,0,0.33007065653800965,2084.4448493326904,23.029974713999998,23.029974713921547,0.2948077768087387,,type:lambda-function|arch:x86_64|lambda:True|mem:2048,aws,5.093669931641102,0.2582692920863772,1,x86_64,Intel(R) Xeon(R) Processor @ 2.50GHz,False,,titanic,titanic_stage_aws_2048Mb_x86_analysis.json,0,3.1071763038635254,23.598349809646606,2,2,0,0.0,0,0.0,0,19.09744275510311,0.0,0,0,5.6,0,0.0,0,0,0,0.4836857318878174,2355.719975175857,28.14144039,28.141440391540527,0.40007543563842773,"null, null, null, psutil",2048,0,1.4448204040527344,15.29922342300415,2,2,0,0.0,0,0.0,0,0.2948077768087387,0.0,0,0,0.0,0,0.0,0,0,0,0.24416875839233398,1707.0042716789246,18.96470261,18.964702606201172,0.14981889724731445,False,,220,type:lambda-function|arch:x86_64|lambda:True|mem:2048,False,,stage,0,13.101316738128663,152.77954204082488,16.0,16.0,0,0.0,0,0.0,0,157.77856950759886,10,0.0,0,0,21.36,0,0.0,0,0,0,2.6405652523040772,16675.558794661523,184.23979771199998,184.23979771137238,2.3584622144699097,8
x86,0,1.6035775078667536,16.33102467589908,2.0,2.0,0,0.0,0,0.0,0,16.928658212555778,0.0,0,0,2.3822222222222225,0,0.0,0,0,0,0.30827105310228137,1835.6016425111295,20.193608978666667,20.193608978059558,0.28936248355441624,,type:lambda-function|arch:x86_64|lambda:True|mem:2048,aws,4.900287264250278,0.28946696204285083,1,x86_64,Intel(R) Xeon(R) Processor @ 2.50GHz,False,,titanic,titanic_stage_aws_2048Mb_x86_analysis.json,0,1.8436942100524902,20.29651927947998,2,2,0,0.0,0,0.0,0,16.33102467589908,0.0,0,0,5.7,0,0.0,0,0,0,0.5173449516296387,2055.9686925125125,24.65781593,24.65781593322754,0.37904834747314453,"null, null, null, psutil",2048,0,1.4408369064331055,13.061979532241821,2,2,0,0.0,0,0.0,0,0.28936248355441624,0.0,0,0,0.0,0,0.0,0,0,0,0.22774672508239746,1524.2410342264177,16.50012732,16.50012731552124,0.14435863494873047,False,,220,type:lambda-function|arch:x86_64|lambda:True|mem:2048,False,,stage,0,14.432197570800781,146.9792220830917,18.0,18.0,0,0.0,0,0.0,0,152.357923913002,10,0.0,0,0,21.44,0,0.0,0,0,0,2.774439477920532,16520.414782600164,181.742480808,181.74248080253602,2.604262351989746,9
x86,0,1.6990001678466797,14.258900482654571,2.0,2.0,0,0.0,0,0.0,0,14.822453868389129,0.0,0,0,2.645,0,0.0,0,0,0,0.3672132420539856,1653.6688797316076,17.957884912500003,17.957884912490844,0.1963401436805725,,type:lambda-function|arch:x86_64|lambda:True|mem:2048,aws,4.753917420917034,0.3207240490088757,1,x86_64,Intel(R) Xeon(R) Processor @ 2.50GHz,False,,titanic,titanic_stage_aws_2048Mb_x86_analysis.json,0,1.9771695137023926,18.19525122642517,2,2,0,0.0,0,0.0,0,14.258900482654571,0.0,0,0,5.7,0,0.0,0,0,0,0.505305290222168,1870.3134550380703,22.47698331,22.476983308792114,0.3664066791534424,"null, null, null, psutil",2048,0,1.4775989055633545,11.694091796875,2,2,0,0.0,0,0.0,0,0.1963401436805725,0.0,0,0,0.0,0,0.0,0,0,0,0.21551799774169922,1370.077146577835,15.38696551,15.38696551322937,0.14567279815673828,False,,220,type:lambda-function|arch:x86_64|lambda:True|mem:2048,False,,stage,0,16.990001678466797,142.5890048265457,20.0,20.0,0,0.0,0,0.0,0,148.2245386838913,10,0.0,0,0,26.45,0,0.0,0,0,0,3.672132420539856,16536.688797316077,179.57884912500003,179.57884912490843,1.963401436805725,10
x86,0,1.663570523262024,11.048948832352956,2.0,2.0,0,0.0,0,0.0,0,11.518072390556336,0.0,0,0,2.5816666666666666,0,0.0,0,0,0,0.27521845102310183,1373.6180786743164,14.747294414083333,14.747294414043427,0.1939051071802775,,type:lambda-function|arch:x86_64|lambda:True|mem:2048,aws,4.420463448847771,0.38378500316355957,1,x86_64,Intel(R) Xeon(R) Processor @ 2.50GHz,False,,titanic,titanic_stage_aws_2048Mb_x86_analysis.json,0,3.0025551319122314,14.858839511871338,2,2,0,0.0,0,0.0,0,11.048948832352956,0.0,0,0,5.6,0,0.0,0,0,0,0.4034285545349121,1588.70926568985,18.97872734,18.978727340698242,0.3785989284515381,"null, null, null, psutil",2048,0,1.4393844604492188,8.404853582382202,2,2,0,0.0,0,0.0,0,0.1939051071802775,0.0,0,0,0.0,0,0.0,0,0,0,0.20035505294799805,1129.8544753313063,11.87746501,11.877465009689331,0.13851499557495117,False,,220,type:lambda-function|arch:x86_64|lambda:True|mem:2048,False,,stage,0,19.962846279144287,132.58738598823547,24.0,24.0,0,0.0,0,0.0,0,138.21686868667604,10,0.0,0,0,30.979999999999997,0,0.0,0,0,0,3.302621412277222,16483.416944091798,176.967532969,176.96753296852114,2.32686128616333,12
x86,0,1.655539232492447,7.67659285068512,2.0,2.0,0,0.0,0,0.0,0,8.222080659866334,0.0,0,0,2.676875,0,0.0,0,0,0,0.24134708940982819,1081.9706338475496,11.375527517250001,11.37552751749754,0.3041407197713852,,type:lambda-function|arch:x86_64|lambda:True|mem:2048,aws,4.095001690269471,0.4980493210505725,1,x86_64,Intel(R) Xeon(R) Processor @ 2.50GHz,False,,titanic,titanic_stage_aws_2048Mb_x86_analysis.json,0,1.9059696197509766,10.521246194839478,2,2,0,0.0,0,0.0,0,7.67659285068512,0.0,0,0,7.1,0,0.0,0,0,0,0.39886927604675293,1244.4039716482162,14.69190049,14.691900491714478,1.326585054397583,"null, null, null, psutil",2048,0,1.4846479892730713,6.7161078453063965,2,2,0,0.0,0,0.0,0,0.24134708940982819,0.0,0,0,0.0,0,0.0,0,0,0,0.18384265899658203,875.5662435936928,10.45817256,10.45817255973816,0.16699695587158203,False,,220,type:lambda-function|arch:x86_64|lambda:True|mem:2048,False,,stage,0,26.48862771987915,122.82548561096192,32.0,32.0,0,0.0,0,0.0,0,131.55329055786135,10,0.0,0,0,42.83,0,0.0,0,0,0,3.861553430557251,17311.530141560794,182.00844027600002,182.00844027996064,4.866251516342163,16
x86,0,1.689114865064621,5.867799799442292,2.0,2.0,0,0.0,0,0.0,0,6.382443370819092,0.0,0,0,2.5694999999999997,0,0.0,0,0,0,0.23193740606307983,910.2066677302837,9.5546688032,9.554668803215026,0.2827061653137207,,type:lambda-function|arch:x86_64|lambda:True|mem:2048,aws,3.912648906268121,0.6130330782341106,1,x86_64,Intel(R) Xeon(R) Processor @ 2.50GHz,False,,titanic,titanic_stage_aws_2048Mb_x86_analysis.json,0,2.012786388397217,8.262547969818115,2,2,0,0.0,0,0.0,0,5.867799799442292,0.0,0,0,5.7,0,0.0,0,0,0,0.4639475345611572,1023.3443724489211,12.6058681,12.605868101119995,0.4111478328704834,"null, null, null, psutil",2048,0,1.5068144798278809,5.188899755477905,2,2,0,0.0,0,0.0,0,0.23193740606307983,0.0,0,0,0.0,0,0.0,0,0,0,0.17146825790405273,736.1244072341918,8.49920678,8.499206781387329,0.15020179748535156,False,,220,type:lambda-function|arch:x86_64|lambda:True|mem:2048,False,,stage,0,33.782297301292424,117.35599598884583,40.0,40.0,0,0.0,0,0.0,0,127.64886741638185,10,0.0,0,0,51.38999999999999,0,0.0,0,0,0,4.638748121261597,18204.133354605674,191.093376064,191.09337606430051,5.654123306274414,20
x86,0,1.8275393505891164,4.640465543667475,2.0,2.0,0,0.0,0,0.0,0,5.125180624922117,0.0,0,0,2.6216666666666666,0,0.0,0,0,0,0.3172669072945913,777.0379198425511,8.202428728375,8.202428728342056,0.16744817396004993,,type:lambda-function|arch:x86_64|lambda:True|mem:2048,aws,3.713114909420968,0.7244846925716677,1,x86_64,Intel(R) Xeon(R) Processor @ 2.50GHz,False,,titanic,titanic_stage_aws_2048Mb_x86_analysis.json,0,2.222270965576172,6.744650602340698,2,2,0,0.0,0,0.0,0,4.640465543667475,0.0,0,0,5.7,0,0.0,0,0,0,0.4407157897949219,924.42650203228,10.96891737,10.96891736984253,0.3834097385406494,"null, null, null, psutil",2048,0,1.6049020290374756,3.6939308643341064,2,2,0,0.0,0,0.0,0,0.16744817396004993,0.0,0,0,0.0,0,0.0,0,0,0,0.1860218048095703,632.8227686405182,6.87143803,6.871438026428223,0.13361716270446777,False,,220,type:lambda-function|arch:x86_64|lambda:True|mem:2048,False,,stage,0,43.86094441413879,111.37117304801941,48.0,48.0,0,0.0,0,0.0,0,123.00433499813082,10,0.0,0,0,62.92,0,0.0,0,0,0,7.614405775070191,18648.910076221226,196.858289481,196.85828948020935,4.018756175041198,24
x86,0,2.866090697050095,3.9432177816118514,2.0,2.0,0,0.0,0,0.0,0,4.350309764487403,0.0,0,0,2.472142857142857,0,0.0,0,0,0,0.2356726356915065,735.6044111377086,7.982512483214285,7.982512483426503,0.17141934718404497,,type:lambda-function|arch:x86_64|lambda:True|mem:2048,aws,3.6810726634902964,0.8461633453184768,1,x86_64,Intel(R) Xeon(R) Processor @ 2.50GHz,False,,titanic,titanic_stage_aws_2048Mb_x86_analysis.json,0,3.7337889671325684,5.475442409515381,2,2,0,0.0,0,0.0,0,3.9432177816118514,0.0,0,0,6.0,0,0.0,0,0,0,0.47626709938049316,805.7040776991844,10.02896023,10.028960227966309,0.3709745407104492,"null, null, null, psutil",2048,0,1.6030876636505127,3.173809051513672,2,2,0,0.0,0,0.0,0,0.17141934718404497,0.0,0,0,0.0,0,0.0,0,0,0,0.1805713176727295,570.6033183002472,6.8671236,6.867123603820801,0.1264052391052246,False,,220,type:lambda-function|arch:x86_64|lambda:True|mem:2048,False,,stage,0,80.25053951740266,110.41009788513185,56.0,56.0,0,0.0,0,0.0,0,121.8086734056473,10,0.0,0,0,69.22,0,0.0,0,0,0,6.598833799362183,20596.92351185584,223.51034952999998,223.51034953594208,4.799741721153259,28
x86,0,2.28420752286911,5.994594120979309,2.0,2.0,0,0.0,0,0.0,0,9.26944679617882,0.0,0,0,2.465,0,0.0,0,0,0,2.500278872251511,438.4329570871592,14.9267045855,14.926704585552216,0.774573802947998,,type:lambda-function|arch:x86_64|lambda:True|mem:512,aws,0.1998597679934502,0.02156113222159484,4,x86_64,Intel(R) Xeon(R) Processor @ 2.50GHz,False,,ml,ml_stage2_aws_512Mb_x86_analysis.json,0,2.6428680419921875,6.259894371032715,2,2,0,0.0,0,0.0,0,5.994594120979309,0.0,0,0,5.3,0,0.0,0,0,0,3.100754499435425,488.97137055397025,15.44091034,15.440910339355469,1.2132983207702637,"null, null, null, psutil",512,0,2.013505697250366,5.697056293487549,2,2,0,0.0,0,0.0,0,0.774573802947998,0.0,0,0,1.8,0,0.0,0,0,0,2.062570333480835,350.6943076968193,13.84337735,13.843377351760864,0.6156101226806641,False,,220,type:lambda-function|arch:x86_64|lambda:True|mem:512,False,,stage2,0,9.13683009147644,23.978376483917238,8.0,8.0,0,0.0,0,0.0,0,37.07778718471528,10,0.0,0,0,9.86,0,0.0,0,0,0,10.001115489006043,1753.7318283486368,59.706818342,59.70681834220886,3.098295211791992,4
x86,0,2.300590925216675,5.95509970664978,2.0,2.0,0,0.0,0,0.0,0,9.650243682861328,0.0,0,0,2.502,0,0.0,0,0,0,2.891696548461914,443.332457966423,15.2949061822,15.294906182289123,0.8034474277496337,,type:lambda-function|arch:x86_64|lambda:True|mem:512,aws,0.2481787802746296,0.025717358901039048,4,x86_64,Intel(R) Xeon(R) Processor @ 2.50GHz,False,,ml,ml_stage2_aws_512Mb_x86_analysis.json,0,2.633324384689331,6.280022621154785,2,2,0,0.0,0,0.0,0,5.95509970664978,0.0,0,0,5.4,0,0.0,0,0,0,3.3387014865875244,518.1564507198333,15.90648222,15.906482219696045,1.2069370746612549,"null, null, null, psutil",512,0,1.9302215576171875,5.603477716445923,2,2,0,0.0,0,0.0,0,0.8034474277496337,0.0,0,0,0.0,0,0.0,0,0,0,2.395582914352417,350.83355679035196,14.25080824,14.250808238983154,0.597550630569458,False,,220,type:lambda-function|arch:x86_64|lambda:True|mem:512,False,,stage2,0,11.502954626083374,29.7754985332489,10.0,10.0,0,0.0,0,0.0,0,48.25121841430664,10,0.0,0,0,12.509999999999998,0,0.0,0,0,0,14.45848274230957,2216.662289832115,76.474530911,76.47453091144561,4.017237138748168,5
x86,0,2.327973739306132,5.942490895589192,2.0,2.0,0,0.0,0,0.0,0,9.961332341035206,0.0,0,0,2.466666666666667,0,0.0,0,0,0,3.222684621810913,446.8453755518992,15.538861163666667,15.538861163457234,0.7961568236351013,,type:lambda-function|arch:x86_64|lambda:True|mem:512,aws,0.2971839696884156,0.029833757123450367,4,x86_64,Intel(R) Xeon(R) Processor @ 2.50GHz,False,,ml,ml_stage2_aws_512Mb_x86_analysis.json,0,3.181978464126587,6.341799259185791,2,2,0,0.0,0,0.0,0,5.942490895589192,0.0,0,0,5.4,0,0.0,0,0,0,4.039831161499023,557.5752728176117,16.91045141,16.910451412200928,1.2201833724975586,"null, null, null, psutil",512,0,1.915398359298706,5.5069050788879395,2,2,0,0.0,0,0.0,0,0.7961568236351013,0.0,0,0,0.0,0,0.0,0,0,0,2.739842653274536,354.67100149154663,14.76777434,14.7677743434906,0.6399295330047607,False,,220,type:lambda-function|arch:x86_64|lambda:True|mem:512,False,,stage2,0,13.967842435836792,35.654945373535156,12.0,12.0,0,0.0,0,0.0,0,59.767994046211236,10,0.0,0,0,14.8,0,0.0,0,0,0,19.33610773086548,2681.0722533113953,93.233166982,93.2331669807434,4.776940941810608,6
x86,0,2.394690339905875,5.91912009034838,2.0,2.0,0,0.0,0,0.0,0,10.365089341572352,0.0,0,0,2.21,0,0.0,0,0,0,3.6040712765284946,448.2201736645017,15.963355316285714,15.963355316434587,0.8418979746954781,,type:lambda-function|arch:x86_64|lambda:True|mem:512,aws,0.34535106167137625,0.03331867679000513,4,x86_64,Intel(R) Xeon(R) Processor @ 2.50GHz,False,,ml,ml_stage2_aws_512Mb_x86_analysis.json,0,3.1269445419311523,6.3968658447265625,2,2,0,0.0,0,0.0,0,5.91912009034838,0.0,0,0,5.3,0,0.0,0,0,0,4.366785287857056,513.1337875318528,17.34959888,17.34959888458252,1.2980670928955078,"null, null, null, psutil",512,0,1.9224932193756104,5.639444828033447,2,2,0,0.0,0,0.0,0,0.8418979746954781,0.0,0,0,0.0,0,0.0,0,0,0,2.945702314376831,363.40092754840845,14.76867342,14.768673419952393,0.6480526924133301,False,,220,type:lambda-function|arch:x86_64|lambda:True|mem:512,False,,stage2,0,16.762832379341127,41.43384063243866,14.0,14.0,0,0.0,0,0.0,0,72.55562539100646,10,0.0,0,0,15.469999999999999,0,0.0,0,0,0,25.228498935699463,3137.541215651512,111.743487214,111.74348721504211,5.8932858228683465,7
x86,0,2.2441831439733506,6.033917912840844,2.0,2.0,0,0.0,0,0.0,0,10.958827677369118,0.0,0,0,2.4362500000000002,0,0.0,0,0,0,4.115230271220208,465.2208228590787,16.6013351715,16.60133517086506,0.8096794933080673,,type:lambda-function|arch:x86_64|lambda:True|mem:512,aws,0.40234164642822745,0.036713931295689235,4,x86_64,Intel(R) Xeon(R) Processor @ 2.50GHz,False,,ml,ml_stage2_aws_512Mb_x86_analysis.json,0,2.6500113010406494,6.398885250091553,2,2,0,0.0,0,0.0,0,6.033917912840844,0.0,0,0,5.3,0,0.0,0,0,0,5.077957630157471,649.5011074161531,17.90723419,17.90723419189453,1.286743402481079,"null, null, null, psutil",512,0,1.943272590637207,5.6609580516815186,2,2,0,0.0,0,0.0,0,0.8096794933080673,0.0,0,0,0.0,0,0.0,0,0,0,3.360603094100952,373.6151161289215,15.27212548,15.272125482559204,0.628800630569458,False,,220,type:lambda-function|arch:x86_64|lambda:True|mem:512,False,,stage2,0,17.953465151786805,48.27134330272675,16.0,16.0,0,0.0,0,0.0,0,87.67062141895295,10,0.0,0,0,19.490000000000002,0,0.0,0,0,0,32.92184216976166,3721.7665828726294,132.810681372,132.81068136692048,6.477435946464539,8
x86,0,2.4013303412331477,5.935844935311211,2.0,2.0,0,0.0,0,0.0,0,11.481841627756754,0.0,0,0,2.591111111111111,0,0.0,0,0,0,4.4584521929423016,484.79625135503875,17.074456575,17.07445657518175,1.0875444995032417,,type:lambda-function|arch:x86_64|lambda:True|mem:512,aws,0.44527740782237046,0.03878100937622546,4,x86_64,Intel(R) Xeon(R) Processor @ 2.50GHz,False,,ml,ml_stage2_aws_512Mb_x86_analysis.json,0,2.6760506629943848,6.342345237731934,2,2,0,0.0,0,0.0,0,5.935844935311211,0.0,0,0,8.2,0,0.0,0,0,0,5.439347982406616,717.6155625724791,18.36963844,18.369638442993164,1.2793538570404053,"null, null, null, psutil",512,0,2.0432279109954834,5.603808403015137,2,2,0,0.0,0,0.0,0,1.0875444995032417,0.0,0,0,0.0,0,0.0,0,0,0,3.6596086025238037,361.3376889705658,15.89292455,15.892924547195435,0.6685423851013184,False,,220,type:lambda-function|arch:x86_64|lambda:True|mem:512,False,,stage2,0,21.61197307109833,53.4226044178009,18.0,18.0,0,0.0,0,0.0,0,103.33657464981079,10,0.0,0,0,23.32,0,0.0,0,0,0,40.126069736480716,4363.166262195349,153.670109175,153.67010917663575,9.787900495529176,9
x86,0,2.2561944198608397,6.080690476894379,2.0,2.0,0,0.0,0,0.0,0,11.825659859180451,0.0,0,0,2.575,0,0.0,0,0,0,4.887766819000245,482.34699740858076,17.4755832528,17.475583252906798,0.8572025632858277,,type:lambda-function|arch:x86_64|lambda:True|mem:512,aws,0.5068255512491465,0.04285812016279917,4,x86_64,Intel(R) Xeon(R) Processor @ 2.50GHz,False,,ml,ml_stage2_aws_512Mb_x86_analysis.json,0,3.1770191192626953,6.381015062332153,2,2,0,0.0,0,0.0,0,6.080690476894379,0.0,0,0,8.3,0,0.0,0,0,0,5.80121111869812,652.2435792303086,18.36794496,18.367944955825806,1.2952022552490234,"null, null, null, psutil",512,0,1.924748182296753,5.723116874694824,2,2,0,0.0,0,0.0,0,0.8572025632858277,0.0,0,0,0.0,0,0.0,0,0,0,3.9587574005126953,378.5075693440437,16.29064059,16.290640592575073,0.6168012619018555,False,,220,type:lambda-function|arch:x86_64|lambda:True|mem:512,False,,stage2,0,22.561944198608398,60.80690476894379,20.0,20.0,0,0.0,0,0.0,0,118.2565985918045,10,0.0,0,0,25.75,0,0.0,0,0,0,48.877668190002446,4823.469974085808,174.75583252799998,174.755832529068,8.572025632858276,10
x86,0,2.430505949258804,5.90810754497846,2.0,2.0,0,0.0,0,0.0,0,12.749386401971181,0.0,0,0,2.4324999999999997,0,0.0,0,0,0,5.7567470153172815,494.3885498479207,18.359882831666667,18.359882831573486,1.0845318416754404,,type:lambda-function|arch:x86_64|lambda:True|mem:512,aws,0.5909289166487456,0.0463495966015574,4,x86_64,Intel(R) Xeon(R) Processor @ 2.50GHz,False,,ml,ml_stage2_aws_512Mb_x86_analysis.json,0,2.9196627140045166,6.361952543258667,2,2,0,0.0,0,0.0,0,5.90810754497846,0.0,0,0,5.5,0,0.0,0,0,0,7.277966737747192,639.9940064120293,19.91022325,19.910223245620728,1.4332032203674316,"null, null, null, psutil",512,0,1.9693431854248047,5.679684400558472,2,2,0,0.0,0,0.0,0,1.0845318416754404,0.0,0,0,0.0,0,0.0,0,0,0,4.8216636180877686,391.8336530685424,17.23075867,17.230758666992188,0.6564524173736572,False,,220,type:lambda-function|arch:x86_64|lambda:True|mem:512,False,,stage2,0,29.16607139110565,70.89729053974152,24.0,24.0,0,0.0,0,0.0,0,152.99263682365418,10,0.0,0,0,29.189999999999998,0,0.0,0,0,0,69.08096418380738,5932.662598175048,220.31859398,220.31859397888184,13.014382100105284,12
x86,0,2.3171069853835635,5.871593723694484,2.0,2.0,0,0.0,0,0.0,0,13.845169042547543,0.0,0,0,2.370833333333333,0,0.0,0,0,0,7.154503155085775,526.1603535343376,19.479543075486113,19.479543074965477,0.8190721637672849,,type:lambda-function|arch:x86_64|lambda:True|mem:512,aws,0.7830357389918964,0.056556603721164535,4,x86_64,Intel(R) Xeon(R) Processor @ 2.50GHz,False,,ml,ml_stage2_aws_512Mb_x86_analysis.json,0,3.028052568435669,6.179834842681885,2,2,0,0.0,0,0.0,0,7.154503155085775,0.0,0,0,5.3,0,0.0,0,0,0,8.621462106704712,783.0593930530548,21.84606433,21.84606432914734,1.3103992938995361,"null, null, null, psutil",512,0,1.873018741607666,5.659292459487915,2,2,0,0.0,0,0.0,0,0.8190721637672849,0.0,0,0,0.0,0,0.0,0,0,0,6.139180898666382,386.85364231824866,18.24877501,18.248775005340576,0.6268489360809326,False,,220,type:lambda-function|arch:x86_64|lambda:True|mem:512,False,,stage2,0,37.073711766137016,93.94549957911174,32.0,32.0,0,0.0,0,0.0,0,221.52270468076068,9,0.0,0,0,37.93333333333333,0,0.0,0,0,0,114.4720504813724,8418.565656549401,311.6726892077778,311.67268919944763,13.105154620276558,16
x86,0,2.6551849285761517,5.807324229346381,2.0,2.0,0,0.0,0,0.0,0,15.932655617925855,0.0,0,0,2.4033333333333333,0,0.0,0,0,0,9.027425832218594,549.510178604351,21.45386740788889,21.453867407639823,1.0979055563608806,,type:lambda-function|arch:x86_64|lambda:True|mem:512,aws,0.9680809490320418,0.060760802985213115,4,x86_64,Intel(R) Xeon(R) Processor @ 2.50GHz,False,,ml,ml_stage2_aws_512Mb_x86_analysis.json,0,3.1097283363342285,6.297938346862793,2,2,0,0.0,0,0.0,0,9.027425832218594,0.0,0,0,6.8,0,0.0,0,0,0,15.242310523986816,753.3445374679565,27.87040329,27.870403289794922,1.5162675380706787,"null, null, null, psutil",512,0,1.9833018779754639,5.540867805480957,2,2,0,0.0,0,0.0,0,1.0979055563608806,0.0,0,0,0.0,0,0.0,0,0,0,7.401765584945679,404.89168585538863,19.70945334,19.709453344345093,0.6708266735076904,False,,220,type:lambda-function|arch:x86_64|lambda:True|mem:512,False,,stage2,0,53.10369857152303,116.14648458692763,40.0,40.0,0,0.0,0,0.0,0,318.6531123585171,9,0.0,0,0,48.06666666666666,0,0.0,0,0,0,180.5485166443719,10990.20357208702,429.0773481577778,429.07734815279645,21.958111127217613,20
x86,0,2.4030125190814338,5.812359029054642,2.0,2.0,0,0.0,0,0.0,0,17.172463635603584,0.0,0,0,2.3691666666666666,0,0.0,0,0,0,10.565559104084969,582.2977771066626,22.817719710875,22.81771971086661,0.7945455024639766,,type:lambda-function|arch:x86_64|lambda:True|mem:512,aws,1.162704300172091,0.06770748361123105,4,x86_64,Intel(R) Xeon(R) Processor @ 2.50GHz,False,,ml,ml_stage2_aws_512Mb_x86_analysis.json,0,3.262949228286743,6.340597867965698,2,2,0,0.0,0,0.0,0,10.565559104084969,0.0,0,0,5.5,0,0.0,0,0,0,12.383360862731934,1016.5856895160674,24.49024057,24.490240573883057,1.2197175025939941,"null, null, null, psutil",512,0,1.8983545303344727,5.416514873504639,2,2,0,0.0,0,0.0,0,0.7945455024639766,0.0,0,0,0.0,0,0.0,0,0,0,8.660080432891846,432.0777055621147,20.70863271,20.708632707595825,0.6488938331604004,False,,220,type:lambda-function|arch:x86_64|lambda:True|mem:512,False,,stage2,0,57.67230045795441,139.49661669731142,48.0,48.0,0,0.0,0,0.0,0,412.139127254486,10,0.0,0,0,56.86,0,0.0,0,0,0,253.57341849803925,13975.146650559902,547.625273061,547.6252730607986,19.06909205913544,24
x86,0,2.686730111496789,5.8268744673047745,2.0,2.0,0,0.0,0,0.0,0,19.060049165146694,0.0,0,0,2.407857142857143,0,0.0,0,0,0,12.134590496335711,610.1416747293473,24.405132366214286,24.40513236607824,1.098584201506206,,type:lambda-function|arch:x86_64|lambda:True|mem:512,aws,1.3598759631795883,0.07134692840489963,4,x86_64,Intel(R) Xeon(R) Processor @ 2.50GHz,False,,ml,ml_stage2_aws_512Mb_x86_analysis.json,0,3.6683785915374756,6.521159648895264,2,2,0,0.0,0,0.0,0,12.134590496335711,0.0,0,0,11.5,0,0.0,0,0,0,16.1598904132843,1088.5309296631813,28.33210254,28.33210253715515,6.010052680969238,"null, null, null, psutil",512,0,1.979299783706665,5.244858503341675,2,2,0,0.0,0,0.0,0,1.098584201506206,0.0,0,0,0.0,0,0.0,0,0,0,9.22399616241455,451.62291013240826,22.26916146,22.269161462783813,0.621509313583374,False,,220,type:lambda-function|arch:x86_64|lambda:True|mem:512,False,,stage2,0,75.22844312191009,163.15248508453368,56.0,56.0,0,0.0,0,0.0,0,533.6813766241074,10,0.0,0,0,67.42,0,0.0,0,0,0,339.76853389739995,17083.966892421726,683.343706254,683.3437062501907,30.760357642173766,28
x86,0,0.3058317502339681,7.4108441670735674e-06,8.0,4.0,0,0.0,0,0.0,0,0.0005919734636942545,8.673333333333334,0,0,64.02499999999999,0,28.227390333333332,0,0,0,0.00044023990631103516,373.92703944365184,3.0255960825,3.0255960822105408,0.00014432271321614584,,type:unknown|arch:Unknown|lambda:False|mem:unknown,NA,9.88310178120931e-07,0.0016695177043128044,4,x86_64,Intel(R) Core(TM) i7-10510U CPU @ 1.80GHz,False,,video,video_stage3_local_2048_x86_analysis.json,0,0.732102632522583,1.3828277587890625e-05,8,4,0,0.0,0,0.0,0,0.00044023990631103516,14.2,0,0,89.7,0,43.660166,0,0,0,0.0008006095886230469,613.2401124012471,3.35939145,3.359391450881958,0.00026535987854003906,"perf, rapl, null, psutil",2048,0,0.21865057945251465,4.5299530029296875e-06,8,4,0,0.0,0,0.0,0,7.4108441670735674e-06,5.04,0,0,45.9,0,16.814228,0,0,0,0.0002865791320800781,260.35822259187694,2.28685308,2.286853075027466,9.131431579589844e-05,False,,220,type:unknown|arch:Unknown|lambda:False|mem:unknown,False,,stage3,0,1.2233270009358723,2.964337666829427e-05,32.0,16.0,0,0.0,0,0.0,0,0.002367893854777018,12,34.693333333333335,0,0,256.09999999999997,0,112.90956133333333,0,0,0,0.0017609596252441406,1495.7081577746073,12.10238433,12.102384328842163,0.0005772908528645834,4
x86,0,0.32974334557851154,6.854534149169922e-06,8.0,4.0,0,0.0,0,0.0,0,0.0005498925844828287,8.421666666666667,0,0,64.575,0,27.44902125,0,0,0,0.0004050334294637044,363.9734918075303,3.156781335833333,3.156781335671743,0.00013800462086995444,,type:unknown|arch:Unknown|lambda:False|mem:unknown,NA,1.142650842666626e-06,0.002077952812804856,4,x86_64,Intel(R) Core(TM) i7-10510U CPU @ 1.80GHz,False,,video,video_stage3_local_2048_x86_analysis.json,0,0.7721004486083984,1.3589859008789062e-05,8,4,0,0.0,0,0.0,0,0.0004050334294637044,12.9,0,0,85.9,0,38.919638,0,0,0,0.0008161067962646484,478.95817599892615,3.35581136,3.355811357498169,0.00029778480529785156,"perf, rapl, null, psutil",2048,0,0.21716856956481934,4.291534423828125e-06,8,4,0,0.0,0,0.0,0,6.854534149169922e-06,5.89,0,0,56.6,0,19.900216,0,0,0,0.0002715587615966797,263.35949714899067,2.35242176,2.352421760559082,8.678436279296875e-05,False,,220,type:unknown|arch:Unknown|lambda:False|mem:unknown,False,,stage3,0,1.6487167278925576,3.427267074584961e-05,40.0,20.0,0,0.0,0,0.0,0,0.0027494629224141436,12,42.108333333333334,0,0,322.875,0,137.24510625,0,0,0,0.002025167147318522,1819.8674590376515,15.783906679166666,15.783906678358715,0.0006900231043497722,5
x86,0,0.3306507070859273,6.238619486490886e-06,8.0,4.0,0,0.0,0,0.0,0,0.0005044937133789062,8.880833333333333,0,0,62.61666666666667,0,29.7806705,0,0,0,0.000379025936126709,377.6934162117044,3.215614735833333,3.2156147360801697,0.00011922915776570638,,type:unknown|arch:Unknown|lambda:False|mem:unknown,NA,1.2479734420776369e-06,0.002473714555765596,4,x86_64,Intel(R) Core(TM) i7-10510U CPU @ 1.80GHz,False,,video,video_stage3_local_2048_x86_analysis.json,0,0.6338872909545898,1.049041748046875e-05,8,4,0,0.0,0,0.0,0,0.000379025936126709,14.84,0,0,71.3,0,49.193846,0,0,0,0.0006067752838134766,436.50413115322584,3.35673046,3.3567304611206055,0.00020694732666015625,"perf, rapl, null, psutil",2048,0,0.22917866706848145,4.0531158447265625e-06,8,4,0,0.0,0,0.0,0,6.238619486490886e-06,6.13,0,0,52.9,0,20.673653,0,0,0,0.0002491474151611328,268.8232872569561,2.43532443,2.4353244304656982,7.796287536621094e-05,False,,220,type:unknown|arch:Unknown|lambda:False|mem:unknown,False,,stage3,0,1.983904242515564,3.743171691894531e-05,48.0,24.0,0,0.0,0,0.0,0,0.0030269622802734375,12,53.285,0,0,375.7,0,178.684023,0,0,0,0.002274155616760254,2266.160497270226,19.293688415,19.293688416481018,0.0007153749465942383,6
x86,0,0.3934204777081807,6.8942705790201826e-06,8.0,4.0,0,0.0,0,0.0,0,0.0005867282549540201,8.885833333333332,0,0,69.825,0,29.1825065,0,0,0,0.0004388292630513509,404.32276615197463,3.2885198399999997,3.2885198394457498,0.00014100472132364908,,type:unknown|arch:Unknown|lambda:False|mem:unknown,NA,1.6089848677317304e-06,0.002742299955978464,4,x86_64,Intel(R) Core(TM) i7-10510U CPU @ 1.80GHz,False,,video,video_stage3_local_2048_x86_analysis.json,0,0.9042937755584717,1.430511474609375e-05,8,4,0,0.0,0,0.0,0,0.0004388292630513509,12.54,0,0,100.0,0,40.998552,0,0,0,0.0009405612945556641,807.5492061257363,3.92061758,3.9206175804138184,0.0003247261047363281,"perf, rapl, null, psutil",2048,0,0.24239277839660645,4.291534423828125e-06,8,4,0,0.0,0,0.0,0,6.8942705790201826e-06,6.65,0,0,56.9,0,22.772158,0,0,0,0.00027823448181152344,254.71375092267988,2.30865359,2.3086535930633545,8.749961853027344e-05,False,,220,type:unknown|arch:Unknown|lambda:False|mem:unknown,False,,stage3,0,2.753943343957265,4.825989405314128e-05,56.0,28.0,0,0.0,0,0.0,0,0.004107097784678141,12,62.20083333333333,0,0,488.77500000000003,0,204.2775455,0,0,0,0.003071804841359456,2830.2593630638225,23.01963888,23.019638876120247,0.0009870330492655435,7
x86,0,0.4569263855616252,8.006890614827475e-06,8.0,4.0,0,0.0,0,0.0,0,0.0006279349327087402,8.748333333333333,0,0,71.39166666666667,0,29.21244975,0,0,0,0.0004628499348958333,414.19178237011033,3.2871572575,3.2871572573979697,0.00015707810719807944,,type:unknown|arch:Unknown|lambda:False|mem:unknown,NA,2.135597864786784e-06,0.0034009859199493754,4,x86_64,Intel(R) Core(TM) i7-10510U CPU @ 1.80GHz,False,,video,video_stage3_local_2048_x86_analysis.json,0,0.8772971630096436,1.71661376953125e-05,8,4,0,0.0,0,0.0,0,0.0004628499348958333,12.75,0,0,100.0,0,41.978898,0,0,0,0.0011131763458251953,726.258931735754,3.81308341,3.8130834102630615,0.0004010200500488281,"perf, rapl, null, psutil",2048,0,0.26464247703552246,5.0067901611328125e-06,8,4,0,0.0,0,0.0,0,8.006890614827475e-06,5.79,0,0,56.9,0,20.739268,0,0,0,0.00029659271240234375,262.32210626840595,2.28972292,2.2897229194641113,9.250640869140625e-05,False,,220,type:unknown|arch:Unknown|lambda:False|mem:unknown,False,,stage3,0,3.6554110844930015,6.40551249186198e-05,64.0,32.0,0,0.0,0,0.0,0,0.005023479461669922,12,69.98666666666666,0,0,571.1333333333333,0,233.699598,0,0,0,0.0037027994791666665,3313.5342589608827,26.29725806,26.297258059183758,0.0012566248575846355,8
x86,0,0.3125879963239034,7.033348083496094e-06,8.0,4.0,0,0.0,0,0.0,0,0.000540633996327718,9.041666666666666,0,0,64.83333333333333,0,29.441789083333333,0,0,0,0.0003960331281026204,400.98952057381473,3.253084421666667,3.253084421157837,0.00013756752014160156,,type:unknown|arch:Unknown|lambda:False|mem:unknown,NA,2.110426425933838e-06,0.003903613979640587,4,x86_64,Intel(R) Core(TM) i7-10510U CPU @ 1.80GHz,False,,video,video_stage3_local_2048_x86_analysis.json,0,0.47762346267700195,1.33514404296875e-05,8,4,0,0.0,0,0.0,0,0.0003960331281026204,18.68,0,0,94.2,0,52.613635,0,0,0,0.0008480548858642578,666.1024155938626,3.35212255,3.3521225452423096,0.00032019615173339844,"perf, rapl, null, psutil",2048,0,0.22118854522705078,5.0067901611328125e-06,8,4,0,0.0,0,0.0,0,7.033348083496094e-06,6.59,0,0,54.0,0,22.13294,0,0,0,0.0002841949462890625,335.0207651042938,2.30817986,2.3081798553466797,9.131431579589844e-05,False,,220,type:unknown|arch:Unknown|lambda:False|mem:unknown,False,,stage3,0,2.8132919669151306,6.330013275146484e-05,72.0,36.0,0,0.0,0,0.0,0,0.004865705966949462,12,81.375,0,0,583.5,0,264.97610175,0,0,0,0.003564298152923584,3608.9056851643327,29.277759795,29.277759790420532,0.001238107681274414,9
x86,0,0.39710450172424316,7.987022399902344e-06,8.0,4.0,0,0.0,0,0.0,0,0.0006455779075622559,9.358333333333333,0,0,69.8,0,31.318691916666666,0,0,0,0.0004775126775105794,447.3223379809161,3.385295906666667,3.3852959076563516,0.00016007820765177408,,type:unknown|arch:Unknown|lambda:False|mem:unknown,NA,2.6628732681274416e-06,0.004124789954759487,4,x86_64,Intel(R) Core(TM) i7-10510U CPU @ 1.80GHz,False,,video,video_stage3_local_2048_x86_analysis.json,0,0.7566092014312744,1.9550323486328125e-05,8,4,0,0.0,0,0.0,0,0.0004775126775105794,15.79,0,0,98.9,0,52.244314,0,0,0,0.0011017322540283203,791.3098586440086,3.90751004,3.9075100421905518,0.00039649009704589844,"perf, rapl, null, psutil",2048,0,0.22202849388122559,4.5299530029296875e-06,8,4,0,0.0,0,0.0,0,7.987022399902344e-06,6.89,0,0,57.7,0,23.204347,0,0,0,0.00028777122497558594,346.68640506744384,3.3164556,3.316455602645874,9.5367431640625e-05,False,,220,type:unknown|arch:Unknown|lambda:False|mem:unknown,False,,stage3,0,3.9710450172424316,7.987022399902344e-05,80.0,40.0,0,0.0,0,0.0,0,0.006455779075622559,12,93.58333333333333,0,0,698.0,0,313.18691916666666,0,0,0,0.004775126775105794,4473.223379809161,33.85295906666667,33.852959076563515,0.0016007820765177407,10
x86,0,0.352933128674825,1.0172526041666666e-05,8.0,4.0,0,0.0,0,0.0,0,0.0005045533180236816,7.9925,0,0,64.01666666666667,0,26.428669083333332,0,0,0,0.00036658843358357746,370.7414632357657,3.2019173308333335,3.2019173304239907,0.0001277923583984375,,type:unknown|arch:Unknown|lambda:False|mem:unknown,NA,4.06982421875e-06,0.008066192557590076,4,x86_64,Intel(R) Core(TM) i7-10510U CPU @ 1.80GHz,False,,video,video_stage3_local_2048_x86_analysis.json,0,0.6901512145996094,6.031990051269531e-05,8,4,0,0.0,0,0.0,0,0.00036658843358357746,12.37,0,0,84.3,0,38.770106,0,0,0,0.0007407665252685547,518.4859293133021,3.36378837,3.363788366317749,0.0003609657287597656,"perf, rapl, null, psutil",2048,0,0.219313383102417,4.291534423828125e-06,8,4,0,0.0,0,0.0,0,1.0172526041666666e-05,6.29,0,0,54.4,0,21.52027,0,0,0,0.00026702880859375,261.6786431264877,2.32541227,2.3254122734069824,8.726119995117188e-05,False,,220,type:unknown|arch:Unknown|lambda:False|mem:unknown,False,,stage3,0,4.2351975440979,0.0001220703125,96.0,48.0,0,0.0,0,0.0,0,0.00605463981628418,12,95.91,0,0,768.2,0,317.144029,0,0,0,0.00439906120300293,4448.897558829189,38.42300797,38.42300796508789,0.00153350830078125,12
x86,0,0.46424053112665814,7.867813110351562e-06,8.0,4.0,0,0.0,0,0.0,0,0.0006538629531860353,8.7175,0,0,68.47500000000001,0,28.783724250000002,0,0,0,0.0004864136377970378,421.91838105802736,3.3295406108333334,3.3295406103134155,0.00015958150227864584,,type:unknown|arch:Unknown|lambda:False|mem:unknown,NA,4.197006225585937e-06,0.006418785779398358,4,x86_64,Intel(R) Core(TM) i7-10510U CPU @ 1.80GHz,False,,video,video_stage3_local_2048_x86_analysis.json,0,0.7963197231292725,1.430511474609375e-05,8,4,0,0.0,0,0.0,0,0.0004864136377970378,15.36,0,0,94.1,0,45.59351,0,0,0,0.0008695125579833984,581.4482648223639,3.38041997,3.380419969558716,0.0003025531768798828,"perf, rapl, null, psutil",2048,0,0.23726344108581543,4.76837158203125e-06,8,4,0,0.0,0,0.0,0,7.867813110351562e-06,6.11,0,0,56.9,0,20.997689,0,0,0,0.0002944469451904297,358.3022665572166,3.30291057,3.302910566329956,9.322166442871094e-05,False,,220,type:unknown|arch:Unknown|lambda:False|mem:unknown,False,,stage3,0,7.42784849802653,0.000125885009765625,128.0,64.0,0,0.0,0,0.0,0,0.010461807250976564,12,139.48,0,0,1095.6000000000001,0,460.53958800000004,0,0,0,0.0077826182047526045,6750.694096928438,53.272649773333335,53.27264976501465,0.0025533040364583335,16
x86,0,0.437325656414032,9.258588155110678e-06,8.0,4.0,0,0.0,0,0.0,0,0.0006328423817952473,8.2925,0,0,70.14999999999999,0,27.80292775,0,0,0,0.0004679759343465169,408.7783142221967,3.326918919166667,3.326918919881185,0.00015560785929361978,,type:unknown|arch:Unknown|lambda:False|mem:unknown,NA,6.1736265818278005e-06,0.009755393695843278,4,x86_64,Intel(R) Core(TM) i7-10510U CPU @ 1.80GHz,False,,video,video_stage3_local_2048_x86_analysis.json,0,0.7731950283050537,3.2901763916015625e-05,8,4,0,0.0,0,0.0,0,0.0004679759343465169,14.41,0,0,100.0,0,45.609013,0,0,0,0.0010132789611816406,744.1345712184907,3.8349545,3.8349545001983643,0.00034165382385253906,"perf, rapl, null, psutil",2048,0,0.2381730079650879,4.291534423828125e-06,8,4,0,0.0,0,0.0,0,9.258588155110678e-06,6.99,0,0,54.9,0,24.539125,0,0,0,0.000278472900390625,325.81314325332636,2.79909754,2.7990975379943848,9.012222290039062e-05,False,,220,type:unknown|arch:Unknown|lambda:False|mem:unknown,False,,stage3,0,8.74651312828064,0.00018517176310221356,160.0,80.0,0,0.0,0,0.0,0,0.012656847635904946,12,165.85000000000002,0,0,1402.9999999999998,0,556.058555,0,0,0,0.009359518686930338,8175.566284443934,66.53837838333334,66.5383783976237,0.0031121571858723955,20
x86,0,0.3721378644307454,6.556510925292969e-06,8.0,4.0,0,0.0,0,0.0,0,0.0005189577738444011,8.608333333333333,0,0,60.71666666666667,0,28.404718000000003,0,0,0,0.00038246313730875653,367.472969101121,3.163780886666667,3.1637808879216514,0.00012993812561035156,,type:unknown|arch:Unknown|lambda:False|mem:unknown,NA,5.246257781982422e-06,0.010109218989280244,4,x86_64,Intel(R) Core(TM) i7-10510U CPU @ 1.80GHz,False,,video,video_stage3_local_2048_x86_analysis.json,0,0.7196838855743408,1.0013580322265625e-05,8,4,0,0.0,0,0.0,0,0.00038246313730875653,15.33,0,0,84.7,0,50.407953,0,0,0,0.0005996227264404297,420.37434326410295,3.35022306,3.3502230644226074,0.00020122528076171875,"perf, rapl, null, psutil",2048,0,0.2462460994720459,4.76837158203125e-06,8,4,0,0.0,0,0.0,0,6.556510925292969e-06,5.85,0,0,53.2,0,20.14082,0,0,0,0.00028324127197265625,279.73325604200363,2.36070132,2.360701322555542,9.012222290039062e-05,False,,220,type:unknown|arch:Unknown|lambda:False|mem:unknown,False,,stage3,0,8.93130874633789,0.00015735626220703125,192.0,96.0,0,0.0,0,0.0,0,0.012454986572265627,12,206.59999999999997,0,0,1457.2,0,681.7132320000001,0,0,0,0.009179115295410156,8819.351258426905,75.93074128,75.93074131011963,0.0031185150146484375,24
x86,0,0.3296673695246379,7.450580596923828e-06,8.0,4.0,0,0.0,0,0.0,0,0.0005190571149190267,9.4475,0,0,65.01666666666667,0,31.41118966666667,0,0,0,0.0003845492998758952,391.6119174235066,3.1707844516666666,3.1707844535509744,0.00012705723444620767,,type:unknown|arch:Unknown|lambda:False|mem:unknown,NA,6.955265998840333e-06,0.013399808612440191,4,x86_64,Intel(R) Core(TM) i7-10510U CPU @ 1.80GHz,False,,video,video_stage3_local_2048_x86_analysis.json,0,0.6829378604888916,1.2159347534179688e-05,8,4,0,0.0,0,0.0,0,0.0003845492998758952,18.62,0,0,98.0,0,61.781335,0,0,0,0.0007805824279785156,586.089862677455,3.37487864,3.3748786449432373,0.0002372264862060547,"perf, rapl, null, psutil",2048,0,0.2280895709991455,4.76837158203125e-06,8,4,0,0.0,0,0.0,0,7.450580596923828e-06,7.13,0,0,55.7,0,24.465696,0,0,0,0.0002684593200683594,258.137540294528,2.34260535,2.3426053524017334,8.630752563476562e-05,False,,220,type:unknown|arch:Unknown|lambda:False|mem:unknown,False,,stage3,0,9.230686346689861,0.0002086162567138672,224.0,112.0,0,0.0,0,0.0,0,0.014533599217732748,12,264.53,0,0,1820.4666666666667,0,879.5133106666667,0,0,0,0.010767380396525066,10965.133687858186,88.78196464666667,88.78196469942728,0.003557602564493815,28
x86,0,1.5770499621118819,15.969448787825447,2.0,2.0,0,0.0,0,0.0,0,23.196035589490617,0.0,0,0,2.482142857142857,0,0.0,0,0,0,5.663685815674918,659.553750534228,26.234263506071432,26.23426350525447,1.5629009859902518,,type:lambda-function|arch:x86_64|lambda:True|mem:512,aws,0.5324214225861005,0.02295312147336606,4,x86_64,Intel(R) Xeon(R) Processor @ 2.50GHz,False,,video,video_stage1_aws_512Mb_x86_analysis.json,0,3.04640531539917,18.7266263961792,2,2,0,0.0,0,0.0,0,15.969448787825447,0.0,0,0,5.4,0,0.0,0,0,0,7.17387318611145,877.476708805561,30.45075679,30.450756788253784,1.8796343803405762,"null, null, null, psutil",512,0,0.7428555488586426,13.849482774734497,2,2,0,0.0,0,0.0,0,1.5629009859902518,0.0,0,0,0.0,0,0.0,0,0,0,3.9663453102111816,533.3753500270843,23.76895499,23.76895499229431,1.3198370933532715,False,,220,type:lambda-function|arch:x86_64|lambda:True|mem:512,False,,stage1,0,6.3081998484475275,63.87779515130179,8.0,8.0,0,0.0,0,0.0,0,92.78414235796247,7,0.0,0,0,9.928571428571429,0,0.0,0,0,0,22.65474326269967,2638.215002136912,104.93705402428573,104.93705402101789,6.251603943961007,4
x86,0,1.431632491520473,12.893823160443986,2.0,2.0,0,0.0,0,0.0,0,20.044187865938458,0.0,0,0,2.2114285714285717,0,0.0,0,0,0,5.846883249282837,549.061594590187,23.041614232285713,23.04161423274449,1.303481456211635,,type:lambda-function|arch:x86_64|lambda:True|mem:512,aws,0.5373500802115031,0.026808273989720195,4,x86_64,Intel(R) Xeon(R) Processor @ 2.90GHz,False,,video,video_stage1_aws_512Mb_x86_analysis.json,0,2.8260388374328613,15.28369140625,2,2,0,0.0,0,0.0,0,12.893823160443986,0.0,0,0,5.2,0,0.0,0,0,0,9.377390384674072,683.7227915906907,25.98584485,25.98584485054016,1.526050090789795,"null, null, null, psutil",512,0,0.6391799449920654,10.899746417999268,2,2,0,0.0,0,0.0,0,1.303481456211635,0.0,0,0,0.0,0,0.0,0,0,0,3.922510862350464,446.3430629253387,20.79017639,20.790176391601562,1.1128952503204346,False,,220,type:lambda-function|arch:x86_64|lambda:True|mem:512,False,,stage1,0,7.158162457602365,64.46911580221993,10.0,10.0,0,0.0,0,0.0,0,100.22093932969229,7,0.0,0,0,11.057142857142859,0,0.0,0,0,0,29.234416246414185,2745.3079729509354,115.20807116142856,115.20807116372245,6.517407281058175,5
x86,0,1.5836521436770756,10.828349843621254,2.0,2.0,0,0.0,0,0.0,0,17.336330314477287,0.0,0,0,2.0,0,0.0,0,0,0,5.339254895846049,492.03578994005926,20.414516414166666,20.414516414205234,1.1687255750099819,,type:lambda-function|arch:x86_64|lambda:True|mem:512,aws,0.541525775679499,0.031236470801855893,4,x86_64,Intel(R) Xeon(R) Processor @ 2.50GHz,False,,video,video_stage1_aws_512Mb_x86_analysis.json,0,2.8647305965423584,12.310316801071167,2,2,0,0.0,0,0.0,0,10.828349843621254,0.0,0,0,3.6,0,0.0,0,0,0,6.6651551723480225,587.4211738586425,22.28957295,22.289572954177856,1.7524540424346924,"null, null, null, psutil",512,0,0.7860915660858154,9.60930347442627,2,2,0,0.0,0,0.0,0,1.1687255750099819,0.0,0,0,0.0,0,0.0,0,0,0,3.785928964614868,387.350474023819,18.74445081,18.74445080757141,0.9050796031951904,False,,220,type:lambda-function|arch:x86_64|lambda:True|mem:512,False,,stage1,0,9.501912862062454,64.97009906172752,12.0,12.0,0,0.0,0,0.0,0,104.01798188686372,8,0.0,0,0,12.0,0,0.0,0,0,0,32.035529375076294,2952.2147396403557,122.48709848499999,122.4870984852314,7.012353450059891,6
x86,0,1.6838891080447607,9.29911010180201,2.0,2.0,0,0.0,0,0.0,0,15.588450644697463,0.0,0,0,2.3428571428571425,0,0.0,0,0,0,5.218634750161852,451.47689981073137,18.61365845375,18.613658453736985,1.0707057927336012,,type:lambda-function|arch:x86_64|lambda:True|mem:512,aws,0.5425565788896382,0.03480503555202217,4,x86_64,Intel(R) Xeon(R) Processor @ 2.90GHz,False,,video,video_stage1_aws_512Mb_x86_analysis.json,0,3.084002733230591,10.423887252807617,2,2,0,0.0,0,0.0,0,9.29911010180201,0.0,0,0,5.4,0,0.0,0,0,0,6.46749472618103,569.7174632573127,20.48785305,20.487853050231934,1.3498930931091309,"null, null, null, psutil",512,0,0.7290301322937012,7.866579055786133,2,2,0,0.0,0,0.0,0,1.0707057927336012,0.0,0,0,0.0,0,0.0,0,0,0,3.698927402496338,348.6280540418625,16.88803673,16.888036727905273,0.7880330085754395,False,,220,type:lambda-function|arch:x86_64|lambda:True|mem:512,False,,stage1,0,11.787223756313324,65.09377071261406,14.0,14.0,0,0.0,0,0.0,0,109.11915451288225,8,0.0,0,0,16.4,0,0.0,0,0,0,36.530443251132965,3160.3382986751194,130.29560917625,130.2956091761589,7.494940549135208,7
x86,0,1.9150295667350292,8.201494563370943,2.0,2.0,0,0.0,0,0.0,0,14.328239437192678,0.0,0,0,2.3875,0,0.0,0,0,0,5.09751533344388,420.70783940307797,17.45422283953125,17.454222839325666,1.0292295403778553,,type:lambda-function|arch:x86_64|lambda:True|mem:512,aws,0.5468756574855745,0.03816767997790547,4,x86_64,Intel(R) Xeon(R) Processor @ 2.50GHz,False,,video,video_stage1_aws_512Mb_x86_analysis.json,0,4.186454772949219,9.50368618965149,2,2,0,0.0,0,0.0,0,8.201494563370943,0.0,0,0,5.4,0,0.0,0,0,0,6.919140577316284,553.4016975164413,19.33098173,19.330981731414795,1.7843756675720215,"null, null, null, psutil",512,0,0.6982114315032959,6.9605019092559814,2,2,0,0.0,0,0.0,0,1.0292295403778553,0.0,0,0,0.0,0,0.0,0,0,0,3.8108763694763184,332.3663317322731,15.90639758,15.906397581100464,0.8011505603790283,False,,220,type:lambda-function|arch:x86_64|lambda:True|mem:512,False,,stage1,0,15.320236533880234,65.61195650696754,16.0,16.0,0,0.0,0,0.0,0,114.62591549754143,8,0.0,0,0,19.1,0,0.0,0,0,0,40.78012266755104,3365.6627152246238,139.63378271625,139.63378271460533,8.233836323022842,8
x86,0,1.9037520753012762,7.336528387334612,2.0,2.0,0,0.0,0,0.0,0,13.286682135528988,0.0,0,0,2.2472222222222222,0,0.0,0,0,0,5.005395389265484,395.2080902505915,16.39459404,16.3945940401819,0.9447583589288924,,type:lambda-function|arch:x86_64|lambda:True|mem:512,aws,0.5503496769759059,0.04142115174895727,4,x86_64,Intel(R) Xeon(R) Processor @ 2.50GHz,False,,video,video_stage1_aws_512Mb_x86_analysis.json,0,3.3311495780944824,9.135229110717773,2,2,0,0.0,0,0.0,0,7.336528387334612,0.0,0,0,5.5,0,0.0,0,0,0,7.571409225463867,572.6717615675926,19.80638194,19.806381940841675,1.3563687801361084,"null, null, null, psutil",512,0,0.6948318481445312,5.807564973831177,2,2,0,0.0,0,0.0,0,0.9447583589288924,0.0,0,0,0.0,0,0.0,0,0,0,3.7666890621185303,309.2083717823029,14.84642911,14.846429109573364,0.695502519607544,False,,220,type:lambda-function|arch:x86_64|lambda:True|mem:512,False,,stage1,0,17.133768677711487,66.0287554860115,18.0,18.0,0,0.0,0,0.0,0,119.5801392197609,8,0.0,0,0,20.225,0,0.0,0,0,0,45.04855850338936,3556.8728122553234,147.55134636000003,147.55134636163712,8.502825230360031,9
x86,0,1.8278892278671264,6.612675632749285,2.0,2.0,0,0.0,0,0.0,0,12.455377088274274,0.0,0,0,2.162857142857143,0,0.0,0,0,0,4.968388305391584,369.2523047263282,15.584291590285716,15.58429159096309,0.8743131501334054,,type:lambda-function|arch:x86_64|lambda:True|mem:512,aws,0.551166513989653,0.0442512908347457,4,x86_64,Intel(R) Xeon(R) Processor @ 2.90GHz,False,,video,video_stage1_aws_512Mb_x86_analysis.json,0,3.3861801624298096,7.771572589874268,2,2,0,0.0,0,0.0,0,6.612675632749285,0.0,0,0,5.3,0,0.0,0,0,0,6.952778100967407,478.4235809540748,17.40883636,17.408836364746094,1.27272629737854,"null, null, null, psutil",512,0,0.7274878025054932,5.2282960414886475,2,2,0,0.0,0,0.0,0,0.8743131501334054,0.0,0,0,0.0,0,0.0,0,0,0,3.6810615062713623,291.03857610225685,13.37284184,13.372841835021973,0.6621148586273193,False,,220,type:lambda-function|arch:x86_64|lambda:True|mem:512,False,,stage1,0,18.278892278671265,66.12675632749286,20.0,20.0,0,0.0,0,0.0,0,124.55377088274274,7,0.0,0,0,21.628571428571426,0,0.0,0,0,0,49.68388305391584,3692.523047263282,155.84291590285716,155.8429159096309,8.743131501334053,10
x86,0,1.7272711538133168,5.544069292999449,2.0,2.0,0,0.0,0,0.0,0,11.69750704084124,0.0,0,0,2.0559523809523808,0,0.0,0,0,0,5.359747015294575,336.48678600677425,14.747826772380952,14.747826772076744,0.793690732547215,,type:lambda-function|arch:x86_64|lambda:True|mem:512,aws,0.554517810685805,0.04740478537433102,4,x86_64,Intel(R) Xeon(R) Processor @ 2.50GHz,False,,video,video_stage1_aws_512Mb_x86_analysis.json,0,3.031121015548706,7.056840658187866,2,2,0,0.0,0,0.0,0,5.544069292999449,0.0,0,0,3.8,0,0.0,0,0,0,21.751204252243042,452.1401101112366,30.25201201,30.252012014389038,1.0881671905517578,"null, null, null, psutil",512,0,0.7364516258239746,4.425879001617432,2,2,0,0.0,0,0.0,0,0.793690732547215,0.0,0,0,0.0,0,0.0,0,0,0,3.659351110458374,258.5762216949463,12.37200952,12.372009515762329,0.5837132930755615,False,,220,type:lambda-function|arch:x86_64|lambda:True|mem:512,False,,stage1,0,20.7272538457598,66.52883151599339,24.0,24.0,0,0.0,0,0.0,0,140.37008449009488,7,0.0,0,0,24.67142857142857,0,0.0,0,0,0,64.3169641835349,4037.841432081291,176.97392126857142,176.97392126492093,9.52428879056658,12
x86,0,1.9084974341094494,4.22388076223433,2.0,2.0,0,0.0,0,0.0,0,9.963624484837055,0.0,0,0,2.32890625,0,0.0,0,0,0,5.0319135300815105,309.2613577729463,13.11653456859375,13.116534568369389,0.7078301925212145,,type:lambda-function|arch:x86_64|lambda:True|mem:512,aws,0.5632967384515704,0.05653532399869268,4,x86_64,Intel(R) Xeon(R) Processor @ 2.50GHz,False,,video,video_stage1_aws_512Mb_x86_analysis.json,0,3.2199957370758057,5.570563077926636,2,2,0,0.0,0,0.0,0,5.0319135300815105,0.0,0,0,5.5,0,0.0,0,0,0,14.391605854034424,404.97365737438196,22.18935561,22.189355611801147,1.0475776195526123,"null, null, null, psutil",512,0,0.7200779914855957,3.3655354976654053,2,2,0,0.0,0,0.0,0,0.7078301925212145,0.0,0,0,0.0,0,0.0,0,0,0,3.6825664043426514,231.878766143322,11.31341529,11.313415288925171,0.5261046886444092,False,,220,type:lambda-function|arch:x86_64|lambda:True|mem:512,False,,stage1,0,30.53595894575119,67.58209219574928,32.0,32.0,0,0.0,0,0.0,0,159.41799175739288,8,0.0,0,0,37.2625,0,0.0,0,0,0,80.51061648130417,4948.181724367141,209.8645530975,209.86455309391022,11.325283080339432,16
x86,0,1.8886431217193604,3.4475102230906485,2.0,2.0,0,0.0,0,0.0,0,8.944839642941952,0.0,0,0,2.133125,0,0.0,0,0,0,4.8483378261327745,278.38756212735177,12.1057233405,12.105723340809345,0.6489915937185288,,type:lambda-function|arch:x86_64|lambda:True|mem:512,aws,0.5746999541892112,0.06424933001931298,4,x86_64,Intel(R) Xeon(R) Processor @ 2.50GHz,False,,video,video_stage1_aws_512Mb_x86_analysis.json,0,3.4148285388946533,4.741501331329346,2,2,0,0.0,0,0.0,0,4.8483378261327745,0.0,0,0,5.4,0,0.0,0,0,0,7.665478467941284,367.8188784098625,14.73104358,14.731043577194214,1.7407846450805664,"null, null, null, psutil",512,0,0.7075061798095703,2.640911340713501,2,2,0,0.0,0,0.0,0,0.6489915937185288,0.0,0,0,0.0,0,0.0,0,0,0,3.6910486221313477,213.68798713684083,10.36613345,10.366133451461792,0.48320555686950684,False,,220,type:lambda-function|arch:x86_64|lambda:True|mem:512,False,,stage1,0,37.77286243438721,68.95020446181297,40.0,40.0,0,0.0,0,0.0,0,178.89679285883904,8,0.0,0,0,42.6625,0,0.0,0,0,0,96.96675652265549,5567.751242547036,242.11446681,242.1144668161869,12.979831874370575,20
x86,0,2.1249211467802525,2.9263797874252,2.0,2.0,0,0.0,0,0.0,0,8.29734438036879,0.0,0,0,2.0656250000000003,0,0.0,0,0,0,4.765767389287551,270.7833715288341,11.459053059479167,11.459053059418997,0.6051972036560377,,type:lambda-function|arch:x86_64|lambda:True|mem:512,aws,0.585393012676537,0.07055185199514621,4,x86_64,Intel(R) Xeon(R) Processor @ 2.50GHz,False,,video,video_stage1_aws_512Mb_x86_analysis.json,0,3.4839320182800293,3.9460816383361816,2,2,0,0.0,0,0.0,0,4.765767389287551,0.0,0,0,8.8,0,0.0,0,0,0,8.25952959060669,396.76496386528015,15.13318706,15.133187055587769,0.9617772102355957,"null, null, null, psutil",512,0,0.6667194366455078,1.782555103302002,2,2,0,0.0,0,0.0,0,0.6051972036560377,0.0,0,0,0.0,0,0.0,0,0,0,3.726916790008545,180.4811002635956,9.34621477,9.346214771270752,0.4702885150909424,False,,220,type:lambda-function|arch:x86_64|lambda:True|mem:512,False,,stage1,0,50.99810752272606,70.2331148982048,48.0,48.0,0,0.0,0,0.0,0,199.13626512885094,8,0.0,0,0,49.575,0,0.0,0,0,0,114.37841734290123,6498.800916692018,275.0172734275,275.0172734260559,14.524732887744904,24
x86,0,2.8377493364470348,2.551493382879666,2.0,2.0,0,0.0,0,0.0,0,7.570416285523346,0.0,0,0,2.070089285714286,0,0.0,0,0,0,4.439104615577629,257.37924208500556,10.9024811715625,10.902481171701636,0.579818287066051,,type:lambda-function|arch:x86_64|lambda:True|mem:512,aws,0.5954675256964564,0.0786571706545582,4,x86_64,Intel(R) Xeon(R) Processor @ 2.50GHz,False,,video,video_stage1_aws_512Mb_x86_analysis.json,0,3.8818788528442383,3.7788772583007812,2,2,0,0.0,0,0.0,0,4.439104615577629,0.0,0,0,8.3,0,0.0,0,0,0,8.048077821731567,354.65210447311404,14.38895249,14.388952493667603,0.8199012279510498,"null, null, null, psutil",512,0,0.7155261039733887,1.6938562393188477,2,2,0,0.0,0,0.0,0,0.579818287066051,0.0,0,0,0.0,0,0.0,0,0,0,3.5791244506835938,187.21975625514983,9.34623408,9.34623408317566,0.43807053565979004,False,,220,type:lambda-function|arch:x86_64|lambda:True|mem:512,False,,stage1,0,79.45698142051697,71.44181472063065,56.0,56.0,0,0.0,0,0.0,0,211.9716559946537,8,0.0,0,0,57.962500000000006,0,0.0,0,0,0,124.29492923617362,7206.618778380156,305.26947280375,305.2694728076458,16.234912037849426,28
x86,0,0.3454365332921346,5.900859832763672e-06,8.0,4.0,0,0.0,0,0.0,0,0.0004965861638387045,8.708333333333334,0,0,57.050000000000004,0,29.210562083333333,0,0,0,0.00037479400634765625,321.2152237905562,3.2617334133333333,3.2617334127426147,0.0001158912976582845,,type:unknown|arch:Unknown|lambda:False|mem:unknown,NA,7.869386672973634e-07,0.0015846971273105546,4,x86_64,Intel(R) Core(TM) i7-10510U CPU @ 1.80GHz,False,,video,video_stage0_local_2048_x86_analysis.json,0,0.7134206295013428,8.58306884765625e-06,8,4,0,0.0,0,0.0,0,0.00037479400634765625,18.14,0,0,75.9,0,58.968234,0,0,0,0.0005259513854980469,354.884981893301,3.37752962,3.3775296211242676,0.00017213821411132812,"perf, rapl, null, psutil",2048,0,0.22710537910461426,4.291534423828125e-06,8,4,0,0.0,0,0.0,0,5.900859832763672e-06,4.85,0,0,50.6,0,17.516315,0,0,0,0.00028586387634277344,222.2234802556038,2.34295559,2.3429555892944336,8.797645568847656e-05,False,,220,type:unknown|arch:Unknown|lambda:False|mem:unknown,False,,stage0,0,1.3817461331685383,2.3603439331054688e-05,32.0,16.0,0,0.0,0,0.0,0,0.001986344655354818,12,34.833333333333336,0,0,228.20000000000002,0,116.84224833333333,0,0,0,0.001499176025390625,1284.8608951622248,13.046933653333333,13.046933650970459,0.000463565190633138,4
x86,0,0.34451289971669513,6.179014841715495e-06,8.0,4.0,0,0.0,0,0.0,0,0.0005288322766621908,6.8566666666666665,0,0,58.26666666666667,0,23.6067165,0,0,0,0.0003992716471354167,342.0407670427859,3.251128195833333,3.2511281967163086,0.0001233816146850586,,type:unknown|arch:Unknown|lambda:False|mem:unknown,NA,1.0300417741139732e-06,0.0019477664650411394,4,x86_64,Intel(R) Core(TM) i7-10510U CPU @ 1.80GHz,False,,video,video_stage0_local_2048_x86_analysis.json,0,0.6202208995819092,1.1205673217773438e-05,8,4,0,0.0,0,0.0,0,0.0003992716471354167,9.87,0,0,91.9,0,33.108192,0,0,0,0.0006601810455322266,500.4590197610855,3.38010955,3.3801095485687256,0.00021338462829589844,"perf, rapl, null, psutil",2048,0,0.2164156436920166,4.291534423828125e-06,8,4,0,0.0,0,0.0,0,6.179014841715495e-06,5.61,0,0,49.4,0,19.939645,0,0,0,0.0002923011779785156,251.59820966362955,2.3659234,2.3659234046936035,8.630752563476562e-05,False,,220,type:unknown|arch:Unknown|lambda:False|mem:unknown,False,,stage0,0,1.7225644985834756,3.0895074208577476e-05,40.0,20.0,0,0.0,0,0.0,0,0.002644161383310954,12,34.28333333333333,0,0,291.33333333333337,0,118.03358250000001,0,0,0,0.0019963582356770835,1710.2038352139293,16.255640979166664,16.255640983581543,0.000616908073425293,5
x86,0,0.36923760175704956,5.880991617838542e-06,8.0,4.0,0,0.0,0,0.0,0,0.000516057014465332,6.859999999999999,0,0,60.00833333333333,0,23.278881,0,0,0,0.0003912051518758138,342.38134440124037,3.3420867133333334,3.3420867125193277,0.00011897087097167969,,type:unknown|arch:Unknown|lambda:False|mem:unknown,NA,1.176433563232422e-06,0.0022796581196581197,4,x86_64,Intel(R) Core(TM) i7-10510U CPU @ 1.80GHz,False,,video,video_stage0_local_2048_x86_analysis.json,0,1.0717377662658691,1.1682510375976562e-05,8,4,0,0.0,0,0.0,0,0.0003912051518758138,8.83,0,0,96.6,0,26.560966,0,0,0,0.0007293224334716797,505.6501214981079,3.38001418,3.380014181137085,0.00023794174194335938,"perf, rapl, null, psutil",2048,0,0.21999406814575195,4.291534423828125e-06,8,4,0,0.0,0,0.0,0,5.880991617838542e-06,5.76,0,0,48.8,0,19.926707,0,0,0,0.00028443336486816406,314.0797661793232,3.32203579,3.322035789489746,8.7738037109375e-05,False,,220,type:unknown|arch:Unknown|lambda:False|mem:unknown,False,,stage0,0,2.2154256105422974,3.528594970703125e-05,48.0,24.0,0,0.0,0,0.0,0,0.003096342086791992,12,41.16,0,0,360.05,0,139.673286,0,0,0,0.002347230911254883,2054.2880664074423,20.05252028,20.052520275115967,0.0007138252258300781,6
x86,0,0.38606250286102295,6.536642710367839e-06,8.0,4.0,0,0.0,0,0.0,0,0.0005187590916951498,7.256666666666667,0,0,59.25833333333333,0,24.338545333333332,0,0,0,0.00038941701253255207,350.048326006184,3.344877123333333,3.3448771238327026,0.00012280543645222983,,type:unknown|arch:Unknown|lambda:False|mem:unknown,NA,1.5255216757456465e-06,0.002940713136729223,4,x86_64,Intel(R) Core(TM) i7-10510U CPU @ 1.80GHz,False,,video,video_stage0_local_2048_x86_analysis.json,0,0.8892834186553955,1.2636184692382812e-05,8,4,0,0.0,0,0.0,0,0.00038941701253255207,15.85,0,0,100.0,0,50.546683,0,0,0,0.0007879734039306641,473.148780463934,3.394696,3.394695997238159,0.0002791881561279297,"perf, rapl, null, psutil",2048,0,0.21607065200805664,4.5299530029296875e-06,8,4,0,0.0,0,0.0,0,6.536642710367839e-06,5.13,0,0,50.0,0,17.869461,0,0,0,0.0002994537353515625,314.29426849246033,3.27464986,3.2746498584747314,9.322166442871094e-05,False,,220,type:unknown|arch:Unknown|lambda:False|mem:unknown,False,,stage0,0,2.7024375200271606,4.5756498972574874e-05,56.0,28.0,0,0.0,0,0.0,0,0.0036313136418660483,12,50.79666666666667,0,0,414.80833333333334,0,170.36981733333332,0,0,0,0.0027259190877278643,2450.338282043288,23.414139863333332,23.41413986682892,0.0008596380551656088,7
x86,0,0.3852921724319458,6.397565205891927e-06,8.0,4.0,0,0.0,0,0.0,0,0.0005451242129007975,7.3808333333333325,0,0,57.43333333333334,0,25.2561505,0,0,0,0.00041629870732625324,347.57022863939403,3.2197744833333335,3.2197744846343994,0.00012242794036865234,,type:unknown|arch:Unknown|lambda:False|mem:unknown,NA,1.7063585917154948e-06,0.003130219776214601,4,x86_64,Intel(R) Core(TM) i7-10510U CPU @ 1.80GHz,False,,video,video_stage0_local_2048_x86_analysis.json,0,0.7383968830108643,1.8596649169921875e-05,8,4,0,0.0,0,0.0,0,0.00041629870732625324,9.63,0,0,100.0,0,34.177095,0,0,0,0.0011522769927978516,551.9591690862179,3.37394929,3.3739492893218994,0.00030684471130371094,"perf, rapl, null, psutil",2048,0,0.21696019172668457,4.291534423828125e-06,8,4,0,0.0,0,0.0,0,6.397565205891927e-06,5.59,0,0,47.1,0,19.279124,0,0,0,0.00028514862060546875,221.73156226158142,2.30107474,2.301074743270874,8.821487426757812e-05,False,,220,type:unknown|arch:Unknown|lambda:False|mem:unknown,False,,stage0,0,3.0823373794555664,5.1180521647135414e-05,64.0,32.0,0,0.0,0,0.0,0,0.00436099370320638,12,59.04666666666666,0,0,459.4666666666667,0,202.049204,0,0,0,0.003330389658610026,2780.5618291151522,25.758195866666668,25.758195877075195,0.0009794235229492188,8
x86,0,0.3994787335395813,6.318092346191406e-06,8.0,4.0,0,0.0,0,0.0,0,0.0005441904067993164,7.058333333333334,0,0,58.43333333333334,0,24.106836333333334,0,0,0,0.0004037817319234212,342.59627702146764,3.1691650925,3.169165094693502,0.00013409058252970377,,type:unknown|arch:Unknown|lambda:False|mem:unknown,NA,1.8958067893981937e-06,0.00348371960569551,4,x86_64,Intel(R) Core(TM) i7-10510U CPU @ 1.80GHz,False,,video,video_stage0_local_2048_x86_analysis.json,0,0.7593748569488525,1.2874603271484375e-05,8,4,0,0.0,0,0.0,0,0.0004037817319234212,12.07,0,0,98.0,0,37.898707,0,0,0,0.0008258819580078125,525.0930268871784,3.36548567,3.365485668182373,0.0003719329833984375,"perf, rapl, null, psutil",2048,0,0.2167212963104248,4.291534423828125e-06,8,4,0,0.0,0,0.0,0,6.318092346191406e-06,5.49,0,0,50.0,0,19.039259,0,0,0,0.00029397010803222656,232.54110935509203,2.33668613,2.336686134338379,8.702278137207031e-05,False,,220,type:unknown|arch:Unknown|lambda:False|mem:unknown,False,,stage0,0,3.5953086018562317,5.6862831115722656e-05,72.0,36.0,0,0.0,0,0.0,0,0.004897713661193848,12,63.525000000000006,0,0,525.9000000000001,0,216.961527,0,0,0,0.003634035587310791,3083.366493193209,28.522485832500003,28.522485852241516,0.001206815242767334,9
x86,0,0.35292333364486694,6.377696990966797e-06,8.0,4.0,0,0.0,0,0.0,0,0.000511010487874349,8.115,0,0,59.550000000000004,0,27.47837391666667,0,0,0,0.000380853811899821,354.073497209549,3.3340597350000003,3.334059735139211,0.0001237789789835612,,type:unknown|arch:Unknown|lambda:False|mem:unknown,NA,2.1263241767883305e-06,0.004161018662519441,4,x86_64,Intel(R) Core(TM) i7-10510U CPU @ 1.80GHz,False,,video,video_stage0_local_2048_x86_analysis.json,0,0.7976245880126953,1.1682510375976562e-05,8,4,0,0.0,0,0.0,0,0.000380853811899821,15.2,0,0,88.0,0,49.275141,0,0,0,0.0007872581481933594,548.1344564080239,3.35954189,3.359541893005371,0.00026297569274902344,"perf, rapl, null, psutil",2048,0,0.20522713661193848,4.291534423828125e-06,8,4,0,0.0,0,0.0,0,6.377696990966797e-06,5.4,0,0,48.5,0,18.961072,0,0,0,0.00027561187744140625,303.07973692417147,3.27283406,3.272834062576294,8.535385131835938e-05,False,,220,type:unknown|arch:Unknown|lambda:False|mem:unknown,False,,stage0,0,3.5292333364486694,6.377696990966797e-05,80.0,40.0,0,0.0,0,0.0,0,0.00511010487874349,12,81.15,0,0,595.5,0,274.7837391666667,0,0,0,0.00380853811899821,3540.73497209549,33.34059735,33.34059735139211,0.0012377897898356118,10
x86,0,0.4136025309562683,6.059805552164714e-06,8.0,4.0,0,0.0,0,0.0,0,0.0005270441373189291,7.140833333333333,0,0,58.708333333333336,0,24.384092499999998,0,0,0,0.00039891401926676434,313.6964598763485,3.102331399166667,3.1023313999176025,0.0001220703125,,type:unknown|arch:Unknown|lambda:False|mem:unknown,NA,2.424407005310059e-06,0.004600007539488069,4,x86_64,Intel(R) Core(TM) i7-10510U CPU @ 1.80GHz,False,,video,video_stage0_local_2048_x86_analysis.json,0,0.7334251403808594,9.298324584960938e-06,8,4,0,0.0,0,0.0,0,0.00039891401926676434,10.87,0,0,80.8,0,36.487457,0,0,0,0.0006761550903320312,355.0257990288735,3.37417698,3.3741769790649414,0.0001933574676513672,"perf, rapl, null, psutil",2048,0,0.20950984954833984,4.5299530029296875e-06,8,4,0,0.0,0,0.0,0,6.059805552164714e-06,5.41,0,0,47.4,0,18.923537,0,0,0,0.00028824806213378906,226.31005919337267,2.34377456,2.3437745571136475,8.893013000488281e-05,False,,220,type:unknown|arch:Unknown|lambda:False|mem:unknown,False,,stage0,0,4.96323037147522,7.271766662597656e-05,96.0,48.0,0,0.0,0,0.0,0,0.0063245296478271484,12,85.69,0,0,704.5,0,292.60911,0,0,0,0.004786968231201172,3764.357518516182,37.22797679,37.22797679901123,0.00146484375,12
x86,0,0.39166104793548584,6.4373016357421875e-06,8.0,4.0,0,0.0,0,0.0,0,0.0005427201588948568,8.381666666666666,0,0,57.34166666666667,0,28.049702416666666,0,0,0,0.00040221214294433594,345.9307351623972,3.3480216666666665,3.348021666208903,0.00013407071431477865,,type:unknown|arch:Unknown|lambda:False|mem:unknown,NA,3.433914184570313e-06,0.006327227998242788,4,x86_64,Intel(R) Core(TM) i7-10510U CPU @ 1.80GHz,False,,video,video_stage0_local_2048_x86_analysis.json,0,0.8380906581878662,9.775161743164062e-06,8,4,0,0.0,0,0.0,0,0.00040221214294433594,17.49,0,0,82.7,0,54.007187,0,0,0,0.0006349086761474609,381.4504291129112,3.38033414,3.3803341388702393,0.00021576881408691406,"perf, rapl, null, psutil",2048,0,0.22425532341003418,3.814697265625e-06,8,4,0,0.0,0,0.0,0,6.4373016357421875e-06,5.03,0,0,49.0,0,17.610551,0,0,0,0.0002486705780029297,312.6244005137682,3.32585931,3.325859308242798,7.677078247070312e-05,False,,220,type:unknown|arch:Unknown|lambda:False|mem:unknown,False,,stage0,0,6.266576766967773,0.000102996826171875,128.0,64.0,0,0.0,0,0.0,0,0.008683522542317709,12,134.10666666666665,0,0,917.4666666666667,0,448.79523866666665,0,0,0,0.006435394287109375,5534.891762598355,53.56834666666666,53.568346659342446,0.0021451314290364585,16
x86,0,0.3550209005673726,6.059805552164714e-06,8.0,4.0,0,0.0,0,0.0,0,0.0005063414573669434,7.716666666666668,0,0,54.949999999999996,0,25.795277333333335,0,0,0,0.00038097302118937176,344.9029095761478,3.350817184166667,3.3508171836535134,0.0001193086306254069,,type:unknown|arch:Unknown|lambda:False|mem:unknown,NA,4.0406783421834315e-06,0.00798014518344124,4,x86_64,Intel(R) Core(TM) i7-10510U CPU @ 1.80GHz,False,,video,video_stage0_local_2048_x86_analysis.json,0,0.7060930728912354,1.0251998901367188e-05,8,4,0,0.0,0,0.0,0,0.00038097302118937176,17.67,0,0,73.7,0,53.895004,0,0,0,0.0006153583526611328,390.61901673674583,3.37997031,3.3799703121185303,0.00020432472229003906,"perf, rapl, null, psutil",2048,0,0.20947575569152832,4.5299530029296875e-06,8,4,0,0.0,0,0.0,0,6.059805552164714e-06,5.83,0,0,47.4,0,20.250498,0,0,0,0.00028705596923828125,323.1638172984123,3.32604146,3.3260414600372314,9.250640869140625e-05,False,,220,type:unknown|arch:Unknown|lambda:False|mem:unknown,False,,stage0,0,7.100418011347452,0.00012119611104329428,160.0,80.0,0,0.0,0,0.0,0,0.010126829147338867,12,154.33333333333334,0,0,1099.0,0,515.9055466666667,0,0,0,0.0076194604237874355,6898.058191522956,67.01634368333333,67.01634367307027,0.002386172612508138,20
x86,0,0.3341555595397949,6.4373016357421875e-06,8.0,4.0,0,0.0,0,0.0,0,0.0005136529604593912,10.583333333333334,0,0,61.199999999999996,0,34.21227941666667,0,0,0,0.0003898938496907552,329.9437661094467,3.2648039066666663,3.2648039062817893,0.00011732180913289388,,type:unknown|arch:Unknown|lambda:False|mem:unknown,NA,5.15087127685547e-06,0.010027920937608792,4,x86_64,Intel(R) Core(TM) i7-10510U CPU @ 1.80GHz,False,,video,video_stage0_local_2048_x86_analysis.json,0,0.731604814529419,1.0251998901367188e-05,8,4,0,0.0,0,0.0,0,0.0003898938496907552,23.44,0,0,100.0,0,75.544545,0,0,0,0.0005862712860107422,375.16346520304677,3.37396383,3.3739638328552246,0.0001983642578125,"perf, rapl, null, psutil",2048,0,0.20622992515563965,3.814697265625e-06,8,4,0,0.0,0,0.0,0,6.4373016357421875e-06,5.94,0,0,47.1,0,20.2082,0,0,0,0.00027942657470703125,255.3214164984226,2.36726546,2.367265462875366,7.677078247070312e-05,False,,220,type:unknown|arch:Unknown|lambda:False|mem:unknown,False,,stage0,0,8.019733428955078,0.0001544952392578125,192.0,96.0,0,0.0,0,0.0,0,0.01232767105102539,12,254.0,0,0,1468.8,0,821.0947060000001,0,0,0,0.009357452392578125,7918.650386626721,78.35529376,78.35529375076294,0.002815723419189453,24
x86,0,0.3536810676256816,6.059805552164714e-06,8.0,4.0,0,0.0,0,0.0,0,0.0005108118057250977,9.108333333333333,0,0,61.39166666666667,0,30.532539666666665,0,0,0,0.000390926996866862,345.234952728649,3.1773571766666664,3.1773571769396463,0.00011382500330607097,,type:unknown|arch:Unknown|lambda:False|mem:unknown,NA,5.656949679056805e-06,0.011074430182808249,4,x86_64,Intel(R) Core(TM) i7-10510U CPU @ 1.80GHz,False,,video,video_stage0_local_2048_x86_analysis.json,0,0.6638889312744141,1.3589859008789062e-05,8,4,0,0.0,0,0.0,0,0.000390926996866862,20.43,0,0,96.2,0,65.728105,0,0,0,0.0009584426879882812,646.9159919428824,3.38575387,3.385753870010376,0.0002529621124267578,"perf, rapl, null, psutil",2048,0,0.21391797065734863,3.5762786865234375e-06,8,4,0,0.0,0,0.0,0,6.059805552164714e-06,5.45,0,0,49.0,0,17.910903,0,0,0,0.0002484321594238281,229.01152922391893,2.34516811,2.345168113708496,7.653236389160156e-05,False,,220,type:unknown|arch:Unknown|lambda:False|mem:unknown,False,,stage0,0,9.903069893519085,0.000169674555460612,224.0,112.0,0,0.0,0,0.0,0,0.014302730560302734,12,255.0333333333333,0,0,1718.966666666667,0,854.9111106666667,0,0,0,0.010945955912272137,9666.578676402172,88.96600094666665,88.96600095431009,0.0031871000925699873,28
x86,0,0.8686166703701019,42.15748178958893,2.0,2.0,0,0.0,0,0.0,0,51.320927917957306,0.0,0,0,3.0999999999999996,0,0.0,0,0,0,1.6458778381347656,4225.96045624733,53.427141785,53.42714178562164,7.517568290233612,,type:lambda-function|arch:x86_64|lambda:True|mem:2048,aws,5.62212177145958,0.10954832657054096,4,x86_64,Intel(R) Xeon(R) Processor @ 2.90GHz,False,,video,video_stage0_aws_2048Mb_x86_analysis.json,0,1.0430779457092285,47.2496337890625,2,2,0,0.0,0,0.0,0,42.15748178958893,0.0,0,0,5.6,0,0.0,0,0,0,1.9976754188537598,5330.646488704681,58.74273181,58.74273180961609,7.970888137817383,"null, null, null, psutil",2048,0,0.694951057434082,36.5176362991333,2,2,0,0.0,0,0.0,0,1.6458778381347656,0.0,0,0,0.0,0,0.0,0,0,0,1.4502019882202148,3534.820621061325,48.51471615,48.514716148376465,6.792950391769409,False,,220,type:lambda-function|arch:x86_64|lambda:True|mem:2048,False,,stage0,0,3.4744666814804077,168.6299271583557,8.0,8.0,0,0.0,0,0.0,0,205.28371167182922,8,0.0,0,0,12.399999999999999,0,0.0,0,0,0,6.5835113525390625,16903.84182498932,213.70856714,213.70856714248657,30.07027316093445,4
x86,0,0.9649770259857178,38.87210550904274,2.0,2.0,0,0.0,0,0.0,0,47.73657387495041,0.0,0,0,2.8625,0,0.0,0,0,0,1.7208814918994904,4583.879191367924,49.79586690625,49.795866906642914,7.143586874008179,,type:lambda-function|arch:x86_64|lambda:True|mem:2048,aws,6.4799799883574245,0.13574455521948905,4,x86_64,Intel(R) Xeon(R) Processor @ 2.50GHz,False,,video,video_stage0_aws_2048Mb_x86_analysis.json,0,1.220794916152954,48.06664228439331,2,2,0,0.0,0,0.0,0,38.87210550904274,0.0,0,0,5.7,0,0.0,0,0,0,1.9506809711456299,4905.509442272187,59.24295306,59.242953062057495,7.518357753753662,"null, null, null, psutil",2048,0,0.6922435760498047,34.999507188797,2,2,0,0.0,0,0.0,0,1.7208814918994904,0.0,0,0,0.0,0,0.0,0,0,0,1.4870119094848633,3923.9060775375365,46.01990175,46.019901752471924,6.709039688110352,False,,220,type:lambda-function|arch:x86_64|lambda:True|mem:2048,False,,stage0,0,4.824885129928589,194.3605275452137,10.0,10.0,0,0.0,0,0.0,0,238.68286937475204,8,0.0,0,0,14.3125,0,0.0,0,0,0,8.604407459497452,22919.39595683962,248.97933453125,248.97933453321457,35.717934370040894,5
x86,0,0.9446159601211548,40.645578026771545,2.0,2.0,0,0.0,0,0.0,0,49.3327334523201,0.0,0,0,2.1875,0,0.0,0,0,0,1.5779702365398407,4261.68606692493,51.2611743525,51.261174350976944,7.109185189008713,,type:lambda-function|arch:x86_64|lambda:True|mem:2048,aws,8.13074142847538,0.16481433035397705,4,x86_64,Intel(R) Xeon(R) Processor @ 2.50GHz,False,,video,video_stage0_aws_2048Mb_x86_analysis.json,0,1.066868543624878,46.038846254348755,2,2,0,0.0,0,0.0,0,40.645578026771545,0.0,0,0,5.7,0,0.0,0,0,0,1.755213975906372,4636.940364646912,57.3982482,57.39824819564819,7.654334783554077,"null, null, null, psutil",2048,0,0.7817697525024414,35.43232822418213,2,2,0,0.0,0,0.0,0,1.5779702365398407,0.0,0,0,0.0,0,0.0,0,0,0,1.418029546737671,3604.877939510345,46.00488472,46.00488471984863,6.347971439361572,False,,220,type:lambda-function|arch:x86_64|lambda:True|mem:2048,False,,stage0,0,5.667695760726929,243.87346816062927,12.0,12.0,0,0.0,0,0.0,0,295.9964007139206,8,0.0,0,0,13.125,0,0.0,0,0,0,9.467821419239044,25570.11640154958,307.567046115,307.56704610586166,42.65511113405228,6
x86,0,0.9550794363021851,44.01278659701347,2.0,2.0,0,0.0,0,0.0,0,52.77406549453735,0.0,0,0,3.1,0,0.0,0,0,0,1.6014844179153442,4200.726191658676,54.914283425,54.91428342461586,7.159794479608536,,type:lambda-function|arch:x86_64|lambda:True|mem:2048,aws,10.271704136011007,0.19463545284519024,4,x86_64,Intel(R) Xeon(R) Processor @ 2.90GHz,False,,video,video_stage0_aws_2048Mb_x86_analysis.json,0,1.1580867767333984,48.20329141616821,2,2,0,0.0,0,0.0,0,44.01278659701347,0.0,0,0,5.7,0,0.0,0,0,0,1.9048974514007568,5051.454403533936,59.86787486,59.86787486076355,7.726778984069824,"null, null, null, psutil",2048,0,0.7888634204864502,36.219016551971436,2,2,0,0.0,0,0.0,0,1.6014844179153442,0.0,0,0,0.0,0,0.0,0,0,0,1.2173676490783691,3607.322649478912,46.59238172,46.592381715774536,6.903677463531494,False,,220,type:lambda-function|arch:x86_64|lambda:True|mem:2048,False,,stage0,0,6.685556054115295,308.0895061790943,14.0,14.0,0,0.0,0,0.0,0,369.4184584617615,8,0.0,0,0,21.7,0,0.0,0,0,0,11.21039092540741,29405.08334161073,384.399983975,384.399983972311,50.11856135725975,7
x86,0,0.9587331116199493,41.030883967876434,2.0,2.0,0,0.0,0,0.0,0,49.84993574023247,0.0,0,0,2.6625,0,0.0,0,0,0,1.6134557723999023,4383.606456350088,51.848174185,51.848174184560776,7.205595999956131,,type:lambda-function|arch:x86_64|lambda:True|mem:2048,aws,10.943757371912003,0.21953403167738905,4,x86_64,Intel(R) Xeon(R) Processor @ 2.50GHz,False,,video,video_stage0_aws_2048Mb_x86_analysis.json,0,1.2228002548217773,47.48379349708557,2,2,0,0.0,0,0.0,0,41.030883967876434,0.0,0,0,5.6,0,0.0,0,0,0,2.1530516147613525,5071.660778284072,57.85188341,57.85188341140747,8.171835899353027,"null, null, null, psutil",2048,0,0.7620878219604492,35.612009048461914,2,2,0,0.0,0,0.0,0,1.6134557723999023,0.0,0,0,1.9,0,0.0,0,0,0,1.3156118392944336,3546.8476570081707,46.61420369,46.614203691482544,6.275874137878418,False,,220,type:lambda-function|arch:x86_64|lambda:True|mem:2048,False,,stage0,0,7.669864892959595,328.2470717430115,16.0,16.0,0,0.0,0,0.0,0,398.79948592185974,8,0.0,0,0,21.3,0,0.0,0,0,0,12.907646179199219,35068.8516508007,414.78539348,414.7853934764862,57.64476799964905,8
x86,0,0.9207696318626404,41.165538519620895,2.0,2.0,0,0.0,0,0.0,0,49.90442904829979,0.0,0,0,2.625,0,0.0,0,0,0,1.6808896660804749,4384.333355283141,51.8771487175,51.87714871764183,7.058000862598419,,type:lambda-function|arch:x86_64|lambda:True|mem:2048,aws,12.352131488197447,0.24751573605305632,4,x86_64,Intel(R) Xeon(R) Processor @ 2.50GHz,False,,video,video_stage0_aws_2048Mb_x86_analysis.json,0,1.0750586986541748,47.66355919837952,2,2,0,0.0,0,0.0,0,41.165538519620895,0.0,0,0,5.5,0,0.0,0,0,0,2.5182852745056152,5227.284423732757,59.72377324,59.72377324104309,8.059866666793823,"null, null, null, psutil",2048,0,0.8124349117279053,35.708192110061646,2,2,0,0.0,0,0.0,0,1.6808896660804749,0.0,0,0,0.0,0,0.0,0,0,0,1.3417763710021973,3628.8382297992707,46.02822948,46.02822947502136,5.81510591506958,False,,220,type:lambda-function|arch:x86_64|lambda:True|mem:2048,False,,stage0,0,8.286926686763763,370.48984667658806,18.0,18.0,0,0.0,0,0.0,0,449.1398614346981,8,0.0,0,0,23.625,0,0.0,0,0,0,15.128006994724274,39459.00019754827,466.8943384575,466.8943384587765,63.52200776338577,9
x86,0,0.9525107443332672,40.40676525235176,2.0,2.0,0,0.0,0,0.0,0,49.28459516167641,0.0,0,0,2.45,0,0.0,0,0,0,1.8291071653366089,4318.850403213202,51.393876045,51.39387604594231,7.048722743988037,,type:lambda-function|arch:x86_64|lambda:True|mem:2048,aws,13.47161553513408,0.2733433335698693,4,x86_64,Intel(R) Xeon(R) Processor @ 2.50GHz,False,,video,video_stage0_aws_2048Mb_x86_analysis.json,0,1.1082141399383545,44.91023063659668,2,2,0,0.0,0,0.0,0,40.40676525235176,0.0,0,0,3.8,0,0.0,0,0,0,2.9731991291046143,4974.312170782089,55.84801579,55.848015785217285,7.772251129150391,"null, null, null, psutil",2048,0,0.7926352024078369,36.48355507850647,2,2,0,0.0,0,0.0,0,1.8291071653366089,0.0,0,0,2.0,0,0.0,0,0,0,1.5083775520324707,3637.4751722574233,47.01352,47.01352000236511,6.521565198898315,False,,220,type:lambda-function|arch:x86_64|lambda:True|mem:2048,False,,stage0,0,9.525107443332672,404.0676525235176,20.0,20.0,0,0.0,0,0.0,0,492.84595161676407,8,0.0,0,0,24.5,0,0.0,0,0,0,18.29107165336609,43188.50403213203,513.93876045,513.9387604594231,70.48722743988037,10
x86,0,1.1416010591718886,38.81668236520555,2.6666666666666665,2.2222222222222223,0,0.0,0,0.0,0,47.92843582895067,0.0,0,0,2.1888888888888887,0,0.0,0,0,0,1.8140944374932184,4547.7149273769055,49.349937252222226,44.683270586861504,7.297659026251899,,type:lambda-function|arch:x86_64|lambda:True|mem:2048,aws,15.529778280671438,0.3240201356892778,4,x86_64,Intel(R) Xeon(R) Processor @ 2.50GHz,False,,video,video_stage0_aws_2048Mb_x86_analysis.json,0,2.1621298789978027,45.6513237953186,8,4,0,0.0,0,0.0,0,38.81668236520555,0.0,0,0,3.8,0,0.0,0,0,0,2.738812208175659,5281.5351231098175,57.68211579,57.68211579322815,8.505645751953125,"null, null, null, psutil",2048,0,0.7288219928741455,35.466796875,2,2,0,0.0,0,0.0,0,1.8140944374932184,0.0,0,0,1.9,0,0.0,0,0,0,1.3293018341064453,3591.6471293640143,45.52064347,4.347073078155518,6.324301242828369,False,,220,type:lambda-function|arch:x86_64|lambda:True|mem:2048,False,,stage0,0,13.699212710062664,465.8001883824666,32.0,26.666666666666668,0,0.0,0,0.0,0,575.141229947408,9,0.0,0,0,26.266666666666666,0,0.0,0,0,0,21.76913324991862,54572.57912852286,592.1992470266667,536.199247042338,87.57190831502278,12
x86,0,0.9299110770225525,38.86286959052086,2.0,2.0,0,0.0,0,0.0,0,47.85841742157936,0.0,0,0,2.875,0,0.0,0,0,0,1.5767398476600647,4594.897932606936,49.95125967375,49.951259672641754,7.4188079833984375,,type:lambda-function|arch:x86_64|lambda:True|mem:2048,aws,20.73100915436745,0.4331737293306284,4,x86_64,Intel(R) Xeon(R) Processor @ 2.50GHz,False,,video,video_stage0_aws_2048Mb_x86_analysis.json,0,1.2923643589019775,45.88124895095825,2,2,0,0.0,0,0.0,0,38.86286959052086,0.0,0,0,3.8,0,0.0,0,0,0,2.0818591117858887,5224.144675822258,55.79093385,55.79093384742737,8.175097703933716,"null, null, null, psutil",2048,0,0.6890077590942383,36.047393560409546,2,2,0,0.0,0,0.0,0,1.5767398476600647,0.0,0,0,1.9,0,0.0,0,0,0,1.240814447402954,3576.8613330268854,47.08275628,47.08275628089905,6.435412883758545,False,,220,type:lambda-function|arch:x86_64|lambda:True|mem:2048,False,,stage0,0,14.87857723236084,621.8059134483337,32.0,32.0,0,0.0,0,0.0,0,765.7346787452698,8,0.0,0,0,46.0,0,0.0,0,0,0,25.227837562561035,73518.36692171097,799.22015478,799.2201547622681,118.700927734375,16
x86,0,0.9584716856479645,36.360018610954285,2.0,2.0,0,0.0,0,0.0,0,45.32350271940231,0.0,0,0,2.9125,0,0.0,0,0,0,1.7725011706352234,4791.111503249109,47.34118217125,47.34118217229843,7.190982937812805,,type:lambda-function|arch:x86_64|lambda:True|mem:2048,aws,24.244860409784316,0.5349290976005139,4,x86_64,Intel(R) Xeon(R) Processor @ 2.50GHz,False,,video,video_stage0_aws_2048Mb_x86_analysis.json,0,1.1586062908172607,36.8493766784668,2,2,0,0.0,0,0.0,0,36.360018610954285,0.0,0,0,5.7,0,0.0,0,0,0,2.236187219619751,4978.021353816986,48.04739809,48.04739809036255,7.354947566986084,"null, null, null, psutil",2048,0,0.8222494125366211,35.230613231658936,2,2,0,0.0,0,0.0,0,1.7725011706352234,0.0,0,0,2.0,0,0.0,0,0,0,1.4110679626464844,4599.4774213814735,45.99937415,45.99937415122986,6.537847280502319,False,,220,type:lambda-function|arch:x86_64|lambda:True|mem:2048,False,,stage0,0,19.16943371295929,727.2003722190857,40.0,40.0,0,0.0,0,0.0,0,906.4700543880463,8,0.0,0,0,58.25,0,0.0,0,0,0,35.45002341270447,95822.23006498217,946.823643425,946.8236434459686,143.8196587562561,20
x86,0,0.9467915296554565,36.64630380272865,2.0,2.0,0,0.0,0,0.0,0,45.73235061764717,0.0,0,0,2.175,0,0.0,0,0,0,1.8413447439670563,4934.204293876588,47.84366202375,47.84366202354431,7.244702070951462,,type:lambda-function|arch:x86_64|lambda:True|mem:2048,aws,29.32290645079136,0.6411852016081644,4,x86_64,Intel(R) Xeon(R) Processor @ 2.50GHz,False,,video,video_stage0_aws_2048Mb_x86_analysis.json,0,1.7170953750610352,39.754666805267334,2,2,0,0.0,0,0.0,0,36.64630380272865,0.0,0,0,3.8,0,0.0,0,0,0,2.295494794845581,6221.891602134703,51.79729939,51.7972993850708,7.950408935546875,"null, null, null, psutil",2048,0,0.6970796585083008,35.35916233062744,2,2,0,0.0,0,0.0,0,1.8413447439670563,0.0,0,0,0.0,0,0.0,0,0,0,1.3187365531921387,4632.418997676373,46.09918284,46.09918284416199,6.449726104736328,False,,220,type:lambda-function|arch:x86_64|lambda:True|mem:2048,False,,stage0,0,22.722996711730957,879.5112912654877,48.0,48.0,0,0.0,0,0.0,0,1097.576414823532,8,0.0,0,0,52.199999999999996,0,0.0,0,0,0,44.19227385520935,118420.90305303811,1148.24788857,1148.2478885650635,173.87284970283508,24
x86,0,0.915740042924881,41.628512024879456,2.0,2.0,0,0.0,0,0.0,0,51.03174978494644,0.0,0,0,3.225,0,0.0,0,0,0,1.8184962272644043,4551.879697694779,53.043544115,53.04354411363602,7.584741532802582,,type:lambda-function|arch:x86_64|lambda:True|mem:2048,aws,38.86104854546547,0.76150727163443,4,x86_64,Intel(R) Xeon(R) Processor @ 2.50GHz,False,,video,video_stage0_aws_2048Mb_x86_analysis.json,0,1.050203800201416,45.89488124847412,2,2,0,0.0,0,0.0,0,41.628512024879456,0.0,0,0,10.3,0,0.0,0,0,0,2.329359531402588,6387.434024643897,57.64388514,57.643885135650635,8.393598079681396,"null, null, null, psutil",2048,0,0.7107043266296387,37.05081129074097,2,2,0,0.0,0,0.0,0,1.8184962272644043,0.0,0,0,0.0,0,0.0,0,0,0,1.5520355701446533,3623.269301147461,47.62405968,47.62405967712402,6.668613433837891,False,,220,type:lambda-function|arch:x86_64|lambda:True|mem:2048,False,,stage0,0,25.640721201896667,1165.5983366966248,56.0,56.0,0,0.0,0,0.0,0,1428.8889939785004,8,0.0,0,0,90.3,0,0.0,0,0,0,50.91789436340332,127452.63153545381,1485.21923522,1485.2192351818085,212.3727629184723,28
NA,0,0.5244600866970263,35.69385689496994,8.0,4.0,110508031414.76315,1436.6044083990548,2394.3406806650914,957.7362722660366,2394.3406806650914,35.695272853499965,404.85013157894736,452.8371052631579,857.6872368421053,92.94736842105263,17.218421052631577,1334.511645618421,0,789.9561501578947,2124.467795776316,0.0009336283332423159,4319.764803653674,40.60370411697369,40.60370411684639,0.00048233019678216234,,type:unknown|arch:Unknown|lambda:False|mem:unknown,NA,4.760132755513191,0.13335470988132408,1,x86_64,Intel(R) Core(TM) i7-10510U CPU @ 1.80GHz,True,ebpf,pi,pi_monte_carlo_pi_stage_analysis.json,0,0.7289767265319824,36.75158953666687,8,4,113184520483,1471.3987662792206,2452.3312771320343,980.9325108528137,2452.3312771320343,35.69385689496994,424.76,490.94,915.7,97.7,20.5,1460.101304,0,891.475623,2351.576927,0.004406929016113281,4877.170644770265,41.9140873,41.91408729553223,0.0007779598236083984,"perf, rapl, ebpf, psutil",2048,0,0.305103063583374,34.496928453445435,8,4,106542398929,1385.0511860847473,2308.418643474579,923.3674573898315,2308.418643474579,0.00048233019678216234,385.41,433.37,818.86,83.6,14.2,1275.168306,0,758.721263,2042.9187820000002,0.0005261898040771484,3971.7767780750987,38.99349475,38.993494749069214,0.0002703666687011719,True,perf,220,type:unknown|arch:Unknown|lambda:False|mem:unknown,True,rapl_direct,monte,0,2.097840346788105,142.77542757987976,32.0,16.0,442032125659.0526,5746.417633596219,9577.362722660366,3830.9450890641465,9577.362722660366,142.78109141399986,19,1619.4005263157894,1811.3484210526317,3430.7489473684213,371.7894736842105,68.8736842105263,5338.046582473684,0,3159.824600631579,8497.871183105264,0.0037345133329692638,17279.059214614696,162.41481646789475,162.41481646738555,0.0019293207871286494,4
NA,0,0.6124640093909369,28.783149263593884,8.0,4.0,89818868779.66667,1167.6452941417695,1946.0754902362823,778.4301960945129,1946.0754902362823,28.7849304066764,340.6251111111111,380.14166666666665,720.7667777777777,96.83222222222221,17.842222222222222,1119.9318973333334,0,664.1497606111111,1784.0816579444445,0.0013342433505588109,3920.7974956403837,34.009105977,34.009105976422624,0.0004468997319539388,,type:unknown|arch:Unknown|lambda:False|mem:unknown,NA,4.7981509822411015,0.1666896850001838,1,x86_64,Intel(R) Core(TM) i7-10510U CPU @ 1.80GHz,True,ebpf,pi,pi_monte_carlo_pi_stage_analysis.json,0,0.8728039264678955,29.72782063484192,8,4,92946985244,1208.3108081817627,2013.8513469696045,805.5405387878418,2013.8513469696045,28.783149263593884,350.24,390.08,740.3199999999999,99.7,21.0,1152.764996,0,696.335558,1835.9516589999998,0.0070455074310302734,4131.005714046955,34.96847916,34.96847915649414,0.0008594989776611328,"perf, rapl, ebpf, psutil",2048,0,0.40175938606262207,28.22365117073059,8,4,88144284725,1145.8757014274597,1909.7928357124329,763.9171342849731,1909.7928357124329,0.0004468997319539388,327.83,366.02,693.8499999999999,91.8,14.3,1076.189445,0,646.100336,1735.210646,0.0005838871002197266,3781.109636850357,32.52773929,32.52773928642273,0.0002684593200683594,True,perf,220,type:unknown|arch:Unknown|lambda:False|mem:unknown,True,rapl_direct,monte,0,3.0623200469546847,143.91574631796942,40.0,20.0,449094343898.3334,5838.226470708847,9730.377451181412,3892.1509804725647,9730.377451181412,143.924652033382,18,1703.1255555555554,1900.7083333333333,3603.833888888889,484.16111111111104,89.21111111111111,5599.659486666667,0,3320.7488030555555,8920.408289722222,0.006671216752794054,19603.987478201918,170.04552988499998,170.04552988211313,0.0022344986597696943,5
NA,0,0.7036102524510136,24.915900965531666,8.0,4.0,78364822195.12962,1018.7426885432667,1697.9044809054446,679.1617923621778,1697.9044809054446,24.917843968779952,302.282037037037,338.33851851851847,640.6205555555556,98.72870370370372,18.387037037037036,995.7452425462964,0,595.2473108055556,1590.9925533518517,0.001537621021270752,3997.8291112772736,30.45190323953704,30.45190323944445,0.00040538222701461227,,type:unknown|arch:Unknown|lambda:False|mem:unknown,NA,4.984176829144955,0.20002440160511986,1,x86_64,Intel(R) Core(TM) i7-10510U CPU @ 1.80GHz,True,ebpf,pi,pi_monte_carlo_pi_stage_analysis.json,0,0.9646186828613281,26.08643913269043,8,4,82025603771,1066.3328490257263,1777.2214150428772,710.8885660171509,1777.2214150428772,24.915900965531666,313.47,351.73,665.2,100.0,21.5,1034.894447,0,616.798164,1651.595381,0.013650178909301758,4357.716906702519,31.46037436,31.460374355316162,0.000705718994140625,"perf, rapl, ebpf, psutil",2048,0,0.4320237636566162,24.447596073150635,8,4,76484849452,994.3030428886414,1657.1717381477356,662.8686952590942,1657.1717381477356,0.00040538222701461227,291.98,326.77,618.75,95.8,14.2,963.243078,0,579.232404,1543.933791,0.0007290840148925781,3872.2413283169276,28.9385159,28.93851590156555,0.0003173351287841797,True,perf,220,type:unknown|arch:Unknown|lambda:False|mem:unknown,True,rapl_direct,monte,0,4.221661514706081,149.49540579319,48.0,24.0,470188933170.7777,6112.4561312596,10187.426885432667,4074.970754173067,10187.426885432667,149.50706381267972,18,1813.692222222222,2030.031111111111,3843.7233333333334,592.3722222222223,110.32222222222222,5974.471455277779,0,3571.4838648333334,9545.95532011111,0.009225726127624512,23986.974667663642,182.71141943722222,182.71141943666672,0.0024322933620876735,6
NA,0,0.7518895240057082,22.76903930542961,8.0,4.0,71839563005.99207,933.9143190838042,1556.5238651396737,622.6095460558695,1556.5238651396737,22.771250107931714,282.7187301587301,316.60515873015873,599.3238888888889,99.68492063492063,18.727777777777778,933.668271515873,0,560.6489931904763,1494.317264706349,0.001779130526951381,4353.687343838731,28.543269019603176,28.54326901927827,0.0004316719751509409,,type:unknown|arch:Unknown|lambda:False|mem:unknown,NA,5.313838393101163,0.23335734173198683,1,x86_64,Intel(R) Core(TM) i7-10510U CPU @ 1.80GHz,True,ebpf,pi,pi_monte_carlo_pi_stage_analysis.json,0,1.038440227508545,23.588183879852295,8,4,74658721446,970.5633788108826,1617.605631351471,647.0422525405884,1617.605631351471,22.76903930542961,293.46,329.7,623.16,100.0,22.1,974.580024,0,580.653299,1551.4267519999999,0.010191917419433594,4728.374294980764,29.51240778,29.512407779693604,0.0008947849273681641,"perf, rapl, ebpf, psutil",2048,0,0.3401978015899658,21.84426474571228,8,4,69339096307,901.4082520008087,1502.3470866680145,600.9388346672058,1502.3470866680145,0.0004316719751509409,268.53,300.72,569.25,97.3,15.5,886.757801,0,539.449668,1426.207469,0.0007278919219970703,4105.370030076503,27.44682741,27.44682741165161,0.00032258033752441406,True,perf,220,type:unknown|arch:Unknown|lambda:False|mem:unknown,True,rapl_direct,monte,0,5.263226668039957,159.3832751380073,56.0,28.0,502876941041.94446,6537.40023358663,10895.667055977716,4358.266822391086,10895.667055977716,159.398750755522,18,1979.031111111111,2216.2361111111113,4195.267222222222,697.7944444444444,131.09444444444443,6535.677900611111,0,3924.542952333334,10460.220852944443,0.012453913688659668,30475.81140687112,199.80288313722224,199.80288313494788,0.0030217038260565866,7
NA,0,0.5709379265705744,21.725622379117542,8.0,4.0,68737100774.47223,893.5823100755612,1489.3038501259352,595.7215400503742,1489.3038501259352,21.72797569135825,301.19993055555557,333.41291666666666,634.6128472222222,99.66805555555555,18.963194444444444,981.0915566736112,0,574.1025630208334,1555.1941196944445,0.0018578320741653442,4655.837734525042,26.858460433958335,26.85846043460899,0.0004954801665412055,,type:unknown|arch:Unknown|lambda:False|mem:unknown,NA,5.794658000958231,0.2666911121068176,1,x86_64,Intel(R) Core(TM) i7-10510U CPU @ 1.80GHz,True,ebpf,pi,pi_monte_carlo_pi_stage_analysis.json,0,0.8281047344207764,22.922972202301025,8,4,72799164533,946.3891389369965,1577.3152315616608,630.9260926246643,1577.3152315616608,21.725622379117542,326.56,359.34,685.9,100.0,22.4,1061.199494,0,608.937162,1669.177979,0.011388540267944336,5075.36160298705,28.44627333,28.44627332687378,0.003553152084350586,"perf, rapl, ebpf, psutil",2048,0,0.2768404483795166,20.784953117370605,8,4,65897397994,856.6661739349365,1427.7769565582275,571.110782623291,1427.7769565582275,0.0004954801665412055,286.63,318.29,604.9200000000001,97.0,15.6,933.591422,0,546.303411,1484.6129,0.0004725456237792969,4390.387356525063,25.02750421,25.027504205703735,0.0002989768981933594,True,perf,220,type:unknown|arch:Unknown|lambda:False|mem:unknown,True,rapl_direct,monte,0,4.567503412564595,173.80497903294034,64.0,32.0,549896806195.7778,7148.658480604489,11914.430801007482,4765.7723204029935,11914.430801007482,173.823805530866,18,2409.5994444444445,2667.3033333333333,5076.902777777777,797.3444444444444,151.70555555555555,7848.73245338889,0,4592.820504166667,12441.552957555556,0.014862656593322754,37246.701876200335,214.86768347166668,214.86768347687192,0.003963841332329644,8
NA,0,3.324599192466265,19.31458870717037,8.0,4.0,61430680424.55556,798.5988455260241,1330.998075876707,532.3992303506827,1330.998075876707,19.316831469535828,248.36296296296297,277.4963580246914,525.8593209876543,95.84814814814814,18.664814814814815,815.4878828888889,0,486.3622599567901,1301.8501428456789,0.0016854868994818793,4157.38972516263,24.66288570728395,24.662885707101704,0.0005572754659770448,,type:unknown|arch:Unknown|lambda:False|mem:unknown,NA,5.795535487473542,0.3000251618187776,1,x86_64,Intel(R) Core(TM) i7-10510U CPU @ 1.80GHz,True,ebpf,pi,pi_monte_carlo_pi_stage_analysis.json,0,26.19048500061035,20.910435438156128,8,4,66833529710,868.8358862400055,1448.0598104000092,579.2239241600037,1448.0598104000092,19.31458870717037,286.04,315.55,601.59,100.0,22.5,934.128898,0,548.361755,1478.523073,0.012932538986206055,4591.742399155497,25.99355102,25.993551015853882,0.004896402359008789,"perf, rapl, ebpf, psutil",2048,0,0.2919495105743408,17.20974349975586,8,4,54662672996,710.614748954773,1184.3579149246216,473.74316596984863,1184.3579149246216,0.0005572754659770448,105.95,128.84,234.79000000000002,51.9,14.1,372.013454,0,264.604304,636.6177580000001,0.00034880638122558594,2289.7348643696305,21.37651753,21.37651753425598,0.00030803680419921875,True,perf,220,type:unknown|arch:Unknown|lambda:False|mem:unknown,True,rapl_direct,monte,0,29.921392732196384,173.83129836453332,72.0,36.0,552876123821.0,7187.389609734217,11978.982682890362,4791.593073156145,11978.982682890362,173.85148322582245,18,2235.266666666667,2497.4672222222225,4732.733888888889,862.6333333333332,167.98333333333332,7339.3909459999995,0,4377.260339611111,11716.65128561111,0.015169382095336914,37416.507526463676,221.96597136555556,221.96597136391534,0.005015479193793403,9
NA,0,5.496746419535743,17.364883736769357,8.0,4.0,55572720694.03333,722.4453690290451,1204.0756150484085,481.6302460193634,1204.0756150484085,17.367252206802366,210.46716666666669,238.02138888888888,448.4885555555556,95.27611111111112,18.502777777777776,702.8714886444444,0,430.17033500555556,1133.04182365,0.0018627113766140407,3856.726191172563,23.239831082166667,23.239831082026164,0.0005057586563958062,,type:unknown|arch:Unknown|lambda:False|mem:unknown,NA,5.789452237838905,0.3333545323635771,1,x86_64,Intel(R) Core(TM) i7-10510U CPU @ 1.80GHz,True,ebpf,pi,pi_monte_carlo_pi_stage_analysis.json,0,25.885343313217163,19.066835165023804,8,4,60608116149,787.9055099487305,1313.1758499145508,525.2703399658203,1313.1758499145508,17.364883736769357,244.87,275.2,520.0699999999999,100.0,22.8,812.940118,0,505.160206,1312.29791,0.013981342315673828,4720.406420924663,25.48732948,25.487329483032227,0.0025539398193359375,"perf, rapl, ebpf, psutil",2048,0,0.28450894355773926,14.761117219924927,8,4,47956944465,623.4402780532837,1039.0671300888062,415.62685203552246,1039.0671300888062,0.0005057586563958062,112.45,133.43,245.88,64.6,14.1,388.599713,0,260.919682,649.519395,0.0004105567932128906,2018.0745650398728,18.98902464,18.98902463912964,0.0002524852752685547,True,perf,220,type:unknown|arch:Unknown|lambda:False|mem:unknown,True,rapl_direct,monte,0,54.96746419535743,173.64883736769357,80.0,40.0,555727206940.3334,7224.453690290451,12040.756150484085,4816.302460193634,12040.756150484085,173.67252206802365,18,2104.671666666667,2380.213888888889,4484.885555555556,952.7611111111112,185.02777777777777,7028.714886444444,0,4301.703350055555,11330.4182365,0.01862711376614041,38567.26191172563,232.39831082166666,232.39831082026166,0.005057586563958062,10
NA,0,8.014226660684303,14.153670854038662,8.0,4.0,45976265347.18519,597.6914495196608,996.1524158661013,398.4609663464405,996.1524158661013,14.155632101827198,186.97972222222222,210.475,397.45472222222224,97.49583333333332,18.486574074074074,622.0034952777778,0,377.39128649074075,999.3947817685186,0.0014810727702246772,3227.7776556916865,19.93147534606481,19.931475345735198,0.0004801750183105469,,type:unknown|arch:Unknown|lambda:False|mem:unknown,NA,5.662600635283788,0.40002456934105146,1,x86_64,Intel(R) Core(TM) i7-10510U CPU @ 1.80GHz,True,ebpf,pi,pi_monte_carlo_pi_stage_analysis.json,0,23.25919532775879,16.000364303588867,8,4,51712002038,672.256026506424,1120.42671084404,448.17068433761597,1120.42671084404,14.153670854038662,214.07,240.52,454.59000000000003,100.0,22.7,711.019542,0,434.484483,1144.3505260000002,0.012907266616821289,3995.334476661683,22.45996165,22.459961652755737,0.004671812057495117,"perf, rapl, ebpf, psutil",2048,0,0.31786084175109863,11.757107734680176,8,4,38378238916,498.91710591316223,831.5285098552704,332.61140394210815,831.5285098552704,0.0004801750183105469,141.95,161.85,303.79999999999995,70.5,14.6,474.369328,0,292.760787,770.7169610000001,0.0005192756652832031,1883.3519433903693,16.38874984,16.388749837875366,0.0002472400665283203,True,perf,220,type:unknown|arch:Unknown|lambda:False|mem:unknown,True,rapl_direct,monte,0,96.17071992821164,169.84405024846393,96.0,48.0,551715184166.2223,7172.2973942359295,11953.828990393215,4781.531596157286,11953.828990393215,169.8675852219264,18,2243.7566666666667,2525.7,4769.456666666667,1169.9499999999998,221.8388888888889,7464.041943333334,0,4528.6954378888895,11992.737381222223,0.017772873242696125,38733.331868300236,239.17770415277772,239.1777041488224,0.0057621002197265625,12
NA,0,10.167963615722126,11.84444365898768,8.0,4.0,39035298309.71181,507.45887803286314,845.7647967214385,338.30591868857545,845.7647967214385,11.846622633437315,166.78489583333334,188.67413194444444,355.45902777777775,99.97569444444444,18.915625,559.4059606597223,0,341.51784126736106,900.9238019270833,0.0017363238665792677,3336.2343535535415,18.025084059895832,18.02508406009939,0.0004426505830552843,,type:unknown|arch:Unknown|lambda:False|mem:unknown,NA,6.318300025450389,0.5333418832483842,1,x86_64,Intel(R) Core(TM) i7-10510U CPU @ 1.80GHz,True,ebpf,pi,pi_monte_carlo_pi_stage_analysis.json,0,21.553772449493408,13.195834159851074,8,4,42958288908,558.4577558040619,930.7629263401031,372.30517053604126,930.7629263401031,11.84444365898768,182.42,211.7,394.12,100.0,22.7,628.158974,0,397.136557,1025.295531,0.012926816940307617,3688.360748211145,19.98301125,19.98301124572754,0.0010919570922851562,"perf, rapl, ebpf, psutil",2048,0,0.2901880741119385,10.543820858001709,8,4,34360203981,446.68265175819397,744.4710862636566,297.78843450546265,744.4710862636566,0.0004426505830552843,156.9,177.26,334.15999999999997,98.3,14.6,524.68097,0,320.69907,846.389131,0.0006954669952392578,3010.3038158380987,16.91141701,16.91141700744629,0.0002899169921875,True,perf,220,type:unknown|arch:Unknown|lambda:False|mem:unknown,True,rapl_direct,monte,0,162.68741785155402,189.5110985438029,128.0,64.0,624564772955.3889,8119.34204852581,13532.236747543016,5412.894699017207,13532.236747543016,189.54596213499704,18,2668.5583333333334,3018.786111111111,5687.344444444444,1599.611111111111,302.65,8950.495370555556,0,5464.285460277777,14414.780830833333,0.027781181865268283,53379.749656856664,288.4013449583333,288.4013449615902,0.0070824093288845485,16
NA,0,14.273295456171036,9.522930343283548,8.0,4.0,31416088377.052776,410.3633965346401,683.9389942244003,273.5755976897601,683.9389942244003,9.525121188163757,139.81430555555556,158.66025000000002,298.4745555555555,98.8313888888889,18.70638888888889,470.39321913888887,0,287.80441949444446,758.1976386333334,0.0017105976740519205,2815.4431351767794,15.490804991638889,15.490804991457198,0.00048024720615810816,,type:unknown|arch:Unknown|lambda:False|mem:unknown,NA,6.349889952901471,0.6666466313092229,1,x86_64,Intel(R) Core(TM) i7-10510U CPU @ 1.80GHz,True,ebpf,pi,pi_monte_carlo_pi_stage_analysis.json,0,38.90036749839783,12.164066314697266,8,4,40618852615,528.0450839996338,880.0751399993896,352.03005599975586,880.0751399993896,9.522930343283548,170.5,199.4,369.9,100.0,22.7,592.977608,0,375.463395,967.938074,0.016954421997070312,4072.3463535189635,18.97556663,18.975566625595093,0.002087831497192383,"perf, rapl, ebpf, psutil",2048,0,0.4407229423522949,7.205383539199829,8,4,20165287603,275.44059623359203,459.06766038932005,183.62706415572802,459.06766038932005,0.00048024720615810816,96.88,111.18,208.06,84.1,14.9,324.909139,0,203.191435,531.474896,0.0005459785461425781,1468.5096656084058,11.39142823,11.391428232192993,0.0002713203430175781,True,perf,220,type:unknown|arch:Unknown|lambda:False|mem:unknown,True,rapl_direct,monte,0,285.4659091234207,190.45860686567096,160.0,80.0,628321767541.0555,8207.267930692802,13678.779884488005,5471.511953795202,13678.779884488005,190.50242376327515,18,2796.2861111111115,3173.2050000000004,5969.4911111111105,1976.627777777778,374.12777777777774,9407.864382777778,0,5756.08838988889,15163.95277266667,0.03421195348103841,56308.86270353559,309.8160998327778,309.816099829144,0.009604944123162163,20
NA,0,16.397699552001775,8.616857331108164,8.0,4.0,28376914358.37037,371.8111079308815,619.6851798848024,247.874071953921,619.6851798848024,8.619115577251824,133.27724537037037,151.64310185185184,284.92034722222223,99.93495370370371,18.97013888888889,450.52720104398145,0,276.12927704398146,726.6564780879629,0.0017574898622654102,2910.6108681080545,14.825363668101852,14.825363668026748,0.0005007562813935456,,type:unknown|arch:Unknown|lambda:False|mem:unknown,NA,6.89486456205951,0.7999503545650231,1,x86_64,Intel(R) Core(TM) i7-10510U CPU @ 1.80GHz,True,ebpf,pi,pi_monte_carlo_pi_stage_analysis.json,0,38.199360609054565,10.98448657989502,8,4,36749565839,477.74435591697693,796.2405931949615,318.4962372779846,796.2405931949615,8.616857331108164,156.19,183.78,339.97,100.0,22.9,546.820377,0,346.64047,893.4608470000001,0.017609596252441406,3773.948639876842,17.54444861,17.544448614120483,0.004548311233520508,"perf, rapl, ebpf, psutil",2048,0,0.3119204044342041,6.879780530929565,8,4,19747593989,270.49546041526327,450.8257673587721,180.33030694350884,450.8257673587721,0.0005007562813935456,114.87,130.11,244.98000000000002,92.4,14.9,384.480891,0,235.801703,620.282594,0.0007090568542480469,2391.2186470389365,12.93203521,12.932035207748413,0.00029730796813964844,True,perf,220,type:unknown|arch:Unknown|lambda:False|mem:unknown,True,rapl_direct,monte,0,393.5447892480426,206.80457594659595,192.0,96.0,681045944600.8889,8923.466590341157,14872.444317235258,5948.977726894104,14872.444317235258,206.85877385404376,18,3198.653888888889,3639.434444444444,6838.088333333333,2398.438888888889,455.28333333333336,10812.652825055555,0,6627.102649055555,17439.75547411111,0.042179756694369845,69854.6608345933,355.80872803444447,355.80872803264197,0.012018150753445095,24
NA,0,19.30645610037304,7.366427194504511,8.0,4.0,22236952777.791668,299.21662324675657,498.69437207792765,199.47774883117106,498.69437207792765,7.368639547200431,118.60420634920634,134.93291666666667,253.53712301587302,99.08849206349205,18.782341269841268,400.7569174583333,0,244.9901280793651,645.7470455376983,0.0017381405073498923,2595.6166653280693,13.367666758472222,13.367666758242107,0.00047421218856932623,,type:unknown|arch:Unknown|lambda:False|mem:unknown,NA,6.876707114613851,0.9332397209233176,1,x86_64,Intel(R) Core(TM) i7-10510U CPU @ 1.80GHz,True,ebpf,pi,pi_monte_carlo_pi_stage_analysis.json,0,47.53174185752869,9.699436902999878,8,4,33186376333,431.422892332077,719.038153886795,287.615261554718,719.038153886795,7.366427194504511,185.18,208.51,393.53999999999996,100.0,22.8,620.603758,0,349.813008,970.416766,0.013863086700439453,3538.3003707981115,16.53146601,16.531466007232666,0.0076372623443603516,"perf, rapl, ebpf, psutil",2048,0,0.30261778831481934,5.1651740074157715,8,4,11650023788,172.58505243511422,287.6417540585237,115.05670162340948,287.6417540585237,0.00047421218856932623,77.77,89.17,166.94,82.0,14.9,260.046332,0,161.637465,421.683797,0.0005238056182861328,1232.9481599271296,9.38085198,9.380851984024048,0.00026726722717285156,True,perf,220,type:unknown|arch:Unknown|lambda:False|mem:unknown,True,rapl_direct,monte,0,540.5807708104451,206.2599614461263,224.0,112.0,622634677778.1667,8378.065450909184,13963.442418181974,5585.376967272789,13963.442418181974,206.32190732161206,18,3320.9177777777772,3778.121666666667,7099.039444444445,2774.4777777777776,525.9055555555556,11221.193688833333,0,6859.723586222222,18080.91727505555,0.04866793420579699,72677.26662918594,374.2946692372222,374.294669230779,0.013277941279941134,28
x86,0,1.2095441634838398,1.9190819080059345,2.0,2.0,0,0.0,0,0.0,0,3.812313776749831,0.0,0,0,2.455769230769231,0,0.0,0,0,0,1.4929654002189636,450.0659202350561,6.799131682692307,6.799131682285895,0.40026646852493286,,type:lambda-function|arch:x86_64|lambda:True|mem:2048,aws,0.25592876325167147,0.06713213503371757,4,x86_64,Intel(R) Xeon(R) Processor @ 2.50GHz,False,,ml,ml_stage2_aws_2048Mb_x86_analysis.json,0,1.4622807502746582,2.2719030380249023,2,2,0,0.0,0,0.0,0,1.9190819080059345,0.0,0,0,5.6,0,0.0,0,0,0,1.885608434677124,508.38924214839943,7.65674019,7.656740188598633,0.5512337684631348,"null, null, null, psutil",2048,0,1.0642447471618652,1.4987757205963135,2,2,0,0.0,0,0.0,0,0.40026646852493286,0.0,0,0,0.0,0,0.0,0,0,0,1.1426312923431396,380.9281226873398,5.98629808,5.986298084259033,0.2906041145324707,False,,220,type:lambda-function|arch:x86_64|lambda:True|mem:2048,False,,stage2,0,4.838176653935359,7.676327632023738,8.0,8.0,0,0.0,0,0.0,0,15.249255106999325,13,0.0,0,0,9.823076923076924,0,0.0,0,0,0,5.9718616008758545,1800.2636809402245,27.19652673076923,27.19652672914358,1.6010658740997314,4
x86,0,1.2360110316957746,1.8861471108027867,2.0,2.0,0,0.0,0,0.0,0,4.135123917034694,0.0,0,0,2.9657142857142857,0,0.0,0,0,0,1.8087761572429113,458.6794252483504,7.107319116285714,7.107319116592407,0.44020064898899625,,type:lambda-function|arch:x86_64|lambda:True|mem:2048,aws,0.3144207233708246,0.07603659036082681,4,x86_64,Intel(R) Xeon(R) Processor @ 2.50GHz,False,,ml,ml_stage2_aws_2048Mb_x86_analysis.json,0,1.451549768447876,2.2987425327301025,2,2,0,0.0,0,0.0,0,1.8861471108027867,0.0,0,0,5.7,0,0.0,0,0,0,2.3948349952697754,576.5456767559053,8.39630771,8.396307706832886,2.0141549110412598,"null, null, null, psutil",2048,0,1.0341155529022217,1.413630485534668,2,2,0,0.0,0,0.0,0,0.44020064898899625,0.0,0,0,0.0,0,0.0,0,0,0,1.3983848094940186,367.6001246452331,6.38008356,6.3800835609436035,0.2439882755279541,False,,220,type:lambda-function|arch:x86_64|lambda:True|mem:2048,False,,stage2,0,6.180055158478873,9.430735554013934,10.0,10.0,0,0.0,0,0.0,0,20.675619585173468,14,0.0,0,0,14.82857142857143,0,0.0,0,0,0,9.043880786214556,2293.397126241752,35.53659558142857,35.536595582962036,2.2010032449449812,5
x86,0,1.1872823849702492,1.8868216673533122,2.0,2.0,0,0.0,0,0.0,0,4.353424032529195,0.0,0,0,2.5346153846153845,0,0.0,0,0,0,2.0877060401134,454.45158441635283,7.235503098461538,7.235503098903558,0.3788963250624828,,type:lambda-function|arch:x86_64|lambda:True|mem:2048,aws,0.37743980633735663,0.08669952743336988,4,x86_64,Intel(R) Xeon(R) Processor @ 2.50GHz,False,,ml,ml_stage2_aws_2048Mb_x86_analysis.json,0,1.455815315246582,2.2736470699310303,2,2,0,0.0,0,0.0,0,2.0877060401134,0.0,0,0,5.7,0,0.0,0,0,0,6.6837522983551025,561.0179935836792,12.46581841,12.465818405151367,0.5865046977996826,"null, null, null, psutil",2048,0,1.0377388000488281,1.5040135383605957,2,2,0,0.0,0,0.0,0,0.3788963250624828,0.0,0,0,0.0,0,0.0,0,0,0,1.5829405784606934,379.8083603668213,6.39879751,6.398797512054443,0.29138708114624023,False,,220,type:lambda-function|arch:x86_64|lambda:True|mem:2048,False,,stage2,0,7.123694309821495,11.320930004119873,12.0,12.0,0,0.0,0,0.0,0,26.12054419517517,13,0.0,0,0,15.207692307692307,0,0.0,0,0,0,12.5262362406804,2726.7095064981168,43.41301859076923,43.41301859342135,2.2733779503748965,6
x86,0,1.2318497433954356,1.8490820247299817,2.0,2.0,0,0.0,0,0.0,0,4.597158677723943,0.0,0,0,2.638775510204081,0,0.0,0,0,0,2.3364693315661684,454.254053878176,7.5595575274489795,7.559557527911906,0.41160732142779294,,type:lambda-function|arch:x86_64|lambda:True|mem:2048,aws,0.4315387629314832,0.09387075652240448,4,x86_64,Intel(R) Xeon(R) Processor @ 2.50GHz,False,,ml,ml_stage2_aws_2048Mb_x86_analysis.json,0,1.4502620697021484,2.290020704269409,2,2,0,0.0,0,0.0,0,2.3364693315661684,0.0,0,0,7.4,0,0.0,0,0,0,2.9071998596191406,624.5023774409294,10.05043674,10.050436735153198,2.5269885063171387,"null, null, null, psutil",2048,0,1.0516865253448486,1.4116921424865723,2,2,0,0.0,0,0.0,0,0.41160732142779294,0.0,0,0,0.0,0,0.0,0,0,0,1.8207619190216064,350.91374638080595,6.87619066,6.876190662384033,0.29780101776123047,False,,220,type:lambda-function|arch:x86_64|lambda:True|mem:2048,False,,stage2,0,8.622948203768049,12.943574173109873,14.0,14.0,0,0.0,0,0.0,0,32.180110744067605,14,0.0,0,0,18.471428571428568,0,0.0,0,0,0,16.35528532096318,3179.7783771472323,52.916902692142855,52.91690269538334,2.8812512499945506,7
x86,0,1.1890864888827006,1.8472521742184957,2.0,2.0,0,0.0,0,0.0,0,4.855994347731272,0.0,0,0,2.6491666666666664,0,0.0,0,0,0,2.620514476299286,459.25306598295765,7.735659734333334,7.735659734408061,0.3882276972134908,,type:lambda-function|arch:x86_64|lambda:True|mem:2048,aws,0.4926990999075572,0.10146204147411066,4,x86_64,Intel(R) Xeon(R) Processor @ 2.50GHz,False,,ml,ml_stage2_aws_2048Mb_x86_analysis.json,0,1.3980038166046143,2.2372114658355713,2,2,0,0.0,0,0.0,0,2.620514476299286,0.0,0,0,8.6,0,0.0,0,0,0,4.012571573257446,550.3025146079063,8.9587121,8.958712100982666,1.3017966747283936,"null, null, null, psutil",2048,0,1.0552101135253906,1.4173765182495117,2,2,0,0.0,0,0.0,0,0.3882276972134908,0.0,0,0,0.0,0,0.0,0,0,0,2.0302584171295166,363.1882030200958,6.99701381,6.997013807296753,0.27776455879211426,False,,220,type:lambda-function|arch:x86_64|lambda:True|mem:2048,False,,stage2,0,9.512691911061605,14.778017393747966,16.0,16.0,0,0.0,0,0.0,0,38.84795478185018,15,0.0,0,0,21.19333333333333,0,0.0,0,0,0,20.964115810394286,3674.024527863661,61.88527787466667,61.885277875264485,3.1058215777079266,8
x86,0,1.209991212875124,1.818738961976672,2.0,2.0,0,0.0,0,0.0,0,5.071687819465758,0.0,0,0,2.3746031746031746,0,0.0,0,0,0,2.803733369660756,470.2143056963739,7.944185712857142,7.944185712980846,0.4492154878283304,,type:lambda-function|arch:x86_64|lambda:True|mem:2048,aws,0.5457308129307202,0.10760339207711851,4,x86_64,Intel(R) Xeon(R) Processor @ 2.50GHz,False,,ml,ml_stage2_aws_2048Mb_x86_analysis.json,0,1.409684658050537,2.4351465702056885,2,2,0,0.0,0,0.0,0,2.803733369660756,0.0,0,0,5.7,0,0.0,0,0,0,3.5821704864501953,623.8558497858048,8.93933797,8.939337968826294,0.8484675884246826,"null, null, null, psutil",2048,0,1.0550520420074463,1.435814619064331,2,2,0,0.0,0,0.0,0,0.4492154878283304,0.0,0,0,0.0,0,0.0,0,0,0,2.106112003326416,369.6882186412811,7.38191962,7.381919622421265,0.27995967864990234,False,,220,type:lambda-function|arch:x86_64|lambda:True|mem:2048,False,,stage2,0,10.889920915876116,16.36865065779005,18.0,18.0,0,0.0,0,0.0,0,45.645190375191824,14,0.0,0,0,21.37142857142857,0,0.0,0,0,0,25.233600326946803,4231.928751267365,71.49767141571428,71.49767141682761,4.042939390454974,9
x86,0,1.1733138135501318,1.8238087943622043,2.0,2.0,0,0.0,0,0.0,0,5.308888718060085,0.0,0,0,2.387142857142857,0,0.0,0,0,0,3.0620726210730416,471.2484939806972,8.16330900157143,8.163309001922608,0.4230073026248387,,type:lambda-function|arch:x86_64|lambda:True|mem:2048,aws,0.608057852040359,0.11453580670693522,4,x86_64,Intel(R) Xeon(R) Processor @ 2.50GHz,False,,ml,ml_stage2_aws_2048Mb_x86_analysis.json,0,1.4279415607452393,2.3197124004364014,2,2,0,0.0,0,0.0,0,3.0620726210730416,0.0,0,0,5.6,0,0.0,0,0,0,4.328080415725708,553.162322974205,9.93983889,9.939838886260986,0.6809349060058594,"null, null, null, psutil",2048,0,1.0494303703308105,1.4334735870361328,2,2,0,0.0,0,0.0,0,0.4230073026248387,0.0,0,0,0.0,0,0.0,0,0,0,2.374373435974121,379.3609881734848,7.47519732,7.4751973152160645,0.2905590534210205,False,,220,type:lambda-function|arch:x86_64|lambda:True|mem:2048,False,,stage2,0,11.733138135501317,18.238087943622045,20.0,20.0,0,0.0,0,0.0,0,53.08888718060085,14,0.0,0,0,23.87142857142857,0,0.0,0,0,0,30.620726210730417,4712.484939806972,81.63309001571429,81.63309001922607,4.230073026248387,10
x86,0,1.2676391508844165,1.7888857536845737,2.0,2.0,0,0.0,0,0.0,0,5.96016727288564,0.0,0,0,2.561111111111111,0,0.0,0,0,0,3.709055761496226,494.06694857071506,8.834760194388888,8.834760194354587,0.46222575770484076,,type:lambda-function|arch:x86_64|lambda:True|mem:2048,aws,0.7156974123341242,0.12008008828712224,4,x86_64,Intel(R) Xeon(R) Processor @ 2.50GHz,False,,ml,ml_stage2_aws_2048Mb_x86_analysis.json,0,1.6154649257659912,2.237762451171875,2,2,0,0.0,0,0.0,0,3.709055761496226,0.0,0,0,5.7,0,0.0,0,0,0,4.56725811958313,626.0939704680442,9.56726575,9.567265748977661,0.8864626884460449,"null, null, null, psutil",2048,0,1.0577292442321777,1.3648264408111572,2,2,0,0.0,0,0.0,0,0.46222575770484076,0.0,0,0,0.0,0,0.0,0,0,0,3.0090723037719727,397.8150096511841,7.87811756,7.878117561340332,0.2723348140716553,False,,220,type:lambda-function|arch:x86_64|lambda:True|mem:2048,False,,stage2,0,15.211669810612998,21.466629044214883,24.0,24.0,0,0.0,0,0.0,0,71.52200727462767,15,0.0,0,0,30.73333333333333,0,0.0,0,0,0,44.50866913795471,5928.80338284858,106.01712233266666,106.01712233225504,5.546709092458089,12
x86,0,1.290836548805237,1.7156648457050323,2.0,2.0,0,0.0,0,0.0,0,6.894415386517843,0.0,0,0,2.419583333333333,0,0.0,0,0,0,4.776478397846222,522.982160716633,9.711358833583335,9.711358833312989,0.40227214296658836,,type:lambda-function|arch:x86_64|lambda:True|mem:2048,aws,0.9152042552928925,0.13274573752585192,4,x86_64,Intel(R) Xeon(R) Processor @ 2.50GHz,False,,ml,ml_stage2_aws_2048Mb_x86_analysis.json,0,1.6971557140350342,2.3069169521331787,2,2,0,0.0,0,0.0,0,4.776478397846222,0.0,0,0,5.7,0,0.0,0,0,0,6.762151479721069,706.2373501873017,11.89745903,11.897459030151367,1.0670576095581055,"null, null, null, psutil",2048,0,1.0383679866790771,1.3561573028564453,2,2,0,0.0,0,0.0,0,0.40227214296658836,0.0,0,0,0.0,0,0.0,0,0,0,4.045892715454102,416.26654584407805,8.8883369,8.888336896896362,0.2632932662963867,False,,220,type:lambda-function|arch:x86_64|lambda:True|mem:2048,False,,stage2,0,20.65338478088379,27.450637531280517,32.0,32.0,0,0.0,0,0.0,0,110.31064618428549,15,0.0,0,0,38.71333333333333,0,0.0,0,0,0,76.42365436553955,8367.714571466127,155.38174133733335,155.38174133300782,6.436354287465414,16
x86,0,1.4340883890787761,1.6767485944430034,2.0,2.0,0,0.0,0,0.0,0,8.044465873241425,0.0,0,0,2.554333333333333,0,0.0,0,0,0,5.909102772076925,551.0197001214266,10.8155462933,10.815546293258667,0.45861450672149656,,type:lambda-function|arch:x86_64|lambda:True|mem:2048,aws,1.1180559627745947,0.1389844870240076,4,x86_64,Intel(R) Xeon(R) Processor @ 2.50GHz,False,,ml,ml_stage2_aws_2048Mb_x86_analysis.json,0,1.923534631729126,2.3112008571624756,2,2,0,0.0,0,0.0,0,5.909102772076925,0.0,0,0,5.7,0,0.0,0,0,0,8.02396559715271,688.5111668038369,13.41589403,13.415894031524658,0.7977187633514404,"null, null, null, psutil",2048,0,1.0796349048614502,1.3260753154754639,2,2,0,0.0,0,0.0,0,0.45861450672149656,0.0,0,0,0.0,0,0.0,0,0,0,5.162423133850098,430.56448159217837,9.8814342,9.881434202194214,0.3027963638305664,False,,220,type:lambda-function|arch:x86_64|lambda:True|mem:2048,False,,stage2,0,28.681767781575523,33.53497188886007,40.0,40.0,0,0.0,0,0.0,0,160.88931746482848,15,0.0,0,0,51.08666666666666,0,0.0,0,0,0,118.1820554415385,11020.394002428531,216.31092586600002,216.31092586517332,9.17229013442993,20
x86,0,1.4413044437383995,1.6875710028868456,2.0,2.0,0,0.0,0,0.0,0,8.916572855069088,0.0,0,0,2.585576923076923,0,0.0,0,0,0,6.851707739707751,580.6044394188508,11.718052024262821,11.718052024260546,0.37729411247449046,,type:lambda-function|arch:x86_64|lambda:True|mem:2048,aws,1.3503268136699385,0.15144011444960886,4,x86_64,Intel(R) Xeon(R) Processor @ 2.90GHz,False,,ml,ml_stage2_aws_2048Mb_x86_analysis.json,0,1.891528606414795,2.3945682048797607,2,2,0,0.0,0,0.0,0,6.851707739707751,0.0,0,0,7.3,0,0.0,0,0,0,10.5123770236969,810.1531708860398,14.98767877,14.98767876625061,0.6625959873199463,"null, null, null, psutil",2048,0,1.0502698421478271,1.375291347503662,2,2,0,0.0,0,0.0,0,0.37729411247449046,0.0,0,0,0.0,0,0.0,0,0,0,6.077150106430054,458.03252384662636,10.88029909,10.880299091339111,0.272017240524292,False,,220,type:lambda-function|arch:x86_64|lambda:True|mem:2048,False,,stage2,0,34.59130664972159,40.501704069284294,48.0,48.0,0,0.0,0,0.0,0,213.9977485216581,13,0.0,0,0,62.05384615384615,0,0.0,0,0,0,164.44098575298602,13934.50654605242,281.23324858230774,281.2332485822531,9.055058699387772,24
x86,0,1.5740628668240138,1.666737975514665,2.0,2.0,0,0.0,0,0.0,0,10.045350488959526,0.0,0,0,2.5122448979591834,0,0.0,0,0,0,7.928585113919511,612.0876787390453,12.797736292091836,12.79773629198269,0.4500273995253505,,type:lambda-function|arch:x86_64|lambda:True|mem:2048,aws,1.5559332349024504,0.15489088574983215,4,x86_64,Intel(R) Xeon(R) Processor @ 2.90GHz,False,,ml,ml_stage2_aws_2048Mb_x86_analysis.json,0,2.4608051776885986,2.369188070297241,2,2,0,0.0,0,0.0,0,7.928585113919511,0.0,0,0,5.7,0,0.0,0,0,0,12.273780584335327,809.8682969903946,16.90407109,16.90407109260559,0.9701540470123291,"null, null, null, psutil",2048,0,1.070695400238037,1.2971322536468506,2,2,0,0.0,0,0.0,0,0.4500273995253505,0.0,0,0,0.0,0,0.0,0,0,0,6.617521286010742,455.32865204811105,11.37177539,11.371775388717651,0.2696208953857422,False,,220,type:lambda-function|arch:x86_64|lambda:True|mem:2048,False,,stage2,0,44.07376027107239,46.66866331441062,56.0,56.0,0,0.0,0,0.0,0,281.2698136908667,14,0.0,0,0,70.34285714285713,0,0.0,0,0,0,222.00038318974632,17138.455004693267,358.3366161785714,358.3366161755153,12.600767186709813,28
arm,0,1.085340945285609,1.1010069901312192,2.0,0.0,0,0.0,0,0.0,0,2.0110619991341463,0.0,0,0,2.884210526315789,0,0.0,0,0,0,0.7009089842645083,178.9230747757932,4.820135765789474,4.819936629568796,0.209146024738419,,type:lambda-function|arch:aarch64|lambda:True|mem:2048,aws,0.1174994659868037,0.05842657562889288,4,aarch64,aarch64,False,,ml,ml_stage3_aws_2048Mb_arm_analysis.json,0,1.2913715839385986,1.1861577857710945,2,0,0,0.0,0,0.0,0,1.1010069901312192,0.0,0,0,7.7,0,0.0,0,0,0,0.8693909645080566,187.59665999412533,5.09589044,5.118621565894134,0.3392050266265869,"null, null, null, psutil",2048,0,1.0116779804229736,0.9768216609954834,2,0,0,0.0,0,0.0,0,0.209146024738419,0.0,0,0,1.9,0,0.0,0,0,0,0.5735683441162109,162.60634452104568,4.48569226,4.485692262649536,0.15151309967041016,False,,100,type:lambda-function|arch:aarch64|lambda:True|mem:2048,False,,stage3,0,4.341363781142436,4.404027960524877,8.0,0.0,0,0.0,0,0.0,0,8.044247996536585,19,0.0,0,0,11.536842105263156,0,0.0,0,0,0,2.8036359370580333,715.6922991031728,19.280543063157896,19.279746518275186,0.836584098953676,4
arm,0,1.1048610945944255,1.0962008746054115,2.0,0.0,0,0.0,0,0.0,0,2.0996532487168866,0.0,0,0,2.9631578947368418,0,0.0,0,0,0,0.7833967430801698,177.0050863068071,4.8870471,4.880247979511699,0.2200556310313052,,type:lambda-function|arch:aarch64|lambda:True|mem:2048,aws,0.1462331966723619,0.06964635554071896,4,aarch64,aarch64,False,,ml,ml_stage3_aws_2048Mb_arm_analysis.json,0,1.226001501083374,1.1375150680541992,2,0,0,0.0,0,0.0,0,1.0962008746054115,0.0,0,0,11.5,0,0.0,0,0,0,1.0859320163726807,182.72316055297856,5.1036377,5.1036376953125,0.2862708568572998,"null, null, null, psutil",2048,0,1.0126168727874756,1.0592916011810303,2,0,0,0.0,0,0.0,0,0.2200556310313052,0.0,0,0,1.8,0,0.0,0,0,0,0.6515238285064697,170.94369614124295,4.38988996,4.38988995552063,0.15521669387817383,False,,100,type:lambda-function|arch:aarch64|lambda:True|mem:2048,False,,stage3,0,5.524305472972127,5.481004373027058,10.0,0.0,0,0.0,0,0.0,0,10.498266243584434,19,0.0,0,0,14.815789473684209,0,0.0,0,0,0,3.916983715400849,885.0254315340355,24.4352355,24.401239897558497,1.1002781551565262,5
arm,0,1.078528176641358,1.1326084948450388,2.0,0.0,0,0.0,0,0.0,0,2.166246169397121,0.0,0,0,2.623529411764706,0,0.0,0,0,0,0.8107916248793129,179.39953375892443,4.902467278823529,4.909555650391221,0.22284604967276916,,type:lambda-function|arch:aarch64|lambda:True|mem:2048,aws,0.18130796785479378,0.08369684406885892,4,aarch64,aarch64,False,,ml,ml_stage3_aws_2048Mb_arm_analysis.json,0,1.201157569885254,1.2739286422729492,2,0,0,0.0,0,0.0,0,1.1326084948450388,0.0,0,0,3.9,0,0.0,0,0,0,1.004507303237915,185.48738157749173,5.02574944,5.025749444961548,0.27092480659484863,"null, null, null, psutil",2048,0,1.0239641666412354,1.0762596130371094,2,0,0,0.0,0,0.0,0,0.22284604967276916,0.0,0,0,1.9,0,0.0,0,0,0,0.6774945259094238,171.2759855747223,4.49937201,4.4993720054626465,0.15204262733459473,False,,100,type:lambda-function|arch:aarch64|lambda:True|mem:2048,False,,stage3,0,6.4711690598481475,6.795650969070232,12.0,0.0,0,0.0,0,0.0,0,12.997477016382724,17,0.0,0,0,15.741176470588236,0,0.0,0,0,0,4.8647497492758776,1076.3972025535465,29.414803672941176,29.457333902347326,1.337076298036615,6
arm,0,1.0810249302354706,1.1673718260962866,2.0,0.0,0,0.0,0,0.0,0,2.33958155827751,0.0,0,0,2.9,0,0.0,0,0,0,1.0001625206652198,178.62215783488352,5.090422584090909,5.085619030671942,0.17204721151600358,,type:lambda-function|arch:aarch64|lambda:True|mem:2048,aws,0.2180183622417425,0.09318690407281892,4,aarch64,aarch64,False,,ml,ml_stage3_aws_2048Mb_arm_analysis.json,0,1.2668957710266113,1.299196481704712,2,0,0,0.0,0,0.0,0,1.1673718260962866,0.0,0,0,5.7,0,0.0,0,0,0,1.2801201343536377,187.14121475219727,5.51183558,5.51183557510376,0.2691004276275635,"null, null, null, psutil",2048,0,1.0170445442199707,1.0931107997894287,2,0,0,0.0,0,0.0,0,0.17204721151600358,0.0,0,0,1.9,0,0.0,0,0,0,0.7831768989562988,170.44579360485076,4.86753488,4.867534875869751,0.14794707298278809,False,,100,type:lambda-function|arch:aarch64|lambda:True|mem:2048,False,,stage3,0,7.567174511648295,8.171602782674007,14.0,0.0,0,0.0,0,0.0,0,16.37707090794257,22,0.0,0,0,20.3,0,0.0,0,0,0,7.001137644656539,1250.3551048441846,35.632958088636364,35.59933321470359,1.204330480612025,7
arm,0,1.1055150824421025,1.1438978848864287,2.0,0.0,0,0.0,0,0.0,0,2.395277837227301,0.0,0,0,2.1399999999999997,0,0.0,0,0,0,1.0470593431643205,176.30911694308762,5.032041159,5.019857428323083,0.20432060917655198,,type:lambda-function|arch:aarch64|lambda:True|mem:2048,aws,0.24415356455015932,0.1019312084617223,4,aarch64,aarch64,False,,ml,ml_stage3_aws_2048Mb_arm_analysis.json,0,1.175780142788796,1.285278558731079,2,0,0,0.0,0,0.0,0,1.1438978848864287,0.0,0,0,3.8,0,0.0,0,0,0,1.172987937927246,187.83859255313874,5.39877176,5.3987717628479,0.2545783519744873,"null, null, null, psutil",2048,0,1.0402662754058838,1.0807095086194716,2,0,0,0.0,0,0.0,0,0.20432060917655198,0.0,0,0,1.9,0,0.0,0,0,0,0.8905236721038818,168.72001680824346,4.79152851,4.799948000391188,0.15434315141068267,False,,100,type:lambda-function|arch:aarch64|lambda:True|mem:2048,False,,stage3,0,8.84412065953682,9.15118307909143,16.0,0.0,0,0.0,0,0.0,0,19.162222697818407,10,0.0,0,0,17.119999999999997,0,0.0,0,0,0,8.376474745314564,1410.472935544701,40.256329272,40.15885942658466,1.6345648734124159,8
arm,0,1.1749139209912607,1.180811888821121,2.0,0.0,0,0.0,0,0.0,0,2.5152805134545595,0.0,0,0,2.253846153846154,0,0.0,0,0,0,1.1708794333718744,176.98074468394427,5.215753744615385,5.231522263643399,0.1635891912615641,,type:lambda-function|arch:aarch64|lambda:True|mem:2048,aws,0.2835365507437276,0.11272561816745848,4,aarch64,aarch64,False,,ml,ml_stage3_aws_2048Mb_arm_analysis.json,0,1.3408114584526938,1.2946470157956247,2,0,0,0.0,0,0.0,0,1.180811888821121,0.0,0,0,3.9,0,0.0,0,0,0,1.3001348006291522,185.32715463638306,5.61706144,5.561106087874123,0.1915888786315918,"null, null, null, psutil",2048,0,1.0502021312713623,1.120194572317625,2,0,0,0.0,0,0.0,0,0.1635891912615641,0.0,0,0,1.9,0,0.0,0,0,0,0.9828543663024902,163.40481715210885,4.89328368,4.959571868956646,0.15301203727722168,False,,100,type:lambda-function|arch:aarch64|lambda:True|mem:2048,False,,stage3,0,10.574225288921346,10.62730699939009,18.0,0.0,0,0.0,0,0.0,0,22.637524621091035,13,0.0,0,0,20.284615384615385,0,0.0,0,0,0,10.53791490034687,1592.8267021554984,46.94178370153846,47.08370037279059,1.472302721354077,9
arm,0,1.1134939662949028,1.2949139851785865,2.0,0.0,0,0.0,0,0.0,0,2.8281126558750787,0.0,0,0,2.48235294117647,0,0.0,0,0,0,1.3637124532848226,184.39203716798363,5.579407144666666,5.597351739798402,0.16948621741166955,,type:lambda-function|arch:aarch64|lambda:True|mem:2048,aws,0.3454830512456469,0.12216028612861146,4,aarch64,aarch64,False,,ml,ml_stage3_aws_2048Mb_arm_analysis.json,0,1.2547779083251953,1.3994085788726807,2,0,0,0.0,0,0.0,0,1.3637124532848226,0.0,0,0,3.9,0,0.0,0,0,0,1.743163824081421,193.05738472938538,5.98747147,6.038779633050284,0.28560304641723633,"null, null, null, psutil",2048,0,1.0578887462615967,1.1906216144561768,2,0,0,0.0,0,0.0,0,0.16948621741166955,0.0,0,0,1.9,0,0.0,0,0,0,0.9946062564849854,180.4622316122055,5.00901866,5.009018659591675,0.15331411361694336,False,,100,type:lambda-function|arch:aarch64|lambda:True|mem:2048,False,,stage3,0,11.134939662949028,12.949139851785866,20.0,0.0,0,0.0,0,0.0,0,28.281126558750785,15,0.0,0,0,24.823529411764703,0,0.0,0,0,0,13.637124532848226,1843.9203716798363,55.79407144666666,55.97351739798402,1.6948621741166956,10
arm,0,1.154341177545864,1.2566378258754602,2.0,0.0,0,0.0,0,0.0,0,3.058702590437285,0.0,0,0,2.511111111111111,0,0.0,0,0,0,1.5883664257662067,180.1523218629144,5.82153415375,5.8041719724800505,0.21369833879561817,,type:lambda-function|arch:aarch64|lambda:True|mem:2048,aws,0.4023251663322873,0.13153458188125744,4,aarch64,aarch64,False,,ml,ml_stage3_aws_2048Mb_arm_analysis.json,0,1.6453664302825928,1.3497295379638672,2,0,0,0.0,0,0.0,0,1.5883664257662067,0.0,0,0,3.9,0,0.0,0,0,0,2.149785041809082,190.72160237958963,6.39438987,6.394389867782593,0.405866275921847,"null, null, null, psutil",2048,0,1.024823366149718,1.210400104522705,2,0,0,0.0,0,0.0,0,0.21369833879561817,0.0,0,0,1.9,0,0.0,0,0,0,1.1902096271514893,170.35954576824935,5.40208054,5.402080535888672,0.1488790512084961,False,,100,type:lambda-function|arch:aarch64|lambda:True|mem:2048,False,,stage3,0,13.85209413055037,15.079653910505524,24.0,0.0,0,0.0,0,0.0,0,36.70443108524742,16,0.0,0,0,30.133333333333333,0,0.0,0,0,0,19.06039710919448,2161.8278623549727,69.858409845,69.65006366976061,2.564380065547418,12
arm,0,1.104149601987219,1.3609618725493142,2.0,0.0,0,0.0,0,0.0,0,3.541108526396328,0.0,0,0,3.185714285714286,0,0.0,0,0,0,2.0058938795392196,182.54739837452067,6.4029294625,6.409286035991646,0.17425277430779418,,type:lambda-function|arch:aarch64|lambda:True|mem:2048,aws,0.5809674041538513,0.16406371050849525,4,aarch64,aarch64,False,,ml,ml_stage3_aws_2048Mb_arm_analysis.json,0,1.249267672291781,1.4509613090822393,2,0,0,0.0,0,0.0,0,2.0058938795392196,0.0,0,0,10.0,0,0.0,0,0,0,2.35481858253479,190.38498326654113,6.8964808,6.8964807987213135,0.27181543397397545,"null, null, null, psutil",2048,0,1.0241620249515593,1.2855257987976074,2,0,0,0.0,0,0.0,0,0.17425277430779418,0.0,0,0,1.9,0,0.0,0,0,0,1.609391689300537,177.28182487386968,5.99861646,5.998616456985474,0.15055036544799805,False,,100,type:lambda-function|arch:aarch64|lambda:True|mem:2048,False,,stage3,0,17.666393631795504,21.775389960789028,32.0,0.0,0,0.0,0,0.0,0,56.657736422341245,12,0.0,0,0,50.971428571428575,0,0.0,0,0,0,32.094302072627514,2920.7583739923307,102.4468714,102.54857657586633,2.788044388924707,16
arm,0,1.0759718574338162,1.3706697679946405,2.0,0.0,0,0.0,0,0.0,0,3.911257876892129,0.0,0,0,3.4125,0,0.0,0,0,0,2.2809214590477027,192.70932254895092,6.7028665895833335,6.690386974325908,0.2596666498497863,,type:lambda-function|arch:aarch64|lambda:True|mem:2048,aws,0.7313893882019401,0.18699595148737658,4,aarch64,aarch64,False,,ml,ml_stage3_aws_2048Mb_arm_analysis.json,0,1.208054542541504,1.4566233158111572,2,0,0,0.0,0,0.0,0,2.2809214590477027,0.0,0,0,8.0,0,0.0,0,0,0,2.582165479660034,206.18380450923758,7.03342032,7.060907335248527,0.3183865547180176,"null, null, null, psutil",2048,0,1.021195771348274,1.2469232976169944,2,0,0,0.0,0,0.0,0,0.2596666498497863,0.0,0,0,1.9,0,0.0,0,0,0,1.92574143409729,177.03424953222276,6.32387377,6.292868369520252,0.16081762313842773,False,,100,type:lambda-function|arch:aarch64|lambda:True|mem:2048,False,,stage3,0,21.519437148676325,27.41339535989281,40.0,0.0,0,0.0,0,0.0,0,78.22515753784258,24,0.0,0,0,68.25,0,0.0,0,0,0,45.61842918095405,3854.1864509790184,134.05733179166668,133.80773948651816,5.193332996995727,20
arm,0,1.0889094842093194,1.5661722934604478,2.0,0.0,0,0.0,0,0.0,0,4.140875499201768,0.0,0,0,2.3181818181818183,0,0.0,0,0,0,2.4107221621008112,199.94995102527247,6.949683083636364,6.949502061638177,0.16398104364050928,,type:lambda-function|arch:aarch64|lambda:True|mem:2048,aws,1.002851442948594,0.24218343274071208,4,aarch64,aarch64,False,,ml,ml_stage3_aws_2048Mb_arm_analysis.json,0,1.210064172744751,1.6856040661623692,2,0,0,0.0,0,0.0,0,2.4107221621008112,0.0,0,0,5.6,0,0.0,0,0,0,2.774467945098877,224.3721047019102,7.4082981,7.403142690658569,0.25972652435302734,"null, null, null, psutil",2048,0,1.0426433086395264,1.4651405811309814,2,0,0,0.0,0,0.0,0,0.16398104364050928,0.0,0,0,1.9,0,0.0,0,0,0,2.1485800743103027,188.7796139240265,6.38922501,6.389225006103516,0.15017986297607422,False,,100,type:lambda-function|arch:aarch64|lambda:True|mem:2048,False,,stage3,0,26.133827621023666,37.58813504305075,48.0,0.0,0,0.0,0,0.0,0,99.38101198084243,11,0.0,0,0,55.63636363636364,0,0.0,0,0,0,57.85733189041947,4798.79882460654,166.79239400727272,166.78804947931624,3.935545047372223,24
arm,0,1.102402701027544,1.540043957749304,2.0,0.0,0,0.0,0,0.0,0,4.608371047191904,0.0,0,0,3.08,0,0.0,0,0,0,2.8114589139335115,205.06766681147738,7.376761845999999,7.446689290762057,0.25686817550908847,,type:lambda-function|arch:aarch64|lambda:True|mem:2048,aws,1.15047443819704,0.24964882957896325,4,aarch64,aarch64,False,,ml,ml_stage3_aws_2048Mb_arm_analysis.json,0,1.2182488441467285,1.5880646705627441,2,0,0,0.0,0,0.0,0,2.8114589139335115,0.0,0,0,3.9,0,0.0,0,0,0,3.379469156265259,208.2628895554749,8.02288747,8.022887468338013,0.2766396999359131,"null, null, null, psutil",2048,0,1.019063837479941,1.4815647731072614,2,0,0,0.0,0,0.0,0,0.25686817550908847,0.0,0,0,1.9,0,0.0,0,0,0,2.460924497073239,191.3950423002243,6.86159989,6.976373910903931,0.16443395614624023,False,,100,type:lambda-function|arch:aarch64|lambda:True|mem:2048,False,,stage3,0,30.867275628771228,43.12123081698051,56.0,0.0,0,0.0,0,0.0,0,129.0343893213733,10,0.0,0,0,86.24000000000001,0,0.0,0,0,0,78.72084959013833,5741.894670721366,206.54933168799997,208.5073001413376,7.192308914254477,28
arm,0,0.6158863739533857,4.162434339523315,2.0,0.0,0,0.0,0,0.0,0,11.375636984001506,0.0,0,0,2.3386363636363634,0,0.0,0,0,0,5.79066313938661,306.02365395182915,13.448185541136365,13.448185541413046,1.4225395050915806,,type:lambda-function|arch:aarch64|lambda:True|mem:2048,aws,0.4442149927139282,0.03904968076413341,4,aarch64,aarch64,False,,video,video_stage1_aws_2048Mb_arm_analysis.json,0,0.8425168991088867,4.484769821166992,2,0,0,0.0,0,0.0,0,5.79066313938661,0.0,0,0,3.8,0,0.0,0,0,0,6.908998250961304,334.2212619781494,14.42375255,14.423752546310425,2.4359939098358154,"null, null, null, psutil",2048,0,0.43358588218688965,3.7489404678344727,2,0,0,0.0,0,0.0,0,1.4225395050915806,0.0,0,0,1.9,0,0.0,0,0,0,5.321587562561035,283.77858251333237,12.41490197,12.414901971817017,0.8994901180267334,False,,100,type:lambda-function|arch:aarch64|lambda:True|mem:2048,False,,stage1,0,2.463545495813543,16.64973735809326,8.0,0.0,0,0.0,0,0.0,0,45.502547936006025,11,0.0,0,0,9.354545454545454,0,0.0,0,0,0,23.16265255754644,1224.0946158073166,53.79274216454546,53.792742165652186,5.690158020366322,4
arm,0,0.6573727051417033,4.142820771535238,2.0,0.0,0,0.0,0,0.0,0,12.684005824724833,0.0,0,0,2.4299999999999997,0,0.0,0,0,0,7.167293258508047,314.3418552072843,14.720874615666666,14.720874615510304,1.373891794681549,,type:lambda-function|arch:aarch64|lambda:True|mem:2048,aws,0.5526522909228007,0.043570800783260435,4,aarch64,aarch64,False,,video,video_stage1_aws_2048Mb_arm_analysis.json,0,1.6712064743041992,10.232253074645996,2,0,0,0.0,0,0.0,0,7.167293258508047,0.0,0,0,5.7,0,0.0,0,0,0,17.8973491191864,693.7554950475692,33.95710921,33.957109212875366,3.7813379764556885,"null, null, null, psutil",2048,0,0.3793599605560303,3.0831565856933594,2,0,0,0.0,0,0.0,0,1.373891794681549,0.0,0,0,1.9,0,0.0,0,0,0,4.400604724884033,245.51032042503357,10.92042279,10.920422792434692,0.7182090282440186,False,,100,type:lambda-function|arch:aarch64|lambda:True|mem:2048,False,,stage1,0,3.2868635257085166,20.71410385767619,10.0,0.0,0,0.0,0,0.0,0,63.42002912362417,12,0.0,0,0,12.149999999999999,0,0.0,0,0,0,35.83646629254024,1571.7092760364217,73.60437307833334,73.60437307755151,6.869458973407745,5
arm,0,2.547794715563456,3.0598387479782105,2.0,0.0,0,0.0,0,0.0,0,9.9929638504982,0.0,0,0,2.5433333333333334,0,0.0,0,0,0,5.874754997094472,251.5469415573279,12.082363815999999,12.082363816102346,1.0583701054255168,,type:lambda-function|arch:aarch64|lambda:True|mem:2048,aws,0.489818986776352,0.04901638734057184,4,aarch64,aarch64,False,,video,video_stage1_aws_2048Mb_arm_analysis.json,0,57.93779993057251,5.94279408454895,2,0,0,0.0,0,0.0,0,5.874754997094472,0.0,0,0,5.7,0,0.0,0,0,0,12.30440092086792,445.8121690750122,22.44538784,22.445387840270996,2.3850202560424805,"null, null, null, psutil",2048,0,0.3742561340332031,2.497964382171631,2,0,0,0.0,0,0.0,0,1.0583701054255168,0.0,0,0,1.9,0,0.0,0,0,0,3.5116772651672363,216.30138192176824,9.5154109,9.515410900115967,0.6720635890960693,False,,100,type:lambda-function|arch:aarch64|lambda:True|mem:2048,False,,stage1,0,15.286768293380737,18.359032487869264,12.0,0.0,0,0.0,0,0.0,0,59.9577831029892,10,0.0,0,0,15.260000000000002,0,0.0,0,0,0,35.248529982566836,1509.2816493439673,72.494182896,72.49418289661408,6.350220632553101,6
arm,0,0.6349293845040458,2.3847965929243298,2.0,0.0,0,0.0,0,0.0,0,8.604832732488239,0.0,0,0,2.5746031746031743,0,0.0,0,0,0,5.399155862747677,213.3920224168944,10.693140801746033,10.693140801929292,0.8208802768162319,,type:lambda-function|arch:aarch64|lambda:True|mem:2048,aws,0.4453846116945478,0.05175982213029689,4,aarch64,aarch64,False,,video,video_stage1_aws_2048Mb_arm_analysis.json,0,0.8234994411468506,2.717954158782959,2,0,0,0.0,0,0.0,0,5.399155862747677,0.0,0,0,5.7,0,0.0,0,0,0,6.110137701034546,237.88977587223053,12.0131197,12.0131196975708,1.5725595951080322,"null, null, null, psutil",2048,0,0.35426902770996094,2.012794017791748,2,0,0,0.0,0,0.0,0,0.8208802768162319,0.0,0,0,1.9,0,0.0,0,0,0,4.812008380889893,192.99610197544098,9.40311694,9.403116941452026,0.5236585140228271,False,,100,type:lambda-function|arch:aarch64|lambda:True|mem:2048,False,,stage1,0,4.44450569152832,16.693576150470307,14.0,0.0,0,0.0,0,0.0,0,60.23382912741767,9,0.0,0,0,18.02222222222222,0,0.0,0,0,0,37.79409103923374,1493.7441569182608,74.85198561222222,74.85198561350505,5.746161937713623,7
arm,0,0.7557640717579768,2.4264979660511017,2.0,0.0,0,0.0,0,0.0,0,9.436919372815352,0.0,0,0,2.4836538461538464,0,0.0,0,0,0,6.189066756230134,220.7978178118284,11.529128978173077,11.529128977885613,0.8213546505341163,,type:lambda-function|arch:aarch64|lambda:True|mem:2048,aws,0.5179117258739472,0.05488144016212323,4,aarch64,aarch64,False,,video,video_stage1_aws_2048Mb_arm_analysis.json,0,2.3748888969421387,6.574079751968384,2,0,0,0.0,0,0.0,0,6.189066756230134,0.0,0,0,5.7,0,0.0,0,0,0,17.042996406555176,506.79286670684814,27.56374288,27.563742876052856,2.1596038341522217,"null, null, null, psutil",2048,0,0.3770902156829834,1.8138236999511719,2,0,0,0.0,0,0.0,0,0.8213546505341163,0.0,0,0,1.9,0,0.0,0,0,0,3.333115577697754,181.51816017627718,8.47199392,8.471993923187256,0.468308687210083,False,,100,type:lambda-function|arch:aarch64|lambda:True|mem:2048,False,,stage1,0,6.046112574063814,19.411983728408813,16.0,0.0,0,0.0,0,0.0,0,75.49535498252281,13,0.0,0,0,19.86923076923077,0,0.0,0,0,0,49.51253404984107,1766.3825424946272,92.23303182538461,92.2330318230849,6.57083720427293,8
arm,0,0.6701883686913385,2.054611333211263,2.0,0.0,0,0.0,0,0.0,0,8.89296621746487,0.0,0,0,2.7399999999999998,0,0.0,0,0,0,6.065121311611599,198.906930589411,10.968854734333334,10.968854734632703,0.7732335726420084,,type:lambda-function|arch:aarch64|lambda:True|mem:2048,aws,0.49335327333068846,0.055476796073035045,4,aarch64,aarch64,False,,video,video_stage1_aws_2048Mb_arm_analysis.json,0,1.9891119003295898,3.85272216796875,2,0,0,0.0,0,0.0,0,6.065121311611599,0.0,0,0,5.7,0,0.0,0,0,0,11.081436157226562,330.18222248554224,18.06045341,18.060453414916992,1.8575994968414307,"null, null, null, psutil",2048,0,0.3611481189727783,1.5572566986083984,2,0,0,0.0,0,0.0,0,0.7732335726420084,0.0,0,0,1.9,0,0.0,0,0,0,3.8408141136169434,166.4525455236435,8.46036792,8.460367918014526,0.46076416969299316,False,,100,type:lambda-function|arch:aarch64|lambda:True|mem:2048,False,,stage1,0,6.031695318222046,18.491501998901366,18.0,0.0,0,0.0,0,0.0,0,80.03669595718384,10,0.0,0,0,24.659999999999997,0,0.0,0,0,0,54.58609180450439,1790.1623753046988,98.719692609,98.71969261169433,6.959102153778076,9
arm,0,0.6769853353500366,2.0426853312386406,2.0,0.0,0,0.0,0,0.0,0,9.610492102305095,0.0,0,0,2.67,0,0.0,0,0,0,6.8210848013559975,202.08067765182918,11.713071928888889,11.713071929083931,0.746721969710456,,type:lambda-function|arch:aarch64|lambda:True|mem:2048,aws,0.5449884463744693,0.056707652487821385,4,aarch64,aarch64,False,,video,video_stage1_aws_2048Mb_arm_analysis.json,0,0.9264891147613525,3.761881113052368,2,0,0,0.0,0,0.0,0,6.8210848013559975,0.0,0,0,5.7,0,0.0,0,0,0,21.84479546546936,348.78926696777353,26.09552312,26.09552311897278,1.8204269409179688,"null, null, null, psutil",2048,0,0.4022040367126465,1.3120710849761963,2,0,0,0.0,0,0.0,0,0.746721969710456,0.0,0,0,1.9,0,0.0,0,0,0,4.747568130493164,148.74448177814483,8.90012169,8.900121688842773,0.4550483226776123,False,,100,type:lambda-function|arch:aarch64|lambda:True|mem:2048,False,,stage1,0,6.769853353500366,20.426853312386406,20.0,0.0,0,0.0,0,0.0,0,96.10492102305095,9,0.0,0,0,26.7,0,0.0,0,0,0,68.21084801355997,2020.8067765182918,117.13071928888888,117.13071929083931,7.46721969710456,10
arm,0,1.2292712485348736,1.4183694830647222,2.0,0.0,0,0.0,0,0.0,0,7.242924345864191,0.0,0,0,2.6018518518518516,0,0.0,0,0,0,5.285824292235905,161.770446506253,9.325164691203703,9.325164691165641,0.5387305705635635,,type:lambda-function|arch:aarch64|lambda:True|mem:2048,aws,0.4541051736980014,0.06269638505299337,4,aarch64,aarch64,False,,video,video_stage1_aws_2048Mb_arm_analysis.json,0,61.13601732254028,1.7184953689575195,2,0,0,0.0,0,0.0,0,5.285824292235905,0.0,0,0,5.6,0,0.0,0,0,0,12.12586760520935,196.21786698102952,16.41925693,16.419256925582886,1.0142548084259033,"null, null, null, psutil",2048,0,0.390533447265625,1.106288194656372,2,0,0,0.0,0,0.0,0,0.5387305705635635,0.0,0,0,1.9,0,0.0,0,0,0,3.69334077835083,141.68358099460602,8.00357366,8.003573656082153,0.291959285736084,False,,100,type:lambda-function|arch:aarch64|lambda:True|mem:2048,False,,stage1,0,14.751254982418484,17.020433796776665,24.0,0.0,0,0.0,0,0.0,0,86.9150921503703,9,0.0,0,0,31.22222222222222,0,0.0,0,0,0,63.429891506830856,1941.245358075036,111.90197629444444,111.9019762939877,6.464766846762762,12
arm,0,0.695620633661747,1.1534463117520015,2.0,0.0,0,0.0,0,0.0,0,7.350326500833035,0.0,0,0,2.745833333333333,0,0.0,0,0,0,5.72550858433048,149.5750682984789,9.454655683333334,9.454655683288971,0.4713716047505538,,type:lambda-function|arch:aarch64|lambda:True|mem:2048,aws,0.4923831615606944,0.06698793060483654,4,aarch64,aarch64,False,,video,video_stage1_aws_2048Mb_arm_analysis.json,0,2.0058743953704834,2.6570863723754883,2,0,0,0.0,0,0.0,0,5.72550858433048,0.0,0,0,5.7,0,0.0,0,0,0,22.60129427909851,271.3930201649666,25.93805218,25.9380521774292,2.1854326725006104,"null, null, null, psutil",2048,0,0.36006641387939453,0.8701951503753662,2,0,0,0.0,0,0.0,0,0.4713716047505538,0.0,0,0,1.9,0,0.0,0,0,0,4.377917289733887,118.16981315612793,7.5050211,7.505021095275879,0.2659788131713867,False,,100,type:lambda-function|arch:aarch64|lambda:True|mem:2048,False,,stage1,0,11.129930138587952,18.455140988032024,32.0,0.0,0,0.0,0,0.0,0,117.60522401332857,12,0.0,0,0,43.93333333333333,0,0.0,0,0,0,91.60813734928767,2393.2010927756623,151.27449093333334,151.27449093262354,7.541945676008861,16
arm,0,0.888915811885487,0.9456932533871044,2.0,0.0,0,0.0,0,0.0,0,7.019583071361889,0.0,0,0,2.584090909090909,0,0.0,0,0,0,5.675888763774525,138.06868676586583,9.098077838818183,9.0980778390711,0.3980010542002591,,type:lambda-function|arch:aarch64|lambda:True|mem:2048,aws,0.5046219200073588,0.07188773391201647,4,aarch64,aarch64,False,,video,video_stage1_aws_2048Mb_arm_analysis.json,0,5.732703924179077,2.030398368835449,2,0,0,0.0,0,0.0,0,5.675888763774525,0.0,0,0,5.7,0,0.0,0,0,0,13.265947103500366,235.82530647516253,17.92948389,17.929483890533447,1.1695363521575928,"null, null, null, psutil",2048,0,0.4241654872894287,0.6646761894226074,2,0,0,0.0,0,0.0,0,0.3980010542002591,0.0,0,0,1.9,0,0.0,0,0,0,3.1038765907287598,111.17293810844421,6.39559674,6.395596742630005,0.22124648094177246,False,,100,type:lambda-function|arch:aarch64|lambda:True|mem:2048,False,,stage1,0,17.77831623770974,18.913865067742087,40.0,0.0,0,0.0,0,0.0,0,140.39166142723778,11,0.0,0,0,51.68181818181818,0,0.0,0,0,0,113.5177752754905,2761.3737353173165,181.96155677636366,181.96155678142202,7.960021084005183,20
arm,0,0.963688858350118,0.7343060155709584,2.0,0.0,0,0.0,0,0.0,0,5.946213917930921,0.0,0,0,2.591666666666667,0,0.0,0,0,0,4.868154193957647,123.72614307592313,8.028916850041666,8.028916849692662,0.3437537084023158,,type:lambda-function|arch:aarch64|lambda:True|mem:2048,aws,0.4701908278903961,0.07907398461944444,4,aarch64,aarch64,False,,video,video_stage1_aws_2048Mb_arm_analysis.json,0,5.904470920562744,1.0083065032958984,2,0,0,0.0,0,0.0,0,4.868154193957647,0.0,0,0,7.4,0,0.0,0,0,0,6.145553112030029,145.74244041442867,9.03494692,9.034946918487549,0.848076343536377,"null, null, null, psutil",2048,0,0.32883191108703613,0.4456613063812256,2,0,0,0.0,0,0.0,0,0.3437537084023158,0.0,0,0,1.9,0,0.0,0,0,0,3.1410317420959473,101.6352933883667,6.02686572,6.026865720748901,0.19597172737121582,False,,100,type:lambda-function|arch:aarch64|lambda:True|mem:2048,False,,stage1,0,23.12853260040283,17.623344373703002,48.0,0.0,0,0.0,0,0.0,0,142.7091340303421,10,0.0,0,0,62.2,0,0.0,0,0,0,116.83570065498353,2969.4274338221553,192.69400440099997,192.69400439262387,8.250089001655578,24
arm,0,2.2291587583430403,0.7245153320300115,2.0,0.0,0,0.0,0,0.0,0,6.059448759277146,0.0,0,0,2.6675324675324674,0,0.0,0,0,0,5.005880711140571,130.9326424473292,8.295880445357142,8.295880445412227,0.3290527161065634,,type:lambda-function|arch:aarch64|lambda:True|mem:2048,aws,0.5412419336396997,0.08932197550330742,4,aarch64,aarch64,False,,video,video_stage1_aws_2048Mb_arm_analysis.json,0,62.38466954231262,1.4871158599853516,2,0,0,0.0,0,0.0,0,5.005880711140571,0.0,0,0,5.7,0,0.0,0,0,0,13.8264741897583,209.52124336957937,17.53006124,17.5300612449646,0.9996001720428467,"null, null, null, psutil",2048,0,0.33867979049682617,0.4292795658111572,2,0,0,0.0,0,0.0,0,0.3290527161065634,0.0,0,0,0.0,0,0.0,0,0,0,3.2594287395477295,95.76761116981505,6.45272017,6.4527201652526855,0.18563008308410645,False,,100,type:lambda-function|arch:aarch64|lambda:True|mem:2048,False,,stage1,0,62.41644523360513,20.28642929684032,56.0,0.0,0,0.0,0,0.0,0,169.66456525976008,11,0.0,0,0,74.69090909090909,0,0.0,0,0,0,140.16465991193598,3666.1139885252173,232.28465246999997,232.28465247154236,9.213476050983775,28
x86,0,0.4463517715533574,9.08970832824707e-06,8.0,4.0,0,0.0,0,0.0,0,0.0006676713625590006,12.216458333333334,0,0,69.48541666666667,0,37.69543770833334,0,0,0,0.0004897514979044596,428.2691979015495,3.2132088095833335,3.2132088094949722,0.00016883015632629395,,type:unknown|arch:Unknown|lambda:False|mem:unknown,NA,1.2122035026550294e-06,0.0018155691117393248,4,x86_64,Intel(R) Core(TM) i7-10510U CPU @ 1.80GHz,False,,video,video_stage1_local_2048_x86_analysis.json,0,0.6758112907409668,2.3365020751953125e-05,8,4,0,0.0,0,0.0,0,0.0004897514979044596,24.85,0,0,100.0,0,75.684559,0,0,0,0.0010480880737304688,774.2149083328247,3.87359238,3.8735923767089844,0.0003914833068847656,"perf, rapl, null, psutil",2048,0,0.25580334663391113,4.5299530029296875e-06,8,4,0,0.0,0,0.0,0,9.08970832824707e-06,6.72,0,0,54.7,0,22.930115,0,0,0,0.0002741813659667969,246.8072280800343,2.31091046,2.31091046333313,8.702278137207031e-05,False,,220,type:unknown|arch:Unknown|lambda:False|mem:unknown,False,,stage1,0,1.7854070862134297,3.635883331298828e-05,32.0,16.0,0,0.0,0,0.0,0,0.0026706854502360025,12,48.865833333333335,0,0,277.94166666666666,0,150.78175083333335,0,0,0,0.0019590059916178384,1713.076791606198,12.852835238333334,12.852835237979889,0.0006753206253051758,4
x86,0,0.5100950519243876,9.187062581380208e-06,8.0,4.0,0,0.0,0,0.0,0,0.0006944179534912109,12.393,0,0,68.66000000000001,0,39.487008233333334,0,0,0,0.0005114316940307617,469.7777527276675,3.3074550553333335,3.307455054918925,0.00017379919687906902,,type:unknown|arch:Unknown|lambda:False|mem:unknown,NA,1.531483332316081e-06,0.002205420128636499,4,x86_64,Intel(R) Core(TM) i7-10510U CPU @ 1.80GHz,False,,video,video_stage1_local_2048_x86_analysis.json,0,0.9960863590240479,3.123283386230469e-05,8,4,0,0.0,0,0.0,0,0.0005114316940307617,19.26,0,0,100.0,0,62.57174,0,0,0,0.0011677742004394531,795.9257284092903,3.93030334,3.9303033351898193,0.0004417896270751953,"perf, rapl, null, psutil",2048,0,0.30806779861450195,5.0067901611328125e-06,8,4,0,0.0,0,0.0,0,9.187062581380208e-06,8.19,0,0,53.8,0,26.777641,0,0,0,0.0002872943878173828,289.44382945239545,2.30968404,2.3096840381622314,8.58306884765625e-05,False,,220,type:unknown|arch:Unknown|lambda:False|mem:unknown,False,,stage1,0,2.550475259621938,4.593531290690104e-05,40.0,20.0,0,0.0,0,0.0,0,0.0034720897674560547,12,61.965,0,0,343.30000000000007,0,197.43504116666668,0,0,0,0.0025571584701538086,2348.8887636383374,16.53727527666667,16.537275274594624,0.0008689959843953451,5
x86,0,0.5412362880176969,8.834732903374566e-06,8.0,4.0,0,0.0,0,0.0,0,0.0006697442796495226,13.445555555555556,0,0,66.3736111111111,0,42.08171833333333,0,0,0,0.0004979471365610758,460.4594152435495,3.2460258705555556,3.246025870243708,0.00016296241018507216,,type:unknown|arch:Unknown|lambda:False|mem:unknown,NA,1.7672999699910484e-06,0.0026387682936476545,4,x86_64,Intel(R) Core(TM) i7-10510U CPU @ 1.80GHz,False,,video,video_stage1_local_2048_x86_analysis.json,0,0.8987166881561279,1.6689300537109375e-05,8,4,0,0.0,0,0.0,0,0.0004979471365610758,18.18,0,0,96.0,0,55.804789,0,0,0,0.0018277168273925781,652.149501618743,3.3661592,3.366159200668335,0.0003402233123779297,"perf, rapl, null, psutil",2048,0,0.2923612594604492,4.5299530029296875e-06,8,4,0,0.0,0,0.0,0,8.834732903374566e-06,7.32,0,0,52.6,0,25.356563,0,0,0,0.0002741813659667969,254.66161761283874,2.32673931,2.3267393112182617,8.845329284667969e-05,False,,220,type:unknown|arch:Unknown|lambda:False|mem:unknown,False,,stage1,0,3.247417728106181,5.30083974202474e-05,48.0,24.0,0,0.0,0,0.0,0,0.004018465677897136,12,80.67333333333333,0,0,398.2416666666666,0,252.49030999999997,0,0,0,0.002987682819366455,2762.7564914612967,19.476155223333333,19.47615522146225,0.000977774461110433,6
x86,0,0.6425068804195949,1.0354178292410715e-05,8.0,4.0,0,0.0,0,0.0,0,0.0007901049795604887,13.166428571428572,0,0,72.44404761904762,0,41.796102880952375,0,0,0,0.0005836174601600284,520.5814673072525,3.310406650833333,3.310406650815691,0.00019613334110804966,,type:unknown|arch:Unknown|lambda:False|mem:unknown,NA,2.4164581298828126e-06,0.0030584013420938247,4,x86_64,Intel(R) Core(TM) i7-10510U CPU @ 1.80GHz,False,,video,video_stage1_local_2048_x86_analysis.json,0,1.2048180103302002,2.0503997802734375e-05,8,4,0,0.0,0,0.0,0,0.0005836174601600284,16.59,0,0,98.7,0,50.881951,0,0,0,0.0012307167053222656,784.190324730873,3.88904715,3.889047145843506,0.00042319297790527344,"perf, rapl, null, psutil",2048,0,0.317781925201416,5.245208740234375e-06,8,4,0,0.0,0,0.0,0,1.0354178292410715e-05,7.35,0,0,52.6,0,24.295348,0,0,0,0.0002892017364501953,274.1260887759924,2.37282109,2.372821092605591,8.821487426757812e-05,False,,220,type:unknown|arch:Unknown|lambda:False|mem:unknown,False,,stage1,0,4.497548162937164,7.2479248046875e-05,56.0,28.0,0,0.0,0,0.0,0,0.005530734856923421,12,92.165,0,0,507.10833333333335,0,292.5727201666666,0,0,0,0.004085322221120199,3644.0702711507674,23.17284655583333,23.17284655570984,0.0013729333877563477,7
x86,0,0.7403203323483467,1.1672576268513998e-05,8.0,4.0,0,0.0,0,0.0,0,0.0011802638570467632,14.178125,0,0,74.52395833333334,0,45.225296489583336,0,0,0,0.0009019350012143453,545.6415936865658,3.357614814895833,3.357614815235138,0.0002666562795639038,,type:unknown|arch:Unknown|lambda:False|mem:unknown,NA,3.1133095423380534e-06,0.0026378080831248405,4,x86_64,Intel(R) Core(TM) i7-10510U CPU @ 1.80GHz,False,,video,video_stage1_local_2048_x86_analysis.json,0,1.7589519023895264,3.933906555175781e-05,8,4,0,0.0,0,0.0,0,0.0009019350012143453,20.55,0,0,100.0,0,65.763075,0,0,0,0.01675128936767578,858.9112467312813,3.9525609,3.9525609016418457,0.005036592483520508,"perf, rapl, null, psutil",2048,0,0.31623291969299316,4.5299530029296875e-06,8,4,0,0.0,0,0.0,0,1.1672576268513998e-05,6.85,0,0,54.0,0,23.716123,0,0,0,0.00028705596923828125,248.25556873917583,2.32307649,2.3230764865875244,8.845329284667969e-05,False,,220,type:unknown|arch:Unknown|lambda:False|mem:unknown,False,,stage1,0,5.922562658786774,9.338061014811198e-05,64.0,32.0,0,0.0,0,0.0,0,0.009442110856374105,12,113.425,0,0,596.1916666666667,0,361.8023719166667,0,0,0,0.007215480009714763,4365.132749492526,26.860918519166663,26.860918521881104,0.0021332502365112305,8
x86,0,1.0567143117939983,1.0737666377314815e-05,8.0,4.0,0,0.0,0,0.0,0,0.0008398713888945403,13.44814814814815,0,0,77.275,0,43.0587112962963,0,0,0,0.0006175902154710558,531.8390843740272,3.276831480740741,3.276831481191847,0.00021154350704616972,,type:unknown|arch:Unknown|lambda:False|mem:unknown,NA,3.221944173177084e-06,0.003836235185267934,4,x86_64,Intel(R) Core(TM) i7-10510U CPU @ 1.80GHz,False,,video,video_stage1_local_2048_x86_analysis.json,0,4.708285808563232,2.193450927734375e-05,8,4,0,0.0,0,0.0,0,0.0006175902154710558,21.37,0,0,100.0,0,68.713388,0,0,0,0.0014863014221191406,830.0514659732579,3.90734649,3.907346487045288,0.0006380081176757812,"perf, rapl, null, psutil",2048,0,0.3172011375427246,4.291534423828125e-06,8,4,0,0.0,0,0.0,0,1.0737666377314815e-05,5.8,0,0,52.0,0,20.022165,0,0,0,0.0002460479736328125,263.6193788051605,2.29485607,2.294856071472168,7.534027099609375e-05,False,,220,type:unknown|arch:Unknown|lambda:False|mem:unknown,False,,stage1,0,9.510428806145985,9.663899739583334e-05,72.0,36.0,0,0.0,0,0.0,0,0.007558842500050863,12,121.03333333333335,0,0,695.475,0,387.5284016666667,0,0,0,0.005558311939239502,4786.551759366244,29.491483326666668,29.491483330726624,0.0019038915634155273,9
x86,0,1.4509863177935283,1.0895729064941407e-05,8.0,4.0,0,0.0,0,0.0,0,0.0008118450641632079,12.919083333333333,0,0,73.44083333333333,0,41.454965558333335,0,0,0,0.0005863626797993978,509.86638564242924,3.335482619,3.3354826192061107,0.0002145866552988688,,type:unknown|arch:Unknown|lambda:False|mem:unknown,NA,3.632636070251465e-06,0.004474543518960391,4,x86_64,Intel(R) Core(TM) i7-10510U CPU @ 1.80GHz,False,,video,video_stage1_local_2048_x86_analysis.json,0,5.264826774597168,4.363059997558594e-05,8,4,0,0.0,0,0.0,0,0.0005863626797993978,18.92,0,0,100.0,0,57.992835,0,0,0,0.0012068748474121094,803.5577465504407,3.9844451,3.984445095062256,0.0017864704132080078,"perf, rapl, null, psutil",2048,0,0.3215606212615967,3.814697265625e-06,8,4,0,0.0,0,0.0,0,1.0895729064941407e-05,6.05,0,0,48.1,0,20.695139,0,0,0,0.00025653839111328125,245.58652086496352,2.26545382,2.265453815460205,7.82012939453125e-05,False,,220,type:unknown|arch:Unknown|lambda:False|mem:unknown,False,,stage1,0,14.509863177935284,0.00010895729064941406,80.0,40.0,0,0.0,0,0.0,0,0.008118450641632078,12,129.19083333333333,0,0,734.4083333333333,0,414.54965558333333,0,0,0,0.005863626797993978,5098.663856424292,33.35482619,33.354826192061104,0.002145866552988688,10
x86,0,2.010438750187556,1.0960631900363498e-05,8.0,4.0,0,0.0,0,0.0,0,0.0008629610141118368,12.158402777777777,0,0,82.81875,0,39.45759375,0,0,0,0.0006383624341752795,524.9900808574342,3.328240205902778,3.3282402058442435,0.00021363794803619385,,type:unknown|arch:Unknown|lambda:False|mem:unknown,NA,4.3851296106974285e-06,0.005081492140419139,4,x86_64,Intel(R) Core(TM) i7-10510U CPU @ 1.80GHz,False,,video,video_stage1_local_2048_x86_analysis.json,0,6.507232427597046,3.123283386230469e-05,8,4,0,0.0,0,0.0,0,0.0006383624341752795,21.25,0,0,100.0,0,64.876179,0,0,0,0.0017118453979492188,831.4448228073121,3.9711659,3.971165895462036,0.0005314350128173828,"perf, rapl, null, psutil",2048,0,0.3094911575317383,4.5299530029296875e-06,8,4,0,0.0,0,0.0,0,1.0960631900363498e-05,5.38,0,0,52.0,0,18.789871,0,0,0,0.0002694129943847656,261.66939266324044,2.29490805,2.294908046722412,8.726119995117188e-05,False,,220,type:unknown|arch:Unknown|lambda:False|mem:unknown,False,,stage1,0,24.12526500225067,0.00013152758280436197,96.0,48.0,0,0.0,0,0.0,0,0.010355532169342041,12,145.9008333333333,0,0,993.8249999999999,0,473.491125,0,0,0,0.0076603492101033534,6299.88097028921,39.938882470833335,39.93888247013092,0.002563655376434326,12
x86,0,2.9466441037754216,1.2560437122980753e-05,8.0,4.0,0,0.0,0,0.0,0,0.0010610086222489674,12.200052083333333,0,0,84.97864583333333,0,39.95685822916666,0,0,0,0.000779714435338974,572.8147332704564,3.3975624355729166,3.3975624355177083,0.00026873374978701275,,type:unknown|arch:Unknown|lambda:False|mem:unknown,NA,6.700239578882853e-06,0.006314971846958875,4,x86_64,Intel(R) Core(TM) i7-10510U CPU @ 1.80GHz,False,,video,video_stage1_local_2048_x86_analysis.json,0,7.508429765701294,3.719329833984375e-05,8,4,0,0.0,0,0.0,0,0.000779714435338974,22.95,0,0,100.0,0,73.890862,0,0,0,0.008525609970092773,862.0518835473061,4.04690695,4.0469069480896,0.004571199417114258,"perf, rapl, null, psutil",2048,0,0.29861879348754883,4.5299530029296875e-06,8,4,0,0.0,0,0.0,0,1.2560437122980753e-05,6.7,0,0,54.9,0,22.874761,0,0,0,0.00027680397033691406,267.87066178858277,2.28246307,2.2824630737304688,8.869171142578125e-05,False,,220,type:unknown|arch:Unknown|lambda:False|mem:unknown,False,,stage1,0,47.146305660406746,0.00020096699396769205,128.0,64.0,0,0.0,0,0.0,0,0.01697613795598348,12,195.20083333333332,0,0,1359.6583333333333,0,639.3097316666666,0,0,0,0.012475430965423584,9165.035732327302,54.360998969166666,54.36099896828333,0.004299739996592204,16
x86,0,4.006756864984831,1.0797381401062012e-05,8.0,4.0,0,0.0,0,0.0,0,0.0008749226729075114,12.859708333333334,0,0,80.03291666666668,0,41.620267274999996,0,0,0,0.0006379544734954834,542.9429774992963,3.3818191774583335,3.3818191776673,0.000226170818010966,,type:unknown|arch:Unknown|lambda:False|mem:unknown,NA,7.19969391822815e-06,0.008228948844476036,4,x86_64,Intel(R) Core(TM) i7-10510U CPU @ 1.80GHz,False,,video,video_stage1_local_2048_x86_analysis.json,0,12.049453735351562,2.5033950805664062e-05,8,4,0,0.0,0,0.0,0,0.0006379544734954834,21.83,0,0,100.0,0,69.145514,0,0,0,0.005106925964355469,1010.7024651241302,4.60792589,4.607925891876221,0.00391840934753418,"perf, rapl, null, psutil",2048,0,0.336414098739624,4.291534423828125e-06,8,4,0,0.0,0,0.0,0,1.0797381401062012e-05,6.2,0,0,54.9,0,21.488103,0,0,0,0.0002677440643310547,268.88366033732893,2.2883985,2.288398504257202,8.7738037109375e-05,False,,220,type:unknown|arch:Unknown|lambda:False|mem:unknown,False,,stage1,0,80.13513729969661,0.00021594762802124023,160.0,80.0,0,0.0,0,0.0,0,0.017498453458150227,12,257.19416666666666,0,0,1600.6583333333335,0,832.4053455,0,0,0,0.012759089469909668,10858.859549985926,67.63638354916667,67.63638355334601,0.00452341636021932,20
x86,0,4.8645247833596335,1.0776023070017496e-05,8.0,4.0,0,0.0,0,0.0,0,0.0008245350586043464,12.695625,0,0,80.50381944444445,0,41.08507470138889,0,0,0,0.0006102878186437818,533.4895126279961,3.3339490317708336,3.333949031929175,0.00020347121689054702,,type:unknown|arch:Unknown|lambda:False|mem:unknown,NA,8.6225426197052e-06,0.010457460273793807,4,x86_64,Intel(R) Core(TM) i7-10510U CPU @ 1.80GHz,False,,video,video_stage1_local_2048_x86_analysis.json,0,12.653026580810547,3.647804260253906e-05,8,4,0,0.0,0,0.0,0,0.0006102878186437818,19.3,0,0,100.0,0,59.128142,0,0,0,0.0023779869079589844,855.6718504238129,4.05382156,4.053821563720703,0.0007824897766113281,"perf, rapl, null, psutil",2048,0,0.2945070266723633,4.5299530029296875e-06,8,4,0,0.0,0,0.0,0,1.0776023070017496e-05,6.37,0,0,54.0,0,22.701115,0,0,0,0.0002841949462890625,278.23830925762655,2.27234602,2.272346019744873,8.96453857421875e-05,False,,220,type:unknown|arch:Unknown|lambda:False|mem:unknown,False,,stage1,0,116.7485948006312,0.0002586245536804199,192.0,96.0,0,0.0,0,0.0,0,0.01978884140650431,12,304.695,0,0,1932.0916666666667,0,986.0417928333334,0,0,0,0.014646907647450764,12803.748303071905,80.0147767625,80.0147767663002,0.004883309205373129,24
x86,0,5.94586531037376,1.0344244184948149e-05,8.0,4.0,0,0.0,0,0.0,0,0.0008313556512196858,12.73672619047619,0,0,82.5702380952381,0,41.25174492261905,0,0,0,0.0005938871985390073,531.5463034592747,3.311839989077381,3.311839989253453,0.00022712420849573044,,type:unknown|arch:Unknown|lambda:False|mem:unknown,NA,9.656558831532797e-06,0.011615436567208768,4,x86_64,Intel(R) Core(TM) i7-10510U CPU @ 1.80GHz,False,,video,video_stage1_local_2048_x86_analysis.json,0,17.622189044952393,6.0558319091796875e-05,8,4,0,0.0,0,0.0,0,0.0005938871985390073,21.96,0,0,100.0,0,69.629522,0,0,0,0.0028281211853027344,876.1517195498944,4.04418159,4.04418158531189,0.004570484161376953,"perf, rapl, null, psutil",2048,0,0.3035306930541992,4.5299530029296875e-06,8,4,0,0.0,0,0.0,0,1.0344244184948149e-05,6.76,0,0,54.0,0,22.979374,0,0,0,0.0002791881561279297,248.0765396416187,2.29021621,2.2902162075042725,8.702278137207031e-05,False,,220,type:unknown|arch:Unknown|lambda:False|mem:unknown,False,,stage1,0,166.48422869046527,0.00028963883717854816,224.0,112.0,0,0.0,0,0.0,0,0.023277958234151203,12,356.62833333333333,0,0,2311.9666666666667,0,1155.0488578333334,0,0,0,0.0166288415590922,14883.29649685969,92.73151969416666,92.73151969909668,0.006359477837880452,28
x86,0,24.94731879234314,42.04422751069069,8.0,4.0,0,1682.1059097111224,0,1121.403939807415,0,42.04586110711098,311.1315,0,0,92.47,0,1081.31114485,0,0,0,0.0010215401649475097,6838.483895732581,47.687405855,47.68740585446358,0.0006120562553405762,,type:unknown|arch:Unknown|lambda:False|mem:unknown,NA,1.4017545452064275,0.03333870465003645,1,x86_64,Intel(R) Core(TM) i7-10510U CPU @ 1.80GHz,False,,pi,pi_stage_local_512Mb_x86_analysis.json,0,53.42906737327576,47.905643463134766,8,4,0,1907.9046063423157,0,1271.9364042282104,0,42.04422751069069,402.21,0,0,100.0,0,1336.877803,0,0,0,0.0015060901641845703,9278.757381474974,53.51456928,53.51456928253174,0.0019156932830810547,"perf, rapl, ebpf, psutil",512,0,0.4086575508117676,34.410847902297974,8,4,0,1392.1176989078522,0,928.0784659385681,0,0.0006120562553405762,264.61,0,0,75.9,0,936.840682,0,0,0,0.0003247261047363281,3680.938970224858,38.86536765,38.86536765098572,0.00034356117248535156,False,,220,type:unknown|arch:Unknown|lambda:False|mem:unknown,False,,stage,0,99.78927516937256,168.17691004276276,32.0,16.0,0,6728.42363884449,0,4485.61575922966,0,168.18344442844392,10,1244.526,0,0,369.88,0,4325.2445794,0,0,0,0.004086160659790039,27353.935582930324,190.74962342,190.7496234178543,0.0024482250213623048,4
x86,0,32.4254140329361,32.84837191581726,8.0,4.0,0,1322.9017264652252,0,881.9344843101502,0,32.850123462677004,250.0932,0,0,88.98200000000001,0,868.19175342,0,0,0,0.0011768198013305663,5228.902258757006,38.5159587812,38.51595878124237,0.0005747270584106445,,type:unknown|arch:Unknown|lambda:False|mem:unknown,NA,1.3689558995916846,0.04167277791655905,1,x86_64,Intel(R) Core(TM) i7-10510U CPU @ 1.80GHz,False,,pi,pi_stage_local_512Mb_x86_analysis.json,0,90.07616710662842,38.060906648635864,8,4,0,1521.933151960373,0,1014.6221013069153,0,32.84837191581726,344.98,0,0,100.0,0,1145.734129,0,0,0,0.007561445236206055,7333.367631270289,44.99205565,44.99205565452576,0.0012731552124023438,"perf, rapl, ebpf, psutil",512,0,0.3979675769805908,27.127929210662842,8,4,0,1089.1265852451324,0,726.0843901634216,0,0.0005747270584106445,201.83,0,0,62.0,0,721.702008,0,0,0,0.0003724098205566406,2945.4204671859734,30.8906095,30.89060950279236,0.000331878662109375,False,,220,type:unknown|arch:Unknown|lambda:False|mem:unknown,False,,stage,0,162.12707016468048,164.2418595790863,40.0,20.0,0,6614.508632326126,0,4409.672421550751,0,164.25061731338502,10,1250.466,0,0,444.9100000000001,0,4340.9587671,0,0,0,0.005884099006652831,26144.51129378503,192.579793906,192.57979390621185,0.0028736352920532226,5
x86,0,35.22962298790614,28.023964953422546,8.0,4.0,0,1135.625796842575,0,757.0838645617167,0,28.025592203934984,220.07049999999998,0,0,91.28500000000001,0,761.5759687166667,0,0,0,0.0010487119356791179,4932.780590559762,33.6678761645,33.66787616411845,0.0005785385767618815,,type:unknown|arch:Unknown|lambda:False|mem:unknown,NA,1.4014784873206616,0.050007096268384454,1,x86_64,Intel(R) Core(TM) i7-10510U CPU @ 1.80GHz,False,,pi,pi_stage_local_512Mb_x86_analysis.json,0,80.91605997085571,33.65933799743652,8,4,0,1351.1265556812286,0,900.7510371208191,0,28.023964953422546,302.3,0,0,100.0,0,1000.259889,0,0,0,0.0015287399291992188,7742.082864757776,41.78247046,41.78247046470642,0.0010077953338623047,"perf, rapl, ebpf, psutil",512,0,0.44390439987182617,23.266069173812866,8,4,0,945.2746603488922,0,630.1831068992615,0,0.0005785385767618815,177.84,0,0,68.5,0,629.401647,0,0,0,0.00033783912658691406,2979.0024920439723,27.81904554,27.819045543670654,0.0003161430358886719,False,,220,type:unknown|arch:Unknown|lambda:False|mem:unknown,False,,stage,0,211.37773792743684,168.14378972053527,48.0,24.0,0,6813.75478105545,0,4542.5031873703,0,168.1535532236099,10,1320.4229999999998,0,0,547.71,0,4569.455812300001,0,0,0,0.006292271614074707,29596.68354335857,202.007256987,202.0072569847107,0.003471231460571289,6
x86,0,38.525212574005124,23.231273211751667,8.0,4.0,0,947.3427962269102,0,631.5618641512734,0,23.232790899276736,190.79857142857142,0,0,89.97142857142858,0,658.5164182000001,0,0,0,0.0009613956723894391,3948.380490642701,28.58669961157143,28.586699611800057,0.0005562918526785714,,type:unknown|arch:Unknown|lambda:False|mem:unknown,NA,1.3554286355396512,0.05834118859916426,1,x86_64,Intel(R) Core(TM) i7-10510U CPU @ 1.80GHz,False,,pi,pi_stage_local_512Mb_x86_analysis.json,0,97.80930376052856,26.8624587059021,8,4,0,1091.0995223522186,0,727.3996815681458,0,23.231273211751667,252.42,0,0,100.0,0,844.253149,0,0,0,0.0015189647674560547,5559.792287181616,33.47810316,33.478103160858154,0.0009734630584716797,"perf, rapl, ebpf, psutil",512,0,0.3474879264831543,19.24820041656494,8,4,0,798.0200972557068,0,532.0133981704712,0,0.0005562918526785714,144.81,0,0,66.0,0,510.161109,0,0,0,0.00035452842712402344,2148.6276689308884,23.31873298,23.318732976913452,0.00032067298889160156,False,,220,type:unknown|arch:Unknown|lambda:False|mem:unknown,False,,stage,0,269.67648801803585,162.61891248226166,56.0,28.0,0,6631.399573588371,0,4420.933049058914,0,162.62953629493717,10,1335.59,0,0,629.8000000000001,0,4609.614927400001,0,0,0,0.0067297697067260735,27638.663434498907,200.10689728100002,200.1068972826004,0.00389404296875,7
x86,0,41.54162195622921,20.888329508900643,8.0,4.0,0,856.2315229386091,0,570.8210152924061,0,20.890120714902878,176.932625,0,0,90.5775,0,609.9949007125,0,0,0,0.0011484503746032714,3807.473030472994,26.409840313249997,26.409840312600135,0.0006427556276321411,,type:unknown|arch:Unknown|lambda:False|mem:unknown,NA,1.392833811653495,0.06667428257893486,1,x86_64,Intel(R) Core(TM) i7-10510U CPU @ 1.80GHz,False,,pi,pi_stage_local_512Mb_x86_analysis.json,0,91.76008939743042,25.22814416885376,8,4,0,1028.1031408309937,0,685.4020938873291,0,20.888329508900643,224.37,0,0,100.0,0,751.388337,0,0,0,0.005288600921630859,5636.916462115644,31.04218388,31.042183876037598,0.007962942123413086,"perf, rapl, ebpf, psutil",512,0,0.36451125144958496,17.182168006896973,8,4,0,702.6754953861237,0,468.45033025741577,0,0.0006427556276321411,135.62,0,0,69.6,0,478.07336,0,0,0,0.00033926963806152344,2180.060103516579,21.83708072,21.837080717086792,0.00032639503479003906,False,,220,type:unknown|arch:Unknown|lambda:False|mem:unknown,False,,stage,0,332.33297564983366,167.10663607120514,64.0,32.0,0,6849.852183508873,0,4566.5681223392485,0,167.12096571922302,10,1415.461,0,0,724.62,0,4879.9592057,0,0,0,0.009187602996826172,30459.784243783954,211.27872250599998,211.27872250080108,0.005142045021057129,8
x86,0,45.382106675042046,18.575043442514207,8.0,4.0,0,767.4000338633855,0,511.60002257559034,0,18.576645787556966,154.9081111111111,0,0,90.92444444444445,0,535.9691369777778,0,0,0,0.0009646627638075087,3470.7275379296207,23.954843729777778,23.954843730396696,0.0006376822789510091,,type:unknown|arch:Unknown|lambda:False|mem:unknown,NA,1.3934068838402036,0.0750085295147059,1,x86_64,Intel(R) Core(TM) i7-10510U CPU @ 1.80GHz,False,,pi,pi_stage_local_512Mb_x86_analysis.json,0,109.06820487976074,22.700127840042114,8,4,0,933.5582134723663,0,622.3721423149109,0,18.575043442514207,213.02,0,0,100.0,0,706.820763,0,0,0,0.002575397491455078,5411.591836305856,28.96455073,28.964550733566284,0.0038788318634033203,"perf, rapl, ebpf, psutil",512,0,0.5132145881652832,15.16100263595581,8,4,0,627.4034750461578,0,418.2689833641052,0,0.0006376822789510091,114.93,0,0,70.0,0,407.355402,0,0,0,0.0003502368927001953,1695.9439229297636,18.86530685,18.865306854248047,0.0003266334533691406,False,,220,type:unknown|arch:Unknown|lambda:False|mem:unknown,False,,stage,0,408.4389600753784,167.17539098262787,72.0,36.0,0,6906.600304770469,0,4604.400203180313,0,167.1898120880127,10,1394.173,0,0,818.32,0,4823.7222328,0,0,0,0.008681964874267579,31236.547841366584,215.59359356800002,215.59359357357027,0.005739140510559081,9
x86,0,49.099639699459075,17.641019370555878,8.0,4.0,0,731.5558157587052,0,487.7038771724701,0,17.642695541381837,139.001,0,0,92.07700000000001,0,485.38175302,0,0,0,0.0010669159889221192,3679.7668818510415,23.333337650100002,23.33333765029907,0.0006092548370361328,,type:unknown|arch:Unknown|lambda:False|mem:unknown,NA,1.4703789645358325,0.08334208120788482,1,x86_64,Intel(R) Core(TM) i7-10510U CPU @ 1.80GHz,False,,pi,pi_stage_local_512Mb_x86_analysis.json,0,110.32792687416077,20.881850481033325,8,4,0,863.0484044551849,0,575.3656029701233,0,17.641019370555878,187.99,0,0,100.0,0,634.468955,0,0,0,0.0014259815216064453,5260.96266105473,26.9941771,26.994177103042603,0.0011577606201171875,"perf, rapl, ebpf, psutil",512,0,0.6093559265136719,13.929389715194702,8,4,0,575.4513366222382,0,383.63422441482544,0,0.0006092548370361328,114.76,0,0,73.0,0,406.46716,0,0,0,0.0005099773406982422,1979.3222602975368,18.36574507,18.365745067596436,0.00025725364685058594,False,,220,type:unknown|arch:Unknown|lambda:False|mem:unknown,False,,stage,0,490.9963969945908,176.41019370555878,80.0,40.0,0,7315.558157587052,0,4877.0387717247,0,176.42695541381838,10,1390.01,0,0,920.7700000000001,0,4853.8175302,0,0,0,0.010669159889221192,36797.668818510414,233.33337650100003,233.33337650299072,0.006092548370361328,10
x86,0,54.84110955397288,15.017554891109466,8.0,4.0,0,627.7001900851726,0,418.46679339011513,0,15.019406541188557,120.10633333333334,0,0,92.75166666666668,0,421.8773137416666,0,0,0,0.0012432177861531576,3349.5569424494656,20.676199143916666,20.676199144124986,0.0006084322929382324,,type:unknown|arch:Unknown|lambda:False|mem:unknown,NA,1.502055840208769,0.10000766915054848,1,x86_64,Intel(R) Core(TM) i7-10510U CPU @ 1.80GHz,False,,pi,pi_stage_local_512Mb_x86_analysis.json,0,130.15734601020813,21.316231966018677,8,4,0,877.5275881290436,0,585.018392086029,0,15.017554891109466,158.34,0,0,100.0,0,569.484503,0,0,0,0.0060422420501708984,6486.549104392529,30.62112331,30.62112331390381,0.0012013912200927734,"perf, rapl, ebpf, psutil",512,0,0.565150260925293,11.455868244171143,8,4,0,480.05267429351807,0,320.0351161956787,0,0.0006084322929382324,95.75,0,0,71.6,0,340.559611,0,0,0,0.0004851818084716797,1576.2106995344163,15.34174323,15.341743230819702,0.0003192424774169922,False,,220,type:unknown|arch:Unknown|lambda:False|mem:unknown,False,,stage,0,658.0933146476746,180.21065869331358,96.0,48.0,0,7532.402281022071,0,5021.601520681382,0,180.23287849426268,10,1441.276,0,0,1113.0200000000002,0,5062.5277649,0,0,0,0.01491861343383789,40194.683309393586,248.114389727,248.11438972949983,0.0073011875152587885,12
x86,0,59.954036216437814,10.799733284115792,8.0,4.0,0,462.04193818221165,0,308.02795878814106,0,10.801363010704518,97.8755625,0,0,91.361875,0,340.24791869374997,0,0,0,0.0010284349322319032,2501.4105448472983,16.2667918040625,16.266791804134847,0.0006012916564941406,,type:unknown|arch:Unknown|lambda:False|mem:unknown,NA,1.4402524307696822,0.13333987843407755,1,x86_64,Intel(R) Core(TM) i7-10510U CPU @ 1.80GHz,False,,pi,pi_stage_local_512Mb_x86_analysis.json,0,130.39453768730164,14.500671148300171,8,4,0,612.9941403865814,0,408.66276025772095,0,10.799733284115792,135.99,0,0,100.0,0,447.760939,0,0,0,0.006967067718505859,4584.547257636786,22.44658804,22.446588039398193,0.0034499168395996094,"perf, rapl, ebpf, psutil",512,0,0.5569612979888916,8.469196319580078,8,4,0,347.40701647991375,0,231.60467765327587,0,0.0006012916564941406,78.69,0,0,63.5,0,277.83602,0,0,0,0.0003631114959716797,1263.4835681521893,12.34023809,12.340238094329834,0.00027942657470703125,False,,220,type:unknown|arch:Unknown|lambda:False|mem:unknown,False,,stage,0,959.264579463005,172.79573254585267,128.0,64.0,0,7392.671010915386,0,4928.447340610257,0,172.8218081712723,10,1566.009,0,0,1461.79,0,5443.9666990999995,0,0,0,0.01645495891571045,40022.56871755677,260.268668865,260.26866886615755,0.00962066650390625,16
x86,0,68.46106548309326,8.922431876659394,8.0,4.0,0,378.60742072194466,0,252.40494714796313,0,8.924095274209977,84.02969999999999,0,0,90.9155,0,292.57929307,0,0,0,0.001041017770767212,2287.7934975516114,14.39545043925,14.395450439453125,0.0006223797798156738,,type:unknown|arch:Unknown|lambda:False|mem:unknown,NA,1.487369393839121,0.16666892812513068,1,x86_64,Intel(R) Core(TM) i7-10510U CPU @ 1.80GHz,False,,pi,pi_stage_local_512Mb_x86_analysis.json,0,158.4927589893341,11.492358684539795,8,4,0,498.1014289855957,0,332.06761932373047,0,8.922431876659394,123.34,0,0,100.0,0,406.248533,0,0,0,0.007611751556396484,3769.3363101947316,17.95477796,17.95477795600891,0.005418539047241211,"perf, rapl, ebpf, psutil",512,0,0.49414801597595215,6.9152305126190186,8,4,0,249.19602564200886,0,166.13068376133924,0,0.0006223797798156738,66.06,0,0,65.2,0,234.88813,0,0,0,0.00034499168395996094,1152.5676229923963,10.36644816,10.366448163986206,0.0002675056457519531,False,,220,type:unknown|arch:Unknown|lambda:False|mem:unknown,False,,stage,0,1369.2213096618652,178.44863753318788,160.0,80.0,0,7572.148414438893,0,5048.098942959263,0,178.48190548419953,10,1680.5939999999998,0,0,1818.31,0,5851.5858614,0,0,0,0.02082035541534424,45755.869951032226,287.909008785,287.9090087890625,0.012447595596313477,20
x86,0,74.72189020415148,7.491845891873042,8.0,4.0,0,300.24195490195575,0,200.1613032679705,0,7.493493847052256,74.901375,0,0,91.08041666666666,0,260.7615925,0,0,0,0.0010632187128067016,2126.888844304872,12.917634349875,12.917634350061416,0.0005847364664077759,,type:unknown|arch:Unknown|lambda:False|mem:unknown,NA,1.4986688522102836,0.19999600757660202,1,x86_64,Intel(R) Core(TM) i7-10510U CPU @ 1.80GHz,False,,pi,pi_stage_local_512Mb_x86_analysis.json,0,167.2729320526123,9.699498891830444,8,4,0,427.4365611076355,0,284.95770740509033,0,7.491845891873042,98.92,0,0,100.0,0,335.095822,0,0,0,0.005456209182739258,3519.814485057592,17.01811647,17.01811647415161,0.002248048782348633,"perf, rapl, ebpf, psutil",512,0,0.35730624198913574,5.738965034484863,8,4,0,192.53941190395034,0,128.3596079359669,0,0.0005847364664077759,58.7,0,0,64.0,0,209.591506,0,0,0,0.0003960132598876953,971.0933063143491,8.86580062,8.865800619125366,0.00028824806213378906,False,,220,type:unknown|arch:Unknown|lambda:False|mem:unknown,False,,stage,0,1793.3253648996356,179.804301404953,192.0,96.0,0,7205.806917646938,0,4803.871278431292,0,179.84385232925413,10,1797.633,0,0,2185.93,0,6258.27822,0,0,0,0.025517249107360838,51045.33226331692,310.023224397,310.02322440147395,0.014033675193786621,24
x86,0,80.79023287211146,6.311929251466479,8.0,4.0,0,233.68875962376057,0,155.7925064158404,0,6.313499177353723,70.70053571428572,0,0,91.01642857142856,0,244.24127473214284,0,0,0,0.0010006776877811976,1917.9368264227828,11.672648260535714,11.672648260423115,0.0005692481994628906,,type:unknown|arch:Unknown|lambda:False|mem:unknown,NA,1.4730780487072468,0.23332196731586197,1,x86_64,Intel(R) Core(TM) i7-10510U CPU @ 1.80GHz,False,,pi,pi_stage_local_512Mb_x86_analysis.json,0,186.4210479259491,8.311795234680176,8,4,0,360.8768252344307,0,240.58455015628715,0,6.311929251466479,95.15,0,0,100.0,0,325.099632,0,0,0,0.00537109375,3261.4480292916296,15.53347874,15.533478736877441,0.0016472339630126953,"perf, rapl, ebpf, psutil",512,0,0.4071626663208008,4.805455923080444,8,4,0,148.46917035260157,0,98.97944690173438,0,0.0005692481994628906,54.87,0,0,64.6,0,194.769521,0,0,0,0.00032067298889160156,872.1753100848197,8.34107137,8.341071367263794,0.0002613067626953125,False,,220,type:unknown|arch:Unknown|lambda:False|mem:unknown,False,,stage,0,2262.126520419121,176.7340190410614,224.0,112.0,0,6543.285269465296,0,4362.190179643531,0,176.77797696590426,10,1979.6150000000002,0,0,2548.4599999999996,0,6838.7556925,0,0,0,0.028018975257873533,53702.23113983792,326.834151295,326.8341512918472,0.015938949584960938,28
arm,0,5.848121916531565,1.5744276300978135,2.0,0.0,0,0.0,0,0.0,0,3.7489904932046416,0.0,0,0,2.555263157894737,0,0.0,0,0,0,1.7567448959887415,209.71818271186612,6.472712525526316,6.474188940294573,0.41781796711808616,,type:lambda-function|arch:aarch64|lambda:True|mem:2048,aws,0.16802291668403863,0.044818176250004955,4,aarch64,aarch64,False,,ml,ml_stage2_aws_2048Mb_arm_analysis.json,0,68.32915091514587,2.0823187828063965,2,0,0,0.0,0,0.0,0,1.7567448959887415,0.0,0,0,5.9,0,0.0,0,0,0,3.6614320278167725,256.61143121719357,9.04734159,9.047341585159302,0.8051419722705595,"null, null, null, psutil",2048,0,1.0065898895263672,1.4408740997314453,2,0,0,0.0,0,0.0,0,0.41781796711808616,0.0,0,0,0.0,0,0.0,0,0,0,1.1594581604003906,193.21717117557566,5.88371086,5.883710861206055,0.296968936920166,False,,100,type:lambda-function|arch:aarch64|lambda:True|mem:2048,False,,stage2,0,23.39248766612626,6.297710520391254,8.0,0.0,0,0.0,0,0.0,0,14.995961972818566,19,0.0,0,0,10.221052631578948,0,0.0,0,0,0,7.026979583954966,838.8727308474645,25.890850102105265,25.89675576117829,1.6712718684723447,4
arm,0,6.593424637013376,1.569446083343317,2.0,0.0,0,0.0,0,0.0,0,4.013646754667666,0.0,0,0,2.3926315789473684,0,0.0,0,0,0,2.0474725313001922,210.46680043920466,6.737947299157895,6.729924807789415,0.39672814002415646,,type:lambda-function|arch:aarch64|lambda:True|mem:2048,aws,0.2093641075179985,0.05216306274948555,4,aarch64,aarch64,False,,ml,ml_stage2_aws_2048Mb_arm_analysis.json,0,63.14624261856079,2.070772647857666,2,0,0,0.0,0,0.0,0,2.0474725313001922,0.0,0,0,5.8,0,0.0,0,0,0,4.380493640899658,256.4061904907227,9.9009254,9.900925397872925,0.777440071105957,"null, null, null, psutil",2048,0,1.0042409896850586,1.454664707183838,2,0,0,0.0,0,0.0,0,0.39672814002415646,0.0,0,0,1.8,0,0.0,0,0,0,1.3364896774291992,195.51674337387084,5.7260241,5.845139147503394,0.2898881435394287,False,,100,type:lambda-function|arch:aarch64|lambda:True|mem:2048,False,,stage2,0,32.96712318506688,7.847230416716585,10.0,0.0,0,0.0,0,0.0,0,20.068233773338328,19,0.0,0,0,11.963157894736842,0,0.0,0,0,0,10.237362656500961,1052.3340021960232,33.689736495789475,33.649624038947074,1.9836407001207823,5
arm,0,3.43689190597539,1.5650083747674381,2.0,0.0,0,0.0,0,0.0,0,4.187351675890802,0.0,0,0,2.6921568627450982,0,0.0,0,0,0,2.242229748891799,208.86915198830232,6.939939873627451,6.934873974279973,0.380113552231565,,type:lambda-function|arch:aarch64|lambda:True|mem:2048,aws,0.2505265406327715,0.05982935278047202,4,aarch64,aarch64,False,,ml,ml_stage2_aws_2048Mb_arm_analysis.json,0,62.2451229095459,1.7043991088867188,2,0,0,0.0,0,0.0,0,2.242229748891799,0.0,0,0,5.8,0,0.0,0,0,0,3.46187162399292,222.21313633918763,8.51276374,8.512763738632202,0.7150204181671143,"null, null, null, psutil",2048,0,1.0018255710601807,1.415114402770996,2,0,0,0.0,0,0.0,0,0.380113552231565,0.0,0,0,1.9,0,0.0,0,0,0,1.6095123291015625,193.1124621236504,5.89652085,5.8965208530426025,0.3004119396209717,False,,100,type:lambda-function|arch:aarch64|lambda:True|mem:2048,False,,stage2,0,20.62135143585234,9.390050248604629,12.0,0.0,0,0.0,0,0.0,0,25.124110055344808,17,0.0,0,0,16.15294117647059,0,0.0,0,0,0,13.453378493350794,1253.214911929814,41.639639241764705,41.609243845679835,2.28068131338939,6
arm,0,6.140478926052095,1.5307747376438354,2.0,0.0,0,0.0,0,0.0,0,4.39315038782406,0.0,0,0,2.4285714285714284,0,0.0,0,0,0,2.4756594043406737,210.73438536673814,7.111226866363637,7.10789351586322,0.38671624583955144,,type:lambda-function|arch:aarch64|lambda:True|mem:2048,aws,0.2858874900023627,0.06507573489738046,4,aarch64,aarch64,False,,ml,ml_stage2_aws_2048Mb_arm_analysis.json,0,67.07942748069763,1.6758358478546143,2,0,0,0.0,0,0.0,0,2.4756594043406737,0.0,0,0,5.7,0,0.0,0,0,0,6.15838098526001,234.51452761888504,10.90475345,10.90475344657898,0.552140474319458,"null, null, null, psutil",2048,0,1.0134565830230713,1.3374247550964355,2,0,0,0.0,0,0.0,0,0.38671624583955144,0.0,0,0,1.8,0,0.0,0,0,0,1.6963920593261719,182.19049483537674,6.2359925,6.237913173339147,0.28975534439086914,False,,100,type:lambda-function|arch:aarch64|lambda:True|mem:2048,False,,stage2,0,42.983352482364666,10.715423163506848,14.0,0.0,0,0.0,0,0.0,0,30.75205271476842,22,0.0,0,0,17.0,0,0.0,0,0,0,17.329615830384714,1475.140697567167,49.77858806454546,49.755254611042545,2.7070137208768603,7
arm,0,14.546566785943309,1.5429834920460714,2.0,0.0,0,0.0,0,0.0,0,4.761575070393555,0.0,0,0,2.625,0,0.0,0,0,0,2.8262538610561676,211.6081578277242,7.47546707125,7.465616270265473,0.3923377172913159,,type:lambda-function|arch:aarch64|lambda:True|mem:2048,aws,0.32933439654231345,0.06916501192851995,4,aarch64,aarch64,False,,ml,ml_stage2_aws_2048Mb_arm_analysis.json,0,66.18294978141785,1.6909804344177246,2,0,0,0.0,0,0.0,0,2.8262538610561676,0.0,0,0,5.8,0,0.0,0,0,0,4.892041921615601,235.26861190795896,9.48855186,9.48855185508728,0.5613133907318115,"null, null, null, psutil",2048,0,1.028867483139038,1.4288992881774902,2,0,0,0.0,0,0.0,0,0.3923377172913159,0.0,0,0,1.8,0,0.0,0,0,0,1.8265961700987747,190.71989228725434,6.23247511,6.2259626727670305,0.27051758766174316,False,,100,type:lambda-function|arch:aarch64|lambda:True|mem:2048,False,,stage2,0,116.37253428754647,12.343867936368571,16.0,0.0,0,0.0,0,0.0,0,38.09260056314844,10,0.0,0,0,21.0,0,0.0,0,0,0,22.61003088844934,1692.8652626217936,59.80373657,59.72493016212378,3.138701738330527,8
arm,0,9.592623198853888,1.550397980891855,2.0,0.0,0,0.0,0,0.0,0,5.2589787649325,0.0,0,0,2.566666666666667,0,0.0,0,0,0,3.2875743598546583,216.89907504355435,7.9696733936752135,7.963748154541343,0.421006424185987,,type:lambda-function|arch:aarch64|lambda:True|mem:2048,aws,0.3722815631717522,0.07078970648335191,4,aarch64,aarch64,False,,ml,ml_stage2_aws_2048Mb_arm_analysis.json,0,71.1669533757863,1.7101852893829346,2,0,0,0.0,0,0.0,0,3.2875743598546583,0.0,0,0,5.6,0,0.0,0,0,0,6.370573576572572,237.22318126894,10.67574263,10.7825694066017,1.002840518951416,"null, null, null, psutil",2048,0,1.0090193460923667,1.4221299736893056,2,0,0,0.0,0,0.0,0,0.421006424185987,0.0,0,0,1.8,0,0.0,0,0,0,2.023014783859253,197.57621593475338,6.49680018,6.324692951034578,0.29281091690063477,False,,100,type:lambda-function|arch:aarch64|lambda:True|mem:2048,False,,stage2,0,86.33360878968499,13.953581828026696,18.0,0.0,0,0.0,0,0.0,0,47.3308088843925,13,0.0,0,0,23.1,0,0.0,0,0,0,29.588169238691926,1952.0916753919892,71.72706054307692,71.67373339087209,3.789057817673883,9
arm,0,3.2455960186400885,1.586303501635804,2.0,0.0,0,0.0,0,0.0,0,5.763577783028441,0.0,0,0,2.69,0,0.0,0,0,0,3.7386324437414706,219.70489777375502,8.4910384744,8.497361056560047,0.43864183765116577,,type:lambda-function|arch:aarch64|lambda:True|mem:2048,aws,0.4232257742364325,0.07343108571947662,4,aarch64,aarch64,False,,ml,ml_stage2_aws_2048Mb_arm_analysis.json,0,69.12265038490295,1.7373555173413802,2,0,0,0.0,0,0.0,0,3.7386324437414706,0.0,0,0,5.8,0,0.0,0,0,0,5.011629343032837,241.40822601318357,9.5053606,9.666331205883525,0.73840715114181,"null, null, null, psutil",2048,0,1.0100560632144218,1.4556868076324463,2,0,0,0.0,0,0.0,0,0.43864183765116577,0.0,0,0,1.8,0,0.0,0,0,0,2.6747400760650635,205.1179787993431,7.38791203,7.387912034988403,0.2942184126420153,False,,100,type:lambda-function|arch:aarch64|lambda:True|mem:2048,False,,stage2,0,32.45596018640089,15.86303501635804,20.0,0.0,0,0.0,0,0.0,0,57.63577783028441,15,0.0,0,0,26.9,0,0.0,0,0,0,37.38632443741471,2197.04897773755,84.910384744,84.97361056560047,4.386418376511657,10
arm,0,5.2827769687870765,1.5578076684241597,2.0,0.0,0,0.0,0,0.0,0,6.411645758430873,0.0,0,0,2.6880208333333333,0,0.0,0,0,0,4.378803784031725,226.55601306477658,9.119658855885417,9.110344314155641,0.47503430597498747,,type:lambda-function|arch:aarch64|lambda:True|mem:2048,aws,0.4987477031226789,0.07778778209430239,4,aarch64,aarch64,False,,ml,ml_stage2_aws_2048Mb_arm_analysis.json,0,67.45612120628357,1.767958164215088,2,0,0,0.0,0,0.0,0,4.378803784031725,0.0,0,0,5.8,0,0.0,0,0,0,5.384618932772808,254.3504123687744,10.58135064,10.592772799928255,1.026423328724251,"null, null, null, psutil",2048,0,1.041594862670406,1.4395971298217773,2,0,0,0.0,0,0.0,0,0.47503430597498747,0.0,0,0,1.8,0,0.0,0,0,0,2.7022383213043213,204.8797062131906,7.39844084,7.398440837860107,0.2834174633026123,False,,100,type:lambda-function|arch:aarch64|lambda:True|mem:2048,False,,stage2,0,63.39332362544492,18.693692021089916,24.0,0.0,0,0.0,0,0.0,0,76.93974910117048,16,0.0,0,0,32.25625,0,0.0,0,0,0,52.54564540838071,2718.672156777319,109.435906270625,109.3241317698677,5.700411671699849,12
arm,0,2.457676304961732,1.5532906932688426,2.0,0.0,0,0.0,0,0.0,0,7.802630787661352,0.0,0,0,2.6458333333333335,0,0.0,0,0,0,5.814269708013509,238.49169004515508,10.571443014322917,10.55683330278968,0.4350703863790005,,type:lambda-function|arch:aarch64|lambda:True|mem:2048,aws,0.6630687311426036,0.08498014954022222,4,aarch64,aarch64,False,,ml,ml_stage2_aws_2048Mb_arm_analysis.json,0,66.1044602394104,1.6658822701872296,2,0,0,0.0,0,0.0,0,5.814269708013509,0.0,0,0,5.8,0,0.0,0,0,0,6.754688723298083,260.01271026134486,11.50236082,11.507897784092437,0.8445134922462116,"null, null, null, psutil",2048,0,1.047249305248603,1.35971825378782,2,0,0,0.0,0,0.0,0,0.4350703863790005,0.0,0,0,1.8,0,0.0,0,0,0,3.8180949687957764,219.38592774868013,8.53746653,8.537466526031494,0.3075113296508789,False,,100,type:lambda-function|arch:aarch64|lambda:True|mem:2048,False,,stage2,0,39.32282087938771,24.852651092301482,32.0,0.0,0,0.0,0,0.0,0,124.84209260258163,12,0.0,0,0,42.333333333333336,0,0.0,0,0,0,93.02831532821614,3815.8670407224813,169.14308822916666,168.9093328446349,6.961126182064008,16
arm,0,2.4112164780658976,1.5488188231088422,2.0,0.0,0,0.0,0,0.0,0,8.854907103603635,0.0,0,0,2.4147916666666664,0,0.0,0,0,0,6.832306794696605,252.95607527442675,11.576727200395833,11.581023347244628,0.47378148579818574,,type:lambda-function|arch:aarch64|lambda:True|mem:2048,aws,0.8264497240108782,0.09333239912528753,4,aarch64,aarch64,False,,ml,ml_stage2_aws_2048Mb_arm_analysis.json,0,66.10997486114502,1.6571976208342702,2,0,0,0.0,0,0.0,0,6.832306794696605,0.0,0,0,5.7,0,0.0,0,0,0,12.278055429458618,276.8751151217419,17.02514265,17.175978646349,1.0537045001983643,"null, null, null, psutil",2048,0,1.011951180620393,1.410170078277588,2,0,0,0.0,0,0.0,0,0.47378148579818574,0.0,0,0,1.8,0,0.0,0,0,0,4.38637375831604,231.5576260782756,8.89953852,8.899538516998291,0.27913808822631836,False,,100,type:lambda-function|arch:aarch64|lambda:True|mem:2048,False,,stage2,0,48.22432956131795,30.976376462176844,40.0,0.0,0,0.0,0,0.0,0,177.0981420720727,24,0.0,0,0,48.29583333333333,0,0.0,0,0,0,136.6461358939321,5059.121505488535,231.53454400791668,231.62046694489254,9.475629715963715,20
arm,0,2.5956779520880655,1.5457758691636405,2.0,0.0,0,0.0,0,0.0,0,9.760138830786136,0.0,0,0,2.547222222222222,0,0.0,0,0,0,7.831221317222053,262.75272934600997,12.478025638694445,12.475741590290232,0.3831416444004421,,type:lambda-function|arch:aarch64|lambda:True|mem:2048,aws,0.9897912045428623,0.10141159072663918,4,aarch64,aarch64,False,,ml,ml_stage2_aws_2048Mb_arm_analysis.json,0,66.25329852104187,1.7231593132019043,2,0,0,0.0,0,0.0,0,7.831221317222053,0.0,0,0,5.8,0,0.0,0,0,0,12.861785411834717,287.7398894786835,17.80922624,17.800543227881708,0.6611638069152832,"null, null, null, psutil",2048,0,0.9904417597560401,1.375795393305775,2,0,0,0.0,0,0.0,0,0.3831416444004421,0.0,0,0,1.8,0,0.0,0,0,0,5.124739170074463,241.0975558280945,9.48573565,9.485735654830933,0.2596449851989746,False,,100,type:lambda-function|arch:aarch64|lambda:True|mem:2048,False,,stage2,0,62.29627085011357,37.09862085992737,48.0,0.0,0,0.0,0,0.0,0,234.24333193886727,15,0.0,0,0,61.133333333333326,0,0.0,0,0,0,187.9493116133293,6306.065504304239,299.4726153286667,299.41779816696555,9.195399465610612,24
arm,0,2.572835378170435,1.545444483425275,2.0,0.0,0,0.0,0,0.0,0,11.078398055747193,0.0,0,0,2.4112244897959183,0,0.0,0,0,0,9.061840873922643,279.64964912556417,13.775387054056122,13.772543985738983,0.47111269839927533,,type:lambda-function|arch:aarch64|lambda:True|mem:2048,aws,1.1545088468980176,0.10421261639891044,4,aarch64,aarch64,False,,ml,ml_stage2_aws_2048Mb_arm_analysis.json,0,68.12954902648926,1.661644697189331,2,0,0,0.0,0,0.0,0,9.061840873922643,0.0,0,0,7.4,0,0.0,0,0,0,34.10194284953217,301.04997371435167,38.958573,38.69623858834349,0.8898254823546107,"null, null, null, psutil",2048,0,1.081787446006919,1.359248742521983,2,0,0,0.0,0,0.0,0,0.47111269839927533,0.0,0,0,0.0,0,0.0,0,0,0,5.9621970653533936,252.8182864189148,10.48676658,10.486766576766968,0.3001093864440918,False,,100,type:lambda-function|arch:aarch64|lambda:True|mem:2048,False,,stage2,0,72.03939058877218,43.2724455359077,56.0,0.0,0,0.0,0,0.0,0,310.19514556092145,14,0.0,0,0,67.5142857142857,0,0.0,0,0,0,253.731544469834,7830.190175515797,385.7108375135714,385.63123160069154,13.191155555179709,28
arm,0,0.8720347881317139,44.43289797956293,2.0,0.0,0,0.0,0,0.0,0,53.71593011509288,0.0,0,0,2.972727272727272,0,0.0,0,0,0,1.698444583199241,2487.862893751535,55.697845178181815,55.69784517721696,7.584587552330711,,type:lambda-function|arch:aarch64|lambda:True|mem:2048,aws,4.7418788723789564,0.08827695736104554,4,aarch64,aarch64,False,,video,video_stage0_aws_2048Mb_arm_analysis.json,0,1.377614974975586,45.044520139694214,2,0,0,0.0,0,0.0,0,44.43289797956293,0.0,0,0,5.6,0,0.0,0,0,0,3.1243185997009277,2526.33348941803,56.60198164,56.60198163986206,8.23989748954773,"null, null, null, psutil",2048,0,0.6229457855224609,43.90404295921326,2,0,0,0.0,0,0.0,0,1.698444583199241,0.0,0,0,1.9,0,0.0,0,0,0,1.3375914096832275,2439.5454086780546,54.59380698,54.593806982040405,6.5307776927948,False,,100,type:lambda-function|arch:aarch64|lambda:True|mem:2048,False,,stage0,0,3.4881391525268555,177.73159191825172,8.0,0.0,0,0.0,0,0.0,0,214.86372046037152,11,0.0,0,0,11.890909090909089,0,0.0,0,0,0,6.793778332796964,9951.45157500614,222.79138071272726,222.79138070886785,30.338350209322844,4
arm,0,10.834631284077963,44.269605239232384,2.0,0.0,0,0.0,0,0.0,0,53.4453602830569,0.0,0,0,2.5916666666666663,0,0.0,0,0,0,1.5449269612630208,2481.9681408713263,55.495393693333334,55.49539369344711,7.630828082561493,,type:lambda-function|arch:aarch64|lambda:True|mem:2048,aws,5.9055653389136005,0.11049725004446768,4,aarch64,aarch64,False,,video,video_stage0_aws_2048Mb_arm_analysis.json,0,65.02624702453613,44.86662268638611,2,0,0,0.0,0,0.0,0,44.269605239232384,0.0,0,0,5.6,0,0.0,0,0,0,1.9475665092468262,2510.2129776000975,56.61573887,56.61573886871338,8.945382833480835,"null, null, null, psutil",2048,0,0.5867035388946533,43.65865230560303,2,0,0,0.0,0,0.0,0,1.5449269612630208,0.0,0,0,1.9,0,0.0,0,0,0,1.3650996685028076,2451.4614930152893,54.1043241,54.10432410240173,6.694500684738159,False,,100,type:lambda-function|arch:aarch64|lambda:True|mem:2048,False,,stage0,0,54.173156420389816,221.34802619616192,10.0,0.0,0,0.0,0,0.0,0,267.2268014152845,12,0.0,0,0,12.958333333333332,0,0.0,0,0,0,7.724634806315104,12409.840704356631,277.4769684666667,277.47696846723557,38.154140412807465,5
arm,0,0.7623005390167237,44.038060140609744,2.0,0.0,0,0.0,0,0.0,0,53.36809349060059,0.0,0,0,2.7,0,0.0,0,0,0,1.65021071434021,2469.8512259709837,55.445627142,55.44562714099884,7.679822635650635,,type:lambda-function|arch:aarch64|lambda:True|mem:2048,aws,7.049612667308808,0.13209414476367634,4,aarch64,aarch64,False,,video,video_stage0_aws_2048Mb_arm_analysis.json,0,1.0206317901611328,44.38420081138611,2,0,0,0.0,0,0.0,0,44.038060140609744,0.0,0,0,5.6,0,0.0,0,0,0,2.8348021507263184,2497.833013653755,57.10352778,57.103527784347534,9.352084636688232,"null, null, null, psutil",2048,0,0.5822601318359375,43.57561111450195,2,0,0,0.0,0,0.0,0,1.65021071434021,0.0,0,0,1.9,0,0.0,0,0,0,1.3750097751617432,2443.3847708940502,54.25083804,54.25083804130554,6.423720121383667,False,,100,type:lambda-function|arch:aarch64|lambda:True|mem:2048,False,,stage0,0,4.5738032341003425,264.2283608436585,12.0,0.0,0,0.0,0,0.0,0,320.2085609436036,10,0.0,0,0,16.200000000000003,0,0.0,0,0,0,9.901264286041261,14819.107355825901,332.673762852,332.673762845993,46.07893581390381,6
arm,0,0.7937852276696099,44.252466943528916,2.0,0.0,0,0.0,0,0.0,0,53.16953815354241,0.0,0,0,2.3777777777777778,0,0.0,0,0,0,1.4606783654954698,2478.9476592514247,55.276888979999995,55.27688897980584,7.456392844518025,,type:lambda-function|arch:aarch64|lambda:True|mem:2048,aws,8.26459072637346,0.15543845241813206,4,aarch64,aarch64,False,,video,video_stage0_aws_2048Mb_arm_analysis.json,0,0.895960807800293,44.76047229766846,2,0,0,0.0,0,0.0,0,44.252466943528916,0.0,0,0,3.8,0,0.0,0,0,0,1.7081193923950195,2510.994418716431,56.24175096,56.241750955581665,8.678894758224487,"null, null, null, psutil",2048,0,0.6962957382202148,43.88618564605713,2,0,0,0.0,0,0.0,0,1.4606783654954698,0.0,0,0,1.9,0,0.0,0,0,0,1.2598614692687988,2449.560884106159,54.28648758,54.2864875793457,6.719222545623779,False,,100,type:lambda-function|arch:aarch64|lambda:True|mem:2048,False,,stage0,0,5.556496593687269,309.7672686047024,14.0,0.0,0,0.0,0,0.0,0,372.1867670747969,9,0.0,0,0,16.644444444444446,0,0.0,0,0,0,10.224748558468288,17352.633614759972,386.93822286,386.93822285864087,52.194749911626175,7
arm,0,0.7077941298484802,44.15165855487188,2.0,0.0,0,0.0,0,0.0,0,53.384498576323196,0.0,0,0,2.5833333333333335,0,0.0,0,0,0,1.4614191850026448,2481.616662603617,55.467812617499995,55.467812617619835,7.771420836448669,,type:lambda-function|arch:aarch64|lambda:True|mem:2048,aws,9.423730001951853,0.17652558801276097,4,aarch64,aarch64,False,,video,video_stage0_aws_2048Mb_arm_analysis.json,0,0.8482320308685303,44.802672386169434,2,0,0,0.0,0,0.0,0,44.15165855487188,0.0,0,0,5.7,0,0.0,0,0,0,1.6568500995635986,2523.69406580925,57.29157925,57.291579246520996,9.16376805305481,"null, null, null, psutil",2048,0,0.6189055442810059,43.625969886779785,2,0,0,0.0,0,0.0,0,1.4614191850026448,0.0,0,0,1.9,0,0.0,0,0,0,1.1757080554962158,2453.4958287477493,53.26004791,53.260047912597656,6.254956245422363,False,,100,type:lambda-function|arch:aarch64|lambda:True|mem:2048,False,,stage0,0,5.662353038787842,353.21326843897504,16.0,0.0,0,0.0,0,0.0,0,427.07598861058557,12,0.0,0,0,20.666666666666668,0,0.0,0,0,0,11.691353480021158,19852.933300828936,443.74250093999996,443.7425009409587,62.171366691589355,8
arm,0,0.7173161983489991,44.27701089382172,2.0,0.0,0,0.0,0,0.0,0,53.665976881980896,0.0,0,0,2.54,0,0.0,0,0,0,1.5363555431365967,2484.4445808815954,55.62486400499999,55.62486400604248,7.852610445022583,,type:lambda-function|arch:aarch64|lambda:True|mem:2048,aws,10.631795855824471,0.1981105436542281,4,aarch64,aarch64,False,,video,video_stage0_aws_2048Mb_arm_analysis.json,0,0.8544878959655762,44.93208885192871,2,0,0,0.0,0,0.0,0,44.27701089382172,0.0,0,0,3.8,0,0.0,0,0,0,1.8560078144073486,2530.0779396057133,58.12259364,58.12259364128113,10.894177913665771,"null, null, null, psutil",2048,0,0.5988800525665283,43.60020327568054,2,0,0,0.0,0,0.0,0,1.5363555431365967,0.0,0,0,2.0,0,0.0,0,0,0,1.1942307949066162,2420.806025159359,53.26677513,53.266775131225586,6.3321216106414795,False,,100,type:lambda-function|arch:aarch64|lambda:True|mem:2048,False,,stage0,0,6.455845785140991,398.4930980443955,18.0,0.0,0,0.0,0,0.0,0,482.99379193782806,10,0.0,0,0,22.86,0,0.0,0,0,0,13.827199888229371,22360.001227934357,500.62377604499994,500.6237760543823,70.67349400520324,9
arm,0,7.419865396287706,44.39075369305081,2.0,0.0,0,0.0,0,0.0,0,54.271794716517135,0.0,0,0,2.588888888888889,0,0.0,0,0,0,1.454681396484375,2491.468971643183,56.32451573888889,56.3245157400767,8.426359626981947,,type:lambda-function|arch:aarch64|lambda:True|mem:2048,aws,11.843453085305955,0.21822482833245066,4,aarch64,aarch64,False,,video,video_stage0_aws_2048Mb_arm_analysis.json,0,61.08709740638733,44.75783634185791,2,0,0,0.0,0,0.0,0,44.39075369305081,0.0,0,0,5.6,0,0.0,0,0,0,1.7817916870117188,2522.8348798990255,62.641047,62.64104700088501,14.243671178817749,"null, null, null, psutil",2048,0,0.6081709861755371,43.881070375442505,2,0,0,0.0,0,0.0,0,1.454681396484375,0.0,0,0,1.9,0,0.0,0,0,0,1.2904748916625977,2452.645136475563,54.19596243,54.19596242904663,6.630175352096558,False,,100,type:lambda-function|arch:aarch64|lambda:True|mem:2048,False,,stage0,0,74.19865396287706,443.9075369305081,20.0,0.0,0,0.0,0,0.0,0,542.7179471651714,9,0.0,0,0,25.88888888888889,0,0.0,0,0,0,14.54681396484375,24914.68971643183,563.2451573888889,563.245157400767,84.26359626981947,10
arm,0,0.7423371209038628,44.38331474198235,2.0,0.0,0,0.0,0,0.0,0,53.74001842074924,0.0,0,0,2.5777777777777775,0,0.0,0,0,0,1.6213082207573786,2488.706008111106,55.80169916,55.80169916152954,7.735395458009508,,type:lambda-function|arch:aarch64|lambda:True|mem:2048,aws,14.209762047793069,0.26441676920428114,4,aarch64,aarch64,False,,video,video_stage0_aws_2048Mb_arm_analysis.json,0,0.8422572612762451,44.79808521270752,2,0,0,0.0,0,0.0,0,44.38331474198235,0.0,0,0,3.8,0,0.0,0,0,0,1.9321560859680176,2509.183341932296,57.09604621,57.09604620933533,8.662002801895142,"null, null, null, psutil",2048,0,0.5932633876800537,43.860114336013794,2,0,0,0.0,0,0.0,0,1.6213082207573786,0.0,0,0,1.9,0,0.0,0,0,0,1.3925917148590088,2453.534342455864,53.61784983,53.617849826812744,6.0274012088775635,False,,100,type:lambda-function|arch:aarch64|lambda:True|mem:2048,False,,stage0,0,8.908045450846354,532.5997769037882,24.0,0.0,0,0.0,0,0.0,0,644.8802210489908,9,0.0,0,0,30.93333333333333,0,0.0,0,0,0,19.455698649088543,29864.47209733327,669.62038992,669.6203899383545,92.8247454961141,12
arm,0,0.7060161503878507,44.262342561375014,2.0,0.0,0,0.0,0,0.0,0,53.685576525601476,0.0,0,0,2.290909090909091,0,0.0,0,0,0,1.4714698574759744,2480.771564232219,55.809945649090906,55.80994564836676,7.951764106750488,,type:lambda-function|arch:aarch64|lambda:True|mem:2048,aws,18.894708792599765,0.35195130639212363,4,aarch64,aarch64,False,,video,video_stage0_aws_2048Mb_arm_analysis.json,0,0.928142786026001,44.72194695472717,2,0,0,0.0,0,0.0,0,44.262342561375014,0.0,0,0,3.8,0,0.0,0,0,0,1.7494313716888428,2507.2153884410855,57.65799141,57.65799140930176,9.455141305923462,"null, null, null, psutil",2048,0,0.5512359142303467,43.742581844329834,2,0,0,0.0,0,0.0,0,1.4714698574759744,0.0,0,0,1.9,0,0.0,0,0,0,1.318343162536621,2459.321911382675,53.72797632,53.72797632217407,6.49990177154541,False,,100,type:lambda-function|arch:aarch64|lambda:True|mem:2048,False,,stage0,0,11.296258406205611,708.1974809820002,32.0,0.0,0,0.0,0,0.0,0,858.9692244096236,11,0.0,0,0,36.654545454545456,0,0.0,0,0,0,23.54351771961559,39692.345027715506,892.9591303854545,892.9591303738681,127.22822570800781,16
arm,0,0.7271797873757102,44.065899328751996,2.0,0.0,0,0.0,0,0.0,0,53.28095956282182,0.0,0,0,2.6454545454545455,0,0.0,0,0,0,1.535642688924616,2467.8980417490006,55.35580548363637,55.35580548373136,7.679417545145208,,type:lambda-function|arch:aarch64|lambda:True|mem:2048,aws,23.513563881822062,0.4413126954685941,4,aarch64,aarch64,False,,video,video_stage0_aws_2048Mb_arm_analysis.json,0,0.8069422245025635,44.817134380340576,2,0,0,0.0,0,0.0,0,44.065899328751996,0.0,0,0,5.7,0,0.0,0,0,0,2.3188600540161133,2510.1131380796432,56.75933409,56.759334087371826,8.684913873672485,"null, null, null, psutil",2048,0,0.5695583820343018,43.15454721450806,2,0,0,0.0,0,0.0,0,1.535642688924616,0.0,0,0,1.9,0,0.0,0,0,0,1.313197374343872,2414.0848394870764,53.59778047,53.59778046607971,6.291675567626953,False,,100,type:lambda-function|arch:aarch64|lambda:True|mem:2048,False,,stage0,0,14.543595747514203,881.3179865750399,40.0,0.0,0,0.0,0,0.0,0,1065.6191912564364,11,0.0,0,0,52.90909090909091,0,0.0,0,0,0,30.71285377849232,49357.96083498001,1107.1161096727274,1107.1161096746273,153.58835090290415,20
arm,0,0.6423090934753418,44.102517223358156,2.0,0.0,0,0.0,0,0.0,0,53.514305734634405,0.0,0,0,2.3099999999999996,0,0.0,0,0,0,1.7232770442962646,2470.8352292251584,55.453992366,55.45399236679077,7.68851146697998,,type:lambda-function|arch:aarch64|lambda:True|mem:2048,aws,28.239723828460694,0.5277041987332365,4,aarch64,aarch64,False,,video,video_stage0_aws_2048Mb_arm_analysis.json,0,0.6997411251068115,44.65713667869568,2,0,0,0.0,0,0.0,0,44.102517223358156,0.0,0,0,3.8,0,0.0,0,0,0,2.524137496948242,2513.413151407242,56.69987631,56.69987630844116,8.792021751403809,"null, null, null, psutil",2048,0,0.5704307556152344,43.541264295578,2,0,0,0.0,0,0.0,0,1.7232770442962646,0.0,0,0,1.9,0,0.0,0,0,0,1.1941683292388916,2430.150559425354,54.19553065,54.19553065299988,6.015524387359619,False,,100,type:lambda-function|arch:aarch64|lambda:True|mem:2048,False,,stage0,0,15.415418243408205,1058.4604133605958,48.0,0.0,0,0.0,0,0.0,0,1284.3433376312257,10,0.0,0,0,55.43999999999999,0,0.0,0,0,0,41.35864906311035,59300.0455014038,1330.895816784,1330.8958168029785,184.5242752075195,24
arm,0,0.8092589161612771,44.37757487730546,2.0,0.0,0,0.0,0,0.0,0,53.85032322190025,0.0,0,0,2.6363636363636362,0,0.0,0,0,0,1.7202384905381636,2486.4325330907645,55.915057464545455,55.915057464079425,7.752509854056618,,type:lambda-function|arch:aarch64|lambda:True|mem:2048,aws,33.15182353634227,0.6156290538820729,4,aarch64,aarch64,False,,video,video_stage0_aws_2048Mb_arm_analysis.json,0,1.8080992698669434,44.86656045913696,2,0,0,0.0,0,0.0,0,44.37757487730546,0.0,0,0,3.8,0,0.0,0,0,0,2.8729395866394043,2503.922631657124,57.66173244,57.66173243522644,9.2573721408844,"null, null, null, psutil",2048,0,0.5908946990966797,43.97918248176575,2,0,0,0.0,0,0.0,0,1.7202384905381636,0.0,0,0,1.9,0,0.0,0,0,0,1.3309378623962402,2466.3435631155967,54.60938454,54.609384536743164,6.308629989624023,False,,100,type:lambda-function|arch:aarch64|lambda:True|mem:2048,False,,stage0,0,22.659249652515758,1242.572096564553,56.0,0.0,0,0.0,0,0.0,0,1507.809050213207,11,0.0,0,0,73.81818181818181,0,0.0,0,0,0,48.16667773506858,69620.11092654141,1565.6216090072728,1565.6216089942238,217.0702759135853,28
x86,0,0.8071755096316338,4.934714272618294,2.0,2.0,0,0.0,0,0.0,0,11.616958767175674,0.0,0,0,2.61875,0,0.0,0,0,0,5.404346764087677,707.5801664543897,13.73519414625,13.735194146633148,1.2778977304697037,,type:lambda-function|arch:x86_64|lambda:True|mem:2048,aws,0.6580934953963757,0.05664937860120958,4,x86_64,Intel(R) Xeon(R) Processor @ 2.90GHz,False,,video,video_stage1_aws_2048Mb_x86_analysis.json,0,2.0924553871154785,6.401214838027954,2,2,0,0.0,0,0.0,0,5.404346764087677,0.0,0,0,5.7,0,0.0,0,0,0,6.149888038635254,856.6973324775695,15.12314296,15.123142957687378,1.5412607192993164,"null, null, null, psutil",2048,0,0.41964125633239746,3.952045202255249,2,2,0,0.0,0,0.0,0,1.2778977304697037,0.0,0,0,1.0,0,0.0,0,0,0,3.870769500732422,590.7123047876358,11.96208763,11.962087631225586,0.9296612739562988,False,,220,type:lambda-function|arch:x86_64|lambda:True|mem:2048,False,,stage1,0,3.228702038526535,19.738857090473175,8.0,8.0,0,0.0,0,0.0,0,46.4678350687027,8,0.0,0,0,10.475,0,0.0,0,0,0,21.617387056350708,2830.3206658175586,54.940776585,54.94077658653259,5.111590921878815,4
x86,0,0.822468775510788,3.9886596858501435,2.0,2.0,0,0.0,0,0.0,0,10.390000003576278,0.0,0,0,2.4274999999999998,0,0.0,0,0,0,5.3383455038070675,618.0924865692258,12.505230682999999,12.505230683088303,1.0629948139190675,,type:lambda-function|arch:x86_64|lambda:True|mem:2048,aws,0.6649095696312189,0.06399514623699273,4,x86_64,Intel(R) Xeon(R) Processor @ 2.50GHz,False,,video,video_stage1_aws_2048Mb_x86_analysis.json,0,1.0339584350585938,5.136455535888672,2,2,0,0.0,0,0.0,0,5.3383455038070675,0.0,0,0,5.7,0,0.0,0,0,0,6.385700702667236,842.1661218142509,13.60786033,13.607860326766968,1.6243171691894531,"null, null, null, psutil",2048,0,0.4545867443084717,3.160594940185547,2,2,0,0.0,0,0.0,0,1.0629948139190675,0.0,0,0,0.0,0,0.0,0,0,0,4.867566347122192,509.4693655347824,11.39860773,11.398607730865479,0.7773163318634033,False,,220,type:lambda-function|arch:x86_64|lambda:True|mem:2048,False,,stage1,0,4.11234387755394,19.943298429250717,10.0,10.0,0,0.0,0,0.0,0,51.950000017881386,8,0.0,0,0,12.1375,0,0.0,0,0,0,26.69172751903534,3090.462432846129,62.526153414999996,62.52615341544151,5.314974069595337,5
x86,0,2.1053267270326614,3.2973251789808273,2.0,2.0,0,0.0,0,0.0,0,9.333921765287716,0.0,0,0,2.683333333333333,0,0.0,0,0,0,5.156173562010129,546.1394373630981,11.449552734374999,11.449552734692892,0.8804230242967606,,type:lambda-function|arch:x86_64|lambda:True|mem:2048,aws,0.6595969288033248,0.07066664424554375,4,x86_64,Intel(R) Xeon(R) Processor @ 2.50GHz,False,,video,video_stage1_aws_2048Mb_x86_analysis.json,0,61.312416553497314,4.503321886062622,2,2,0,0.0,0,0.0,0,5.156173562010129,0.0,0,0,5.7,0,0.0,0,0,0,5.7062788009643555,691.6540830039978,13.15431881,13.154318809509277,1.258854627609253,"null, null, null, psutil",2048,0,0.44438791275024414,2.635902166366577,2,2,0,0.0,0,0.0,0,0.8804230242967606,0.0,0,0,0.0,0,0.0,0,0,0,4.637518405914307,453.52971783399585,10.39364815,10.393648147583008,0.5812685489654541,False,,220,type:lambda-function|arch:x86_64|lambda:True|mem:2048,False,,stage1,0,12.631960362195969,19.783951073884964,12.0,12.0,0,0.0,0,0.0,0,56.003530591726296,8,0.0,0,0,16.099999999999998,0,0.0,0,0,0,30.937041372060776,3276.8366241785884,68.69731640625,68.69731640815735,5.282538145780563,6
x86,0,0.8835014828613826,2.79450210077422,2.0,2.0,0,0.0,0,0.0,0,8.642474519354957,0.0,0,0,2.314285714285714,0,0.0,0,0,0,5.089401568685259,490.7279527900049,10.748608636428571,10.748608636004585,0.7585708498954773,,type:lambda-function|arch:x86_64|lambda:True|mem:2048,aws,0.6521809002786876,0.07546228789198259,4,x86_64,Intel(R) Xeon(R) Processor @ 2.90GHz,False,,video,video_stage1_aws_2048Mb_x86_analysis.json,0,1.1194934844970703,3.826653242111206,2,2,0,0.0,0,0.0,0,5.089401568685259,0.0,0,0,5.7,0,0.0,0,0,0,6.002992153167725,561.910307366848,11.96917915,11.969179153442383,1.1635265350341797,"null, null, null, psutil",2048,0,0.4135134220123291,2.2061359882354736,2,2,0,0.0,0,0.0,0,0.7585708498954773,0.0,0,0,0.0,0,0.0,0,0,0,4.8066747188568115,406.3326179981233,9.88683748,9.886837482452393,0.5698106288909912,False,,220,type:lambda-function|arch:x86_64|lambda:True|mem:2048,False,,stage1,0,6.184510380029678,19.56151470541954,14.0,14.0,0,0.0,0,0.0,0,60.4973216354847,8,0.0,0,0,16.2,0,0.0,0,0,0,35.625810980796814,3435.0956695300342,75.240260455,75.24026045203209,5.309995949268341,7
x86,0,0.9722528345882893,2.415702197700739,2.0,2.0,0,0.0,0,0.0,0,7.843391716480255,0.0,0,0,2.8874999999999997,0,0.0,0,0,0,4.717592265456915,460.25879414513713,9.97882177359375,9.978821773082018,0.7100972533226013,,type:lambda-function|arch:x86_64|lambda:True|mem:2048,aws,0.6443160901707411,0.08214763631107791,4,x86_64,Intel(R) Xeon(R) Processor @ 2.50GHz,False,,video,video_stage1_aws_2048Mb_x86_analysis.json,0,2.1612181663513184,3.327558994293213,2,2,0,0.0,0,0.0,0,4.717592265456915,0.0,0,0,5.7,0,0.0,0,0,0,5.51047158241272,540.9960677528381,10.97546077,10.975460767745972,1.046201467514038,"null, null, null, psutil",2048,0,0.42824816703796387,1.9510293006896973,2,2,0,0.0,0,0.0,0,0.7100972533226013,0.0,0,0,1.9,0,0.0,0,0,0,3.270815849304199,373.49907553672784,8.43366599,8.433665990829468,0.4811878204345703,False,,220,type:lambda-function|arch:x86_64|lambda:True|mem:2048,False,,stage1,0,7.778022676706314,19.32561758160591,16.0,16.0,0,0.0,0,0.0,0,62.74713373184204,8,0.0,0,0,23.099999999999998,0,0.0,0,0,0,37.74073812365532,3682.070353161097,79.83057418875,79.83057418465614,5.6807780265808105,8
x86,0,0.9480392932891846,2.140727698802948,2.0,2.0,0,0.0,0,0.0,0,7.7545030944877205,0.0,0,0,2.4930555555555554,0,0.0,0,0,0,5.004607286718157,433.53448390771945,9.864621063194445,9.864621063073477,0.6091681089666154,,type:lambda-function|arch:x86_64|lambda:True|mem:2048,aws,0.6423467533028127,0.08283532103551859,4,x86_64,Intel(R) Xeon(R) Processor @ 2.50GHz,False,,video,video_stage1_aws_2048Mb_x86_analysis.json,0,1.1745400428771973,3.0578322410583496,2,2,0,0.0,0,0.0,0,5.004607286718157,0.0,0,0,5.5,0,0.0,0,0,0,18.999966859817505,523.0984529042244,24.42656946,24.42656946182251,0.8201735019683838,"null, null, null, psutil",2048,0,0.474503755569458,1.7169926166534424,2,2,0,0.0,0,0.0,0,0.6091681089666154,0.0,0,0,0.0,0,0.0,0,0,0,4.149685621261597,353.426867351532,8.8886447,8.888644695281982,0.45212626457214355,False,,220,type:lambda-function|arch:x86_64|lambda:True|mem:2048,False,,stage1,0,8.532353639602661,19.266549289226532,18.0,18.0,0,0.0,0,0.0,0,69.79052785038948,8,0.0,0,0,22.4375,0,0.0,0,0,0,45.04146558046341,3901.810355169475,88.78158956875001,88.78158956766129,5.482512980699539,9
x86,0,0.9460676074028015,1.9298256903886795,2.0,2.0,0,0.0,0,0.0,0,7.434802520275117,0.0,0,0,2.9025,0,0.0,0,0,0,4.914698433876038,414.3230012426972,9.560863838375,9.560863837599754,0.5902783960103989,,type:lambda-function|arch:x86_64|lambda:True|mem:2048,aws,0.6434038851755858,0.08653947208698387,4,x86_64,Intel(R) Xeon(R) Processor @ 2.50GHz,False,,video,video_stage1_aws_2048Mb_x86_analysis.json,0,1.1179022789001465,2.9103596210479736,2,2,0,0.0,0,0.0,0,4.914698433876038,0.0,0,0,5.7,0,0.0,0,0,0,14.217350244522095,542.4728283691406,20.17957139,20.179571390151978,1.4809489250183105,"null, null, null, psutil",2048,0,0.4787440299987793,1.4539945125579834,2,2,0,0.0,0,0.0,0,0.5902783960103989,0.0,0,0,0.0,0,0.0,0,0,0,4.072180986404419,324.72212493896484,8.5019033,8.501903295516968,0.38345789909362793,False,,220,type:lambda-function|arch:x86_64|lambda:True|mem:2048,False,,stage1,0,9.460676074028015,19.298256903886795,20.0,20.0,0,0.0,0,0.0,0,74.34802520275116,8,0.0,0,0,29.025,0,0.0,0,0,0,49.146984338760376,4143.230012426972,95.60863838375,95.60863837599754,5.902783960103989,10
x86,0,1.345422762411612,1.587578104601966,2.6666666666666665,2.2222222222222223,0,0.0,0,0.0,0,6.8437916437784825,0.0,0,0,13.01388888888889,0,0.0,0,0,0,4.7970634853398355,378.2013423102211,8.49235313,8.492353130269933,0.4591500538366812,,type:lambda-function|arch:x86_64|lambda:True|mem:2048,aws,0.6351582480891547,0.09280794640593142,4,x86_64,Intel(R) Xeon(R) Processor @ 2.50GHz,False,,video,video_stage1_aws_2048Mb_x86_analysis.json,0,6.573197364807129,2.7291650772094727,8,4,0,0.0,0,0.0,0,4.7970634853398355,0.0,0,0,100.0,0,0.0,0,0,0,13.326229095458984,514.5937538552283,17.48719835,17.48719835281372,0.8189148902893066,"null, null, null, psutil",2048,0,0.41608715057373047,1.1789851188659668,2,2,0,0.0,0,0.0,0,0.4591500538366812,0.0,0,0,0.0,0,0.0,0,0,0,3.697384834289551,289.5385554504395,4.29905653,4.299056529998779,0.0001881122589111328,False,,220,type:lambda-function|arch:x86_64|lambda:True|mem:2048,False,,stage1,0,16.145073148939343,19.05093725522359,32.0,26.666666666666668,0,0.0,0,0.0,0,82.1254997253418,9,0.0,0,0,156.16666666666669,0,0.0,0,0,0,57.564761824078026,4538.416107722653,101.90823756,101.9082375632392,5.5098006460401745,12
x86,0,1.2009777128696442,1.1683729253709316,2.0,2.0,0,0.0,0,0.0,0,6.271139835938811,0.0,0,0,2.50625,0,0.0,0,0,0,4.672492995858192,330.1189182190224,8.36706207125,8.367062071338296,0.43027391470968723,,type:lambda-function|arch:x86_64|lambda:True|mem:2048,aws,0.6232568533098698,0.09938493951898397,4,x86_64,Intel(R) Xeon(R) Processor @ 2.50GHz,False,,video,video_stage1_aws_2048Mb_x86_analysis.json,0,3.3471839427948,1.873420000076294,2,2,0,0.0,0,0.0,0,4.672492995858192,0.0,0,0,5.7,0,0.0,0,0,0,6.093957424163818,435.47125543355946,9.56711411,9.567114114761353,1.0577569007873535,"null, null, null, psutil",2048,0,0.3997070789337158,0.916424036026001,2,2,0,0.0,0,0.0,0,0.43027391470968723,0.0,0,0,0.0,0,0.0,0,0,0,3.2498040199279785,259.19374148368837,6.95047116,6.9504711627960205,0.2639305591583252,False,,220,type:lambda-function|arch:x86_64|lambda:True|mem:2048,False,,stage1,0,19.215643405914307,18.693966805934906,32.0,32.0,0,0.0,0,0.0,0,100.33823737502098,8,0.0,0,0,40.1,0,0.0,0,0,0,74.75988793373108,5281.902691504359,133.87299314,133.87299314141273,6.884382635354996,16
x86,0,1.1736616283655166,0.9554621383547783,2.0,2.0,0,0.0,0,0.0,0,6.027165853977203,0.0,0,0,2.51125,0,0.0,0,0,0,4.704209837317467,303.42770240828395,8.1284190980625,8.128419098258018,0.36749387830495833,,type:lambda-function|arch:x86_64|lambda:True|mem:2048,aws,0.6371021538549662,0.10570509743556428,4,x86_64,Intel(R) Xeon(R) Processor @ 2.50GHz,False,,video,video_stage1_aws_2048Mb_x86_analysis.json,0,1.6805486679077148,1.7893164157867432,2,2,0,0.0,0,0.0,0,4.704209837317467,0.0,0,0,7.3,0,0.0,0,0,0,7.1045262813568115,420.5003135347366,10.92583895,10.925838947296143,0.9842896461486816,"null, null, null, psutil",2048,0,0.5209853649139404,0.7026646137237549,2,2,0,0.0,0,0.0,0,0.36749387830495833,0.0,0,0,0.0,0,0.0,0,0,0,3.9303030967712402,235.21685181379317,7.00241733,7.002417325973511,0.2179419994354248,False,,220,type:lambda-function|arch:x86_64|lambda:True|mem:2048,False,,stage1,0,23.473232567310333,19.109242767095566,40.0,40.0,0,0.0,0,0.0,0,120.54331707954405,8,0.0,0,0,50.225,0,0.0,0,0,0,94.08419674634933,6068.554048165679,162.56838196125,162.56838196516037,7.349877566099167,20
x86,0,1.3291594038407009,0.8132965664068857,2.0,2.0,0,0.0,0,0.0,0,5.765377646933,0.0,0,0,2.5442708333333335,0,0.0,0,0,0,4.606103636324406,288.2345085857685,7.87349070984375,7.873490709811449,0.34597744420170784,,type:lambda-function|arch:x86_64|lambda:True|mem:2048,aws,0.6507673805761338,0.11287506568148604,4,x86_64,Intel(R) Xeon(R) Processor @ 2.50GHz,False,,video,video_stage1_aws_2048Mb_x86_analysis.json,0,1.884016752243042,1.3677923679351807,2,2,0,0.0,0,0.0,0,4.606103636324406,0.0,0,0,5.7,0,0.0,0,0,0,5.65911865234375,483.3425116944314,11.00436687,11.004366874694824,3.4550466537475586,"null, null, null, psutil",2048,0,0.40433382987976074,0.45775437355041504,2,2,0,0.0,0,0.0,0,0.34597744420170784,0.0,0,0,0.0,0,0.0,0,0,0,3.9679927825927734,210.2251968383789,6.97962832,6.979628324508667,0.1947314739227295,False,,220,type:lambda-function|arch:x86_64|lambda:True|mem:2048,False,,stage1,0,31.89982569217682,19.51911759376526,48.0,48.0,0,0.0,0,0.0,0,138.36906352639198,8,0.0,0,0,61.0625,0,0.0,0,0,0,110.54648727178574,6917.6282060584435,188.96377703625,188.96377703547478,8.303458660840988,24
x86,0,2.489668100007943,0.7412279769778252,2.0,2.0,0,0.0,0,0.0,0,4.795344964734145,0.0,0,0,2.449553571428571,0,0.0,0,0,0,3.759982528431075,288.30994236428825,7.084373082812499,7.084373082433428,0.29413445932524546,,type:lambda-function|arch:x86_64|lambda:True|mem:2048,aws,0.6919511410683394,0.14429642625443556,4,x86_64,Intel(R) Xeon(R) Processor @ 2.50GHz,False,,video,video_stage1_aws_2048Mb_x86_analysis.json,0,3.219092607498169,1.3062264919281006,2,2,0,0.0,0,0.0,0,3.759982528431075,0.0,0,0,7.3,0,0.0,0,0,0,6.031426906585693,441.38636112213135,10.03150821,10.031508207321167,1.1157338619232178,"null, null, null, psutil",2048,0,0.4114232063293457,0.47656917572021484,2,2,0,0.0,0,0.0,0,0.29413445932524546,0.0,0,0,0.0,0,0.0,0,0,0,3.006117820739746,212.47600027799606,5.95595312,5.955953121185303,0.18086910247802734,False,,220,type:lambda-function|arch:x86_64|lambda:True|mem:2048,False,,stage1,0,69.7107068002224,20.754383355379105,56.0,56.0,0,0.0,0,0.0,0,134.26965901255608,8,0.0,0,0,68.58749999999999,0,0.0,0,0,0,105.2795107960701,8072.678386200071,198.36244631875,198.362446308136,8.235764861106873,28
x86,0,1.2369941748105562,1.1569258249722993,2.0,2.0,0,0.0,0,0.0,0,2.181298090861394,0.0,0,0,4.869230769230769,0,0.0,0,0,0,0.7446220838106595,364.30244066916975,5.182730785384615,5.182730784782996,0.2797501820784349,,type:lambda-function|arch:x86_64|lambda:True|mem:2048,aws,0.15428762801830587,0.07073202358939293,4,x86_64,Intel(R) Xeon(R) Processor @ 2.50GHz,False,,ml,ml_stage3_aws_2048Mb_x86_analysis.json,0,1.4739203453063965,1.2756564617156982,2,2,0,0.0,0,0.0,0,1.1569258249722993,0.0,0,0,16.3,0,0.0,0,0,0,0.9198765754699707,406.1921886277198,5.4893539,5.489353895187378,0.3439912796020508,"null, null, null, psutil",2048,0,1.1347324848175049,1.0379462242126465,2,2,0,0.0,0,0.0,0,0.2797501820784349,0.0,0,0,1.9,0,0.0,0,0,0,0.6269247531890869,324.15412128448486,4.5087378,4.508737802505493,0.14455676078796387,False,,220,type:lambda-function|arch:x86_64|lambda:True|mem:2048,False,,stage3,0,4.947976699242225,4.627703299889197,8.0,8.0,0,0.0,0,0.0,0,8.725192363445576,13,0.0,0,0,19.476923076923075,0,0.0,0,0,0,2.978488335242638,1457.209762676679,20.73092314153846,20.730923139131985,1.1190007283137395,4
x86,0,1.2805082968303136,1.1932037557874406,2.0,2.0,0,0.0,0,0.0,0,2.2959053856985907,0.0,0,0,4.8,0,0.0,0,0,0,0.832483070237296,372.13878584827694,5.327573402142858,5.32757340158735,0.2702185596738543,,type:lambda-function|arch:x86_64|lambda:True|mem:2048,aws,0.19890706608976635,0.0866355675319972,4,x86_64,Intel(R) Xeon(R) Processor @ 2.50GHz,False,,ml,ml_stage3_aws_2048Mb_x86_analysis.json,0,1.4723939895629883,1.2914769649505615,2,2,0,0.0,0,0.0,0,1.1932037557874406,0.0,0,0,18.0,0,0.0,0,0,0,1.0113558769226074,403.7783836126328,5.94299841,5.94299840927124,0.3486812114715576,"null, null, null, psutil",2048,0,1.1103150844573975,1.0555589199066162,2,2,0,0.0,0,0.0,0,0.2702185596738543,0.0,0,0,1.9,0,0.0,0,0,0,0.6306524276733398,324.31775732040404,4.87902308,4.87902307510376,0.145097017288208,False,,220,type:lambda-function|arch:x86_64|lambda:True|mem:2048,False,,stage3,0,6.402541484151568,5.966018778937203,10.0,10.0,0,0.0,0,0.0,0,11.479526928492954,14,0.0,0,0,24.0,0,0.0,0,0,0,4.16241535118648,1860.6939292413847,26.637867010714288,26.63786700793675,1.3510927983692713,5
x86,0,1.2227100408994234,1.2271681382105901,2.0,2.0,0,0.0,0,0.0,0,2.4463117122650146,0.0,0,0,2.4538461538461536,0,0.0,0,0,0,0.9386102786430945,374.5177685513863,5.461548989230769,5.461548988635723,0.28053329541133,,type:lambda-function|arch:x86_64|lambda:True|mem:2048,aws,0.24548271436764646,0.10034809265592591,4,x86_64,Intel(R) Xeon(R) Processor @ 2.50GHz,False,,ml,ml_stage3_aws_2048Mb_x86_analysis.json,0,1.5058953762054443,1.3664743900299072,2,2,0,0.0,0,0.0,0,1.2271681382105901,0.0,0,0,5.7,0,0.0,0,0,0,1.494001865386963,406.5321108055114,6.44553781,6.445537805557251,0.39638185501098633,"null, null, null, psutil",2048,0,1.0523691177368164,1.0867302417755127,2,2,0,0.0,0,0.0,0,0.28053329541133,0.0,0,0,1.0,0,0.0,0,0,0,0.7451519966125488,312.4653963184357,4.89300132,4.893001317977905,0.1815497875213623,False,,220,type:lambda-function|arch:x86_64|lambda:True|mem:2048,False,,stage3,0,7.33626024539654,7.36300882926354,12.0,12.0,0,0.0,0,0.0,0,14.677870273590088,13,0.0,0,0,14.72307692307692,0,0.0,0,0,0,5.631661671858567,2247.106611308318,32.76929393538461,32.76929393181434,1.68319977246798,6
x86,0,1.221801451274327,1.248735785484314,2.0,2.0,0,0.0,0,0.0,0,2.501521808760507,0.0,0,0,3.2714285714285714,0,0.0,0,0,0,0.9920614957809448,385.3340662544114,5.439220394285714,5.439220394407,0.260724527495248,,type:lambda-function|arch:x86_64|lambda:True|mem:2048,aws,0.2914299576163292,0.11650106610932627,4,x86_64,Intel(R) Xeon(R) Processor @ 2.50GHz,False,,ml,ml_stage3_aws_2048Mb_x86_analysis.json,0,1.4707870483398438,1.489844560623169,2,2,0,0.0,0,0.0,0,1.248735785484314,0.0,0,0,9.4,0,0.0,0,0,0,1.296027660369873,423.03837117195127,6.14924884,6.149248838424683,0.39261722564697266,"null, null, null, psutil",2048,0,1.068225622177124,1.1161572933197021,2,2,0,0.0,0,0.0,0,0.260724527495248,0.0,0,0,0.0,0,0.0,0,0,0,0.8058187961578369,357.30462022304533,4.8820796,4.882079601287842,0.16864871978759766,False,,220,type:lambda-function|arch:x86_64|lambda:True|mem:2048,False,,stage3,0,8.552610158920288,8.741150498390198,14.0,14.0,0,0.0,0,0.0,0,17.510652661323547,14,0.0,0,0,22.9,0,0.0,0,0,0,6.944430470466614,2697.33846378088,38.07454276,38.074542760849,1.8250716924667358,7
x86,0,1.218782901763916,1.2683885415395102,2.0,2.0,0,0.0,0,0.0,0,2.533588949839274,0.0,0,0,2.853333333333333,0,0.0,0,0,0,1.0440604527791342,363.07004269917803,5.503577454666667,5.503577454884847,0.22113995552062987,,type:lambda-function|arch:x86_64|lambda:True|mem:2048,aws,0.3383045917994182,0.13352781311304646,4,x86_64,Intel(R) Xeon(R) Processor @ 2.50GHz,False,,ml,ml_stage3_aws_2048Mb_x86_analysis.json,0,1.3901662826538086,1.3741052150726318,2,2,0,0.0,0,0.0,0,1.2683885415395102,0.0,0,0,7.5,0,0.0,0,0,0,1.1637461185455322,402.1986582899093,5.96572161,5.965721607208252,0.3646712303161621,"null, null, null, psutil",2048,0,1.0600035190582275,1.1598420143127441,2,2,0,0.0,0,0.0,0,0.22113995552062987,0.0,0,0,0.0,0,0.0,0,0,0,0.9365262985229492,324.9920999240875,5.39224243,5.392242431640625,0.15753412246704102,False,,220,type:lambda-function|arch:x86_64|lambda:True|mem:2048,False,,stage3,0,9.750263214111328,10.147108332316082,16.0,16.0,0,0.0,0,0.0,0,20.26871159871419,15,0.0,0,0,22.826666666666664,0,0.0,0,0,0,8.352483622233073,2904.5603415934243,44.028619637333335,44.02861963907878,1.769119644165039,8
x86,0,1.2344764300755091,1.2939564500536238,2.0,2.0,0,0.0,0,0.0,0,2.6563595873968944,0.0,0,0,4.014285714285714,0,0.0,0,0,0,1.1424220289502824,367.5347852672849,5.611996650714286,5.611996650695801,0.21998110839298793,,type:lambda-function|arch:x86_64|lambda:True|mem:2048,aws,0.3882645724030904,0.14616416175174957,4,x86_64,Intel(R) Xeon(R) Processor @ 2.50GHz,False,,ml,ml_stage3_aws_2048Mb_x86_analysis.json,0,1.4308090209960938,1.4256949424743652,2,2,0,0.0,0,0.0,0,1.2939564500536238,0.0,0,0,17.6,0,0.0,0,0,0,1.532174825668335,413.19965440750116,6.06956172,6.069561719894409,0.33693647384643555,"null, null, null, psutil",2048,0,1.0544898509979248,1.213301181793213,2,2,0,0.0,0,0.0,0,0.21998110839298793,0.0,0,0,1.9,0,0.0,0,0,0,0.9971632957458496,319.8052070212364,5.01043272,5.010432720184326,0.15073871612548828,False,,220,type:lambda-function|arch:x86_64|lambda:True|mem:2048,False,,stage3,0,11.110287870679581,11.645608050482615,18.0,18.0,0,0.0,0,0.0,0,23.90723628657205,14,0.0,0,0,36.128571428571426,0,0.0,0,0,0,10.281798260552542,3307.813067405564,50.50796985642858,50.50796985626221,1.9798299755368913,9
x86,0,1.2504249470574516,1.3676947525569372,2.0,2.0,0,0.0,0,0.0,0,2.7607711723872597,0.0,0,0,2.621428571428571,0,0.0,0,0,0,1.2070864949907576,372.85498257262367,5.804775102142857,5.804775101797921,0.18598992483956472,,type:lambda-function|arch:x86_64|lambda:True|mem:2048,aws,0.45598943050248286,0.16516741230247828,4,x86_64,Intel(R) Xeon(R) Processor @ 2.50GHz,False,,ml,ml_stage3_aws_2048Mb_x86_analysis.json,0,1.363004207611084,1.6605799198150635,2,2,0,0.0,0,0.0,0,1.3676947525569372,0.0,0,0,5.6,0,0.0,0,0,0,1.4603238105773926,414.6519991016388,6.44320846,6.443208456039429,0.28801727294921875,"null, null, null, psutil",2048,0,1.0943326950073242,1.2410774230957031,2,2,0,0.0,0,0.0,0,0.18598992483956472,0.0,0,0,1.9,0,0.0,0,0,0,1.0115530490875244,324.7214035391807,5.38294768,5.382947683334351,0.14834928512573242,False,,220,type:lambda-function|arch:x86_64|lambda:True|mem:2048,False,,stage3,0,12.504249470574516,13.676947525569371,20.0,20.0,0,0.0,0,0.0,0,27.607711723872598,14,0.0,0,0,26.214285714285708,0,0.0,0,0,0,12.070864949907577,3728.5498257262366,58.04775102142857,58.047751017979216,1.8598992483956471,10
x86,0,1.2274950345357258,1.4155924320220947,2.0,2.0,0,0.0,0,0.0,0,2.999829530715943,0.0,0,0,3.7466666666666666,0,0.0,0,0,0,1.4038938681284587,374.785326517423,5.915616067333334,5.9156160672505695,0.180343230565389,,type:lambda-function|arch:x86_64|lambda:True|mem:2048,aws,0.5663502202033998,0.18879413460145314,4,x86_64,Intel(R) Xeon(R) Processor @ 2.50GHz,False,,ml,ml_stage3_aws_2048Mb_x86_analysis.json,0,1.401879072189331,1.606278657913208,2,2,0,0.0,0,0.0,0,1.4155924320220947,0.0,0,0,10.2,0,0.0,0,0,0,1.7275116443634033,415.8382747077942,6.14863086,6.148630857467651,0.21555685997009277,"null, null, null, psutil",2048,0,1.0872299671173096,1.2651026248931885,2,2,0,0.0,0,0.0,0,0.180343230565389,0.0,0,0,0.0,0,0.0,0,0,0,1.219120740890503,332.5576148700714,5.53708982,5.537089824676514,0.15274429321289062,False,,220,type:lambda-function|arch:x86_64|lambda:True|mem:2048,False,,stage3,0,14.729940414428711,16.987109184265137,24.0,24.0,0,0.0,0,0.0,0,35.997954368591316,15,0.0,0,0,44.96,0,0.0,0,0,0,16.846726417541504,4497.423918209076,70.98739280800001,70.98739280700684,2.164118766784668,12
x86,0,1.2476596037546794,1.5276694933573405,2.0,2.0,0,0.0,0,0.0,0,3.449822727839152,0.0,0,0,3.4799999999999995,0,0.0,0,0,0,1.7461748123168945,399.927315782547,6.420304187333333,6.420304187138876,0.175978422164917,,type:lambda-function|arch:x86_64|lambda:True|mem:2048,aws,0.8149200145365397,0.2362208376564836,4,x86_64,Intel(R) Xeon(R) Processor @ 2.50GHz,False,,ml,ml_stage3_aws_2048Mb_x86_analysis.json,0,1.4028770923614502,1.8090853691101074,2,2,0,0.0,0,0.0,0,1.7461748123168945,0.0,0,0,7.7,0,0.0,0,0,0,1.976073980331421,472.7743713140487,7.13592625,7.135926246643066,0.1961536407470703,"null, null, null, psutil",2048,0,1.0793201923370361,1.2768690586090088,2,2,0,0.0,0,0.0,0,0.175978422164917,0.0,0,0,1.9,0,0.0,0,0,0,1.4930915832519531,337.60322799682615,5.88760114,5.887601137161255,0.14091730117797852,False,,220,type:lambda-function|arch:x86_64|lambda:True|mem:2048,False,,stage3,0,19.96255366007487,24.442711893717448,32.0,32.0,0,0.0,0,0.0,0,55.19716364542643,15,0.0,0,0,55.67999999999999,0,0.0,0,0,0,27.938796997070312,6398.837052520752,102.72486699733332,102.72486699422201,2.815654754638672,16
x86,0,1.231612745920817,1.5861357212066651,2.0,2.0,0,0.0,0,0.0,0,3.9022661368052165,0.0,0,0,3.6733333333333333,0,0.0,0,0,0,2.018678871790568,412.14942995055515,6.869410260666667,6.869410260518392,0.2974515438079834,,type:lambda-function|arch:x86_64|lambda:True|mem:2048,aws,1.0576352989006044,0.2710310526812223,4,x86_64,Intel(R) Xeon(R) Processor @ 2.50GHz,False,,ml,ml_stage3_aws_2048Mb_x86_analysis.json,0,1.3327443599700928,1.855945110321045,2,2,0,0.0,0,0.0,0,2.018678871790568,0.0,0,0,14.6,0,0.0,0,0,0,2.5031633377075195,454.8436892008781,7.4509809,7.45098090171814,0.3469374179840088,"null, null, null, psutil",2048,0,1.0671846866607666,1.2878522872924805,2,2,0,0.0,0,0.0,0,0.2974515438079834,0.0,0,0,0.0,0,0.0,0,0,0,1.6873624324798584,363.17928081512446,6.42087388,6.4208738803863525,0.19085907936096191,False,,220,type:lambda-function|arch:x86_64|lambda:True|mem:2048,False,,stage3,0,24.63225491841634,31.7227144241333,40.0,40.0,0,0.0,0,0.0,0,78.04532273610432,15,0.0,0,0,73.46666666666667,0,0.0,0,0,0,40.37357743581136,8242.988599011103,137.38820521333335,137.38820521036783,5.949030876159668,20
x86,0,1.3051476111778846,1.7878477756793683,2.0,2.0,0,0.0,0,0.0,0,4.515243475253766,0.0,0,0,3.2615384615384615,0,0.0,0,0,0,2.4394746927114634,440.3392023313962,7.5557346892307695,7.555734689419086,0.2879210068629338,,type:lambda-function|arch:x86_64|lambda:True|mem:2048,aws,1.4305642761876034,0.3168299304407284,4,x86_64,Intel(R) Xeon(R) Processor @ 2.50GHz,False,,ml,ml_stage3_aws_2048Mb_x86_analysis.json,0,1.4283795356750488,2.113628387451172,2,2,0,0.0,0,0.0,0,2.4394746927114634,0.0,0,0,7.7,0,0.0,0,0,0,3.0016863346099854,495.00190631866457,8.50664902,8.506649017333984,0.3592948913574219,"null, null, null, psutil",2048,0,1.0825624465942383,1.51090669631958,2,2,0,0.0,0,0.0,0,0.2879210068629338,0.0,0,0,0.0,0,0.0,0,0,0,2.0954010486602783,376.4468865203857,6.89968634,6.899686336517334,0.15403175354003906,False,,220,type:lambda-function|arch:x86_64|lambda:True|mem:2048,False,,stage3,0,31.32354266826923,42.90834661630484,48.0,48.0,0,0.0,0,0.0,0,108.36584340609039,13,0.0,0,0,78.27692307692308,0,0.0,0,0,0,58.54739262507512,10568.140855953508,181.33763254153848,181.33763254605807,6.910104164710411,24
x86,0,1.247000711304801,1.8294706514903478,2.0,2.0,0,0.0,0,0.0,0,4.821266736303057,0.0,0,0,2.8785714285714286,0,0.0,0,0,0,2.6882736001695906,442.9250310402257,7.782683116428571,7.782683117049081,0.3035224846431187,,type:lambda-function|arch:x86_64|lambda:True|mem:2048,aws,1.7078474425792696,0.3542321003979227,4,x86_64,Intel(R) Xeon(R) Processor @ 2.90GHz,False,,ml,ml_stage3_aws_2048Mb_x86_analysis.json,0,1.368683099746704,2.0474417209625244,2,2,0,0.0,0,0.0,0,2.6882736001695906,0.0,0,0,5.6,0,0.0,0,0,0,3.1151440143585205,489.72664672851556,8.4388392,8.438839197158813,0.38941121101379395,"null, null, null, psutil",2048,0,1.0705158710479736,1.5471580028533936,2,2,0,0.0,0,0.0,0,0.3035224846431187,0.0,0,0,0.0,0,0.0,0,0,0,2.266406774520874,363.5547473859787,7.03137112,7.031371116638184,0.16740798950195312,False,,220,type:lambda-function|arch:x86_64|lambda:True|mem:2048,False,,stage3,0,34.916019916534424,51.225178241729736,56.0,56.0,0,0.0,0,0.0,0,134.9954686164856,14,0.0,0,0,80.6,0,0.0,0,0,0,75.27166080474854,12401.900869126319,217.91512726,217.91512727737427,8.498629570007324,28
x86,0,2.582678920030594,136.68310740590096,2.0,2.0,0,0.0,0,0.0,0,138.93760388493538,0.0,0,0,2.2375,0,0.0,0,0,0,1.1211235463619231,4326.438365751862,144.38107708725002,144.3810770869255,1.1333729326725006,,type:lambda-function|arch:x86_64|lambda:True|mem:512,aws,4.557014800912738,0.0327990023830175,4,x86_64,Intel(R) Xeon(R) Processor @ 2.50GHz,False,,ml,ml_stage1_aws_512Mb_x86_analysis.json,0,2.9632294178009033,278.0974168777466,2,2,0,0.0,0,0.0,0,136.68310740590096,0.0,0,0,5.3,0,0.0,0,0,0,1.3351914882659912,7828.865635142326,285.82934046,285.82934045791626,1.4415171146392822,"null, null, null, psutil",512,0,2.085815191268921,122.42186331748962,2,2,0,0.0,0,0.0,0,1.1211235463619231,0.0,0,0,0.0,0,0.0,0,0,0,0.8979368209838867,3786.5758550834657,130.39173055,130.3917305469513,0.7992753982543945,False,,220,type:lambda-function|arch:x86_64|lambda:True|mem:512,False,,stage1,0,10.330715680122376,546.7324296236038,8.0,8.0,0,0.0,0,0.0,0,555.7504155397415,10,0.0,0,0,8.95,0,0.0,0,0,0,4.4844941854476925,17305.753463007448,577.5243083490001,577.524308347702,4.533491730690002,4
x86,0,2.583827042579651,135.42053098678588,2.0,2.0,0,0.0,0,0.0,0,137.60954503536223,0.0,0,0,2.6319999999999997,0,0.0,0,0,0,1.081213493347168,4292.821883523893,143.09329957059998,143.09329957008362,1.107800555229187,,type:lambda-function|arch:x86_64|lambda:True|mem:512,aws,5.643650628874303,0.041012057902117365,4,x86_64,Intel(R) Xeon(R) Processor @ 2.50GHz,False,,ml,ml_stage1_aws_512Mb_x86_analysis.json,0,3.2008745670318604,282.50173330307007,2,2,0,0.0,0,0.0,0,135.42053098678588,0.0,0,0,6.8,0,0.0,0,0,0,1.3431446552276611,8020.410376441479,290.4893291,290.48932909965515,2.289839506149292,"null, null, null, psutil",512,0,2.0224876403808594,123.05855011940002,2,2,0,0.0,0,0.0,0,1.081213493347168,0.0,0,0,0.0,0,0.0,0,0,0,0.8946423530578613,3881.2812968134886,130.50861025,130.50861024856567,0.8095614910125732,False,,220,type:lambda-function|arch:x86_64|lambda:True|mem:512,False,,stage1,0,12.919135212898254,677.1026549339294,10.0,10.0,0,0.0,0,0.0,0,688.0477251768111,10,0.0,0,0,13.159999999999998,0,0.0,0,0,0,5.4060674667358395,21464.109417619467,715.466497853,715.4664978504181,5.539002776145935,5
x86,0,2.6318111578623453,135.595048669974,2.0,2.0,0,0.0,0,0.0,0,137.78863219420114,0.0,0,0,2.105,0,0.0,0,0,0,1.081714920202891,4254.86207949845,143.2483590565,143.24835905631383,1.1118686040242514,,type:lambda-function|arch:x86_64|lambda:True|mem:512,aws,6.7811083839854005,0.04921384497400348,4,x86_64,Intel(R) Xeon(R) Processor @ 2.50GHz,False,,ml,ml_stage1_aws_512Mb_x86_analysis.json,0,3.1203389167785645,273.9537742137909,2,2,0,0.0,0,0.0,0,135.595048669974,0.0,0,0,3.7,0,0.0,0,0,0,1.345766544342041,7601.727108407021,282.06779623,282.06779623031616,1.5336024761199951,"null, null, null, psutil",512,0,2.0309691429138184,121.60103821754456,2,2,0,0.0,0,0.0,0,1.081714920202891,0.0,0,0,0.0,0,0.0,0,0,0,0.8803529739379883,3832.6030774354936,128.567698,128.56769800186157,0.7821025848388672,False,,220,type:lambda-function|arch:x86_64|lambda:True|mem:512,False,,stage1,0,15.790866947174072,813.570292019844,12.0,12.0,0,0.0,0,0.0,0,826.7317931652069,10,0.0,0,0,12.629999999999999,0,0.0,0,0,0,6.490289521217346,25529.1724769907,859.4901543389999,859.490154337883,6.671211624145508,6
x86,0,2.4696698120662144,135.77184662818908,2.0,2.0,0,0.0,0,0.0,0,137.8636811562947,0.0,0,0,2.3785714285714286,0,0.0,0,0,0,1.0364834036145891,4290.40519378015,143.4151259662857,143.41512596607208,1.0553511244910103,,type:lambda-function|arch:x86_64|lambda:True|mem:512,aws,7.9216083915216915,0.05745971908686409,4,x86_64,Intel(R) Xeon(R) Processor @ 2.50GHz,False,,ml,ml_stage1_aws_512Mb_x86_analysis.json,0,2.9444313049316406,288.55600142478943,2,2,0,0.0,0,0.0,0,135.77184662818908,0.0,0,0,7.0,0,0.0,0,0,0,1.3480374813079834,8026.702925777437,296.62612438,296.62612438201904,1.7663226127624512,"null, null, null, psutil",512,0,2.0686635971069336,122.87905979156494,2,2,0,0.0,0,0.0,0,1.0364834036145891,0.0,0,0,0.0,0,0.0,0,0,0,0.8591518402099609,3860.6512025356296,130.13099575,130.13099575042725,0.8189642429351807,False,,220,type:lambda-function|arch:x86_64|lambda:True|mem:512,False,,stage1,0,17.2876886844635,950.4029263973235,14.0,14.0,0,0.0,0,0.0,0,965.0457680940629,10,0.0,0,0,16.65,0,0.0,0,0,0,7.255383825302124,30032.836356461048,1003.9058817639999,1003.9058817625046,7.387457871437072,7
x86,0,2.6584585815668107,136.5057336717844,2.0,2.0,0,0.0,0,0.0,0,138.76353346407416,0.0,0,0,2.4274999999999998,0,0.0,0,0,0,1.1219171315431595,4328.228898949533,144.23509058300002,144.23509058356285,1.1358826607465744,,type:lambda-function|arch:x86_64|lambda:True|mem:512,aws,9.102202321234586,0.06559506012861184,4,x86_64,Intel(R) Xeon(R) Processor @ 2.50GHz,False,,ml,ml_stage1_aws_512Mb_x86_analysis.json,0,3.0100033283233643,279.1988949775696,2,2,0,0.0,0,0.0,0,136.5057336717844,0.0,0,0,7.9,0,0.0,0,0,0,1.3192381858825684,8100.669102497101,287.10872865,287.10872864723206,1.4565343856811523,"null, null, null, psutil",512,0,1.9404006004333496,118.55787396430969,2,2,0,0.0,0,0.0,0,1.1219171315431595,0.0,0,0,0.0,0,0.0,0,0,0,0.9005622863769531,3742.078408796787,126.11378026,126.11378026008606,0.7478017807006836,False,,220,type:lambda-function|arch:x86_64|lambda:True|mem:512,False,,stage1,0,21.267668652534486,1092.0458693742753,16.0,16.0,0,0.0,0,0.0,0,1110.1082677125933,10,0.0,0,0,19.419999999999998,0,0.0,0,0,0,8.975337052345276,34625.83119159626,1153.8807246640001,1153.8807246685028,9.087061285972595,8
x86,0,2.475007838673062,135.23644688129426,2.0,2.0,0,0.0,0,0.0,0,137.21404814190336,0.0,0,0,2.373333333333333,0,0.0,0,0,0,0.9914422035217285,4301.120676238324,142.78155365044444,142.78155364990235,0.9861590570873684,,type:lambda-function|arch:x86_64|lambda:True|mem:512,aws,10.144762062800291,0.07393384423954047,4,x86_64,Intel(R) Xeon(R) Processor @ 2.50GHz,False,,ml,ml_stage1_aws_512Mb_x86_analysis.json,0,3.1756224632263184,268.9765589237213,2,2,0,0.0,0,0.0,0,135.23644688129426,0.0,0,0,11.3,0,0.0,0,0,0,1.3023862838745117,7518.725034482481,276.72893023,276.72893023490906,1.4715921878814697,"null, null, null, psutil",512,0,2.0041656494140625,120.4205276966095,2,2,0,0.0,0,0.0,0,0.9861590570873684,0.0,0,0,0.0,0,0.0,0,0,0,0.8628361225128174,3766.248532218933,127.769032,127.76903200149536,0.7621166706085205,False,,220,type:lambda-function|arch:x86_64|lambda:True|mem:512,False,,stage1,0,22.275070548057556,1217.1280219316484,18.0,18.0,0,0.0,0,0.0,0,1234.9264332771302,10,0.0,0,0,21.36,0,0.0,0,0,0,8.922979831695557,38710.08608614492,1285.033982854,1285.0339828491212,8.875431513786316,9
x86,0,2.7134246182441712,141.96506855487823,2.0,2.0,0,0.0,0,0.0,0,144.23907591581346,0.0,0,0,2.412,0,0.0,0,0,0,1.126428210735321,4458.13284750402,149.6717447996,149.67174479961395,1.1475791501998902,,type:lambda-function|arch:x86_64|lambda:True|mem:512,aws,11.832788464049102,0.0820359419867292,4,x86_64,Intel(R) Xeon(R) Processor @ 2.50GHz,False,,ml,ml_stage1_aws_512Mb_x86_analysis.json,0,3.1604654788970947,276.4981026649475,2,2,0,0.0,0,0.0,0,141.96506855487823,0.0,0,0,5.4,0,0.0,0,0,0,1.2991576194763184,7862.142067871094,284.59047651,284.59047651290894,1.4439516067504883,"null, null, null, psutil",512,0,2.0302398204803467,121.96200942993164,2,2,0,0.0,0,0.0,0,1.126428210735321,0.0,0,0,0.0,0,0.0,0,0,0,0.9021992683410645,3756.0373986577993,129.84723854,129.8472385406494,0.7724215984344482,False,,220,type:lambda-function|arch:x86_64|lambda:True|mem:512,False,,stage1,0,27.134246182441714,1419.6506855487823,20.0,20.0,0,0.0,0,0.0,0,1442.3907591581346,10,0.0,0,0,24.119999999999997,0,0.0,0,0,0,11.26428210735321,44581.3284750402,1496.717447996,1496.7174479961395,11.475791501998902,10
x86,0,2.486666073401769,140.30405039389927,2.0,2.0,0,0.0,0,0.0,0,142.28005377451578,0.0,0,0,2.493333333333333,0,0.0,0,0,0,0.9938616573810577,4423.912974223156,147.88940827025,147.88940827051798,0.9821417232354482,,type:lambda-function|arch:x86_64|lambda:True|mem:512,aws,14.033211120397807,0.09863090959072535,4,x86_64,Intel(R) Xeon(R) Processor @ 2.50GHz,False,,ml,ml_stage1_aws_512Mb_x86_analysis.json,0,3.568427801132202,278.42150115966797,2,2,0,0.0,0,0.0,0,140.30405039389927,0.0,0,0,6.9,0,0.0,0,0,0,1.3771476745605469,8013.938396906853,286.82671428,286.82671427726746,1.4859611988067627,"null, null, null, psutil",512,0,1.9921965599060059,119.6987476348877,2,2,0,0.0,0,0.0,0,0.9821417232354482,0.0,0,0,0.0,0,0.0,0,0,0,0.8616366386413574,3785.424701526164,127.20754218,127.20754218101501,0.7809784412384033,False,,220,type:lambda-function|arch:x86_64|lambda:True|mem:512,False,,stage1,0,29.839992880821228,1683.6486047267913,24.0,24.0,0,0.0,0,0.0,0,1707.3606452941895,10,0.0,0,0,29.919999999999998,0,0.0,0,0,0,11.926339888572691,53086.955690677874,1774.6728992429998,1774.6728992462158,11.785700678825378,12
x86,0,2.8273031032747693,136.56264005932542,2.0,2.0,0,0.0,0,0.0,0,138.93423088722756,0.0,0,0,2.3125,0,0.0,0,0,0,1.1519896421167586,4336.278275393959,144.33047656368055,144.3304765638378,1.2196011857853994,,type:lambda-function|arch:x86_64|lambda:True|mem:512,aws,18.21199367831164,0.13108356063160742,4,x86_64,Intel(R) Xeon(R) Processor @ 2.50GHz,False,,ml,ml_stage1_aws_512Mb_x86_analysis.json,0,3.222701072692871,276.96247148513794,2,2,0,0.0,0,0.0,0,136.56264005932542,0.0,0,0,5.3,0,0.0,0,0,0,1.5369107723236084,7538.018048629761,284.97092581,284.9709258079529,2.0757908821105957,"null, null, null, psutil",512,0,1.9344308376312256,118.2584958076477,2,2,0,0.0,0,0.0,0,1.1519896421167586,0.0,0,0,0.0,0,0.0,0,0,0,0.8835413455963135,3610.551368167401,125.99089098,125.99089097976685,0.7856676578521729,False,,220,type:lambda-function|arch:x86_64|lambda:True|mem:512,False,,stage1,0,45.23684965239631,2185.0022409492067,32.0,32.0,0,0.0,0,0.0,0,2222.947694195641,9,0.0,0,0,37.0,0,0.0,0,0,0,18.431834273868137,69380.45240630335,2309.287625018889,2309.287625021405,19.51361897256639,16
x86,0,2.560398977332645,138.55673517915938,2.0,2.0,0,0.0,0,0.0,0,140.4860432161225,0.0,0,0,2.3144444444444447,0,0.0,0,0,0,0.9627153992652893,4370.200600017865,146.07586108205555,146.07586108181212,0.9665926376978556,,type:lambda-function|arch:x86_64|lambda:True|mem:512,aws,23.09740775436587,0.16441069323045152,4,x86_64,Intel(R) Xeon(R) Processor @ 2.50GHz,False,,ml,ml_stage1_aws_512Mb_x86_analysis.json,0,3.0501673221588135,281.2910087108612,2,2,0,0.0,0,0.0,0,138.55673517915938,0.0,0,0,6.9,0,0.0,0,0,0,1.3218541145324707,8248.66694690466,289.52849936,289.5284993648529,1.5082201957702637,"null, null, null, psutil",512,0,2.0326926708221436,120.15897560119629,2,2,0,0.0,0,0.0,0,0.9627153992652893,0.0,0,0,0.0,0,0.0,0,0,0,0.8645403385162354,3452.3663491320613,127.14773631,127.14773631095886,0.7826170921325684,False,,220,type:lambda-function|arch:x86_64|lambda:True|mem:512,False,,stage1,0,51.20797954665291,2771.1347035831877,40.0,40.0,0,0.0,0,0.0,0,2809.7208643224503,9,0.0,0,0,46.28888888888889,0,0.0,0,0,0,19.254307985305786,87404.01200035731,2921.517221641111,2921.5172216362425,19.33185275395711,20
x86,0,2.9182800740003585,138.26691400706767,2.0,2.0,0,0.0,0,0.0,0,140.68713154296077,0.0,0,0,2.3991666666666664,0,0.0,0,0,0,1.1680466800928115,4371.877364403893,145.98107476625,145.98107476631802,1.2521708558003108,,type:lambda-function|arch:x86_64|lambda:True|mem:512,aws,27.658913477973815,0.1965987448505749,4,x86_64,Intel(R) Xeon(R) Processor @ 2.50GHz,False,,ml,ml_stage1_aws_512Mb_x86_analysis.json,0,3.4638640880584717,279.51743817329407,2,2,0,0.0,0,0.0,0,138.26691400706767,0.0,0,0,7.0,0,0.0,0,0,0,1.3484444618225098,8332.083038530349,288.00840092,288.0084009170532,2.558723211288452,"null, null, null, psutil",512,0,1.883486270904541,118.59811091423035,2,2,0,0.0,0,0.0,0,1.1680466800928115,0.0,0,0,0.0,0,0.0,0,0,0,0.9006319046020508,3411.924817965031,126.11651325,126.1165132522583,0.803851842880249,False,,220,type:lambda-function|arch:x86_64|lambda:True|mem:512,False,,stage1,0,70.0387217760086,3318.405936169624,48.0,48.0,0,0.0,0,0.0,0,3376.4911570310587,10,0.0,0,0,57.58,0,0.0,0,0,0,28.033120322227475,104925.05674569344,3503.54579439,3503.5457943916326,30.05210053920746,24
x86,0,4.507976928779057,137.65405089003698,2.0,2.0,0,0.0,0,0.0,0,139.6875617844718,0.0,0,0,2.493928571428571,0,0.0,0,0,0,1.0886106967926026,4412.265210866009,146.74339808307144,146.74339808310782,0.9449001976421901,,type:lambda-function|arch:x86_64|lambda:True|mem:512,aws,32.12570239671683,0.22998255525631237,4,x86_64,Intel(R) Xeon(R) Processor @ 2.50GHz,False,,ml,ml_stage1_aws_512Mb_x86_analysis.json,0,6.1657326221466064,280.4742913246155,2,2,0,0.0,0,0.0,0,137.65405089003698,0.0,0,0,14.3,0,0.0,0,0,0,1.335672378540039,7751.895053446292,289.18335867,289.183358669281,1.4821608066558838,"null, null, null, psutil",512,0,1.9898931980133057,117.83856177330017,2,2,0,0.0,0,0.0,0,0.9449001976421901,0.0,0,0,0.0,0,0.0,0,0,0,0.8810713291168213,3412.5647978162765,125.65198374,125.65198373794556,0.7316648960113525,False,,220,type:lambda-function|arch:x86_64|lambda:True|mem:512,False,,stage1,0,126.2233540058136,3854.3134249210357,56.0,56.0,0,0.0,0,0.0,0,3911.2517299652104,10,0.0,0,0,69.82999999999998,0,0.0,0,0,0,30.481099510192873,123543.42590424824,4108.815146326,4108.815146327019,26.457205533981323,28
arm,0,0.4612716761502353,6.65518494085832,2.0,0.0,0,0.0,0,0.0,0,16.12768845124678,0.0,0,0,2.809090909090909,0,0.0,0,0,0,6.3516833782196045,465.71372814611954,18.23504684272727,18.23504684188149,3.1208201321688565,,type:lambda-function|arch:aarch64|lambda:True|mem:2048,aws,0.7102413368883999,0.04403863201074506,4,aarch64,aarch64,False,,video,video_stage3_aws_2048Mb_arm_analysis.json,0,0.7156021595001221,6.906259059906006,2,0,0,0.0,0,0.0,0,6.65518494085832,0.0,0,0,5.6,0,0.0,0,0,0,7.28318452835083,475.55881690979004,19.93735003,19.937350034713745,4.851343154907227,"null, null, null, psutil",2048,0,0.3556544780731201,6.438808917999268,2,0,0,0.0,0,0.0,0,3.1208201321688565,0.0,0,0,1.9,0,0.0,0,0,0,5.661163568496704,454.8108993530273,16.92375422,16.92375421524048,2.413996458053589,False,,100,type:lambda-function|arch:aarch64|lambda:True|mem:2048,False,,stage3,0,1.8450867046009412,26.62073976343328,8.0,0.0,0,0.0,0,0.0,0,64.51075380498712,11,0.0,0,0,11.236363636363636,0,0.0,0,0,0,25.406733512878418,1862.8549125844781,72.94018737090909,72.94018736752597,12.483280528675426,4
arm,0,0.4179343581199646,10.085110108057657,2.0,0.0,0,0.0,0,0.0,0,25.18312458197276,0.0,0,0,2.433333333333333,0,0.0,0,0,0,10.948272188504538,683.2624504129092,27.24885159833333,27.248851597309113,4.1497422854105634,,type:lambda-function|arch:aarch64|lambda:True|mem:2048,aws,1.3453536884148913,0.05342282622776514,4,aarch64,aarch64,False,,video,video_stage3_aws_2048Mb_arm_analysis.json,0,0.6036899089813232,35.81437969207764,2,0,0,0.0,0,0.0,0,10.948272188504538,0.0,0,0,3.8,0,0.0,0,0,0,42.537336349487305,2292.15261387825,93.55724955,93.55724954605103,13.453754186630249,"null, null, null, psutil",2048,0,0.3384873867034912,6.385639429092407,2,0,0,0.0,0,0.0,0,4.1497422854105634,0.0,0,0,1.9,0,0.0,0,0,0,5.886533498764038,462.49005365371704,17.0243876,17.02438759803772,2.4987592697143555,False,,100,type:lambda-function|arch:aarch64|lambda:True|mem:2048,False,,stage3,0,2.089671790599823,50.425550540288285,10.0,0.0,0,0.0,0,0.0,0,125.9156229098638,12,0.0,0,0,12.166666666666666,0,0.0,0,0,0,54.74136094252269,3416.3122520645456,136.24425799166664,136.24425798654556,20.748711427052818,5
arm,0,0.4043525457382202,7.735098338127136,2.0,0.0,0,0.0,0,0.0,0,19.988478660583496,0.0,0,0,2.33,0,0.0,0,0,0,8.146177053451538,542.4444231677055,22.071024013,22.071024012565612,4.107203269004822,,type:lambda-function|arch:aarch64|lambda:True|mem:2048,aws,1.2382345419673917,0.06194741295690213,4,aarch64,aarch64,False,,video,video_stage3_aws_2048Mb_arm_analysis.json,0,0.5063886642456055,18.671095609664917,2,0,0,0.0,0,0.0,0,8.146177053451538,0.0,0,0,3.8,0,0.0,0,0,0,22.121835947036743,1222.064268922806,49.98217869,49.982178688049316,11.638736724853516,"null, null, null, psutil",2048,0,0.34709739685058594,6.407716274261475,2,0,0,0.0,0,0.0,0,4.107203269004822,0.0,0,0,1.9,0,0.0,0,0,0,5.715712070465088,450.8900254011154,16.91361904,16.91361904144287,2.4665396213531494,False,,100,type:lambda-function|arch:aarch64|lambda:True|mem:2048,False,,stage3,0,2.4261152744293213,46.41059002876281,12.0,0.0,0,0.0,0,0.0,0,119.93087196350098,10,0.0,0,0,13.98,0,0.0,0,0,0,48.87706232070923,3254.666539006233,132.426144078,132.42614407539367,24.643219614028933,6
arm,0,0.4437877866956923,6.579316404130724,2.0,0.0,0,0.0,0,0.0,0,15.874229907989502,0.0,0,0,2.9777777777777774,0,0.0,0,0,0,6.437297158771091,465.5833582904603,17.990227566666665,17.99022756682502,2.857616345087687,,type:lambda-function|arch:aarch64|lambda:True|mem:2048,aws,1.228753131635454,0.07740552699296754,4,aarch64,aarch64,False,,video,video_stage3_aws_2048Mb_arm_analysis.json,0,0.5626118183135986,6.7490010261535645,2,0,0,0.0,0,0.0,0,6.579316404130724,0.0,0,0,3.8,0,0.0,0,0,0,7.920551300048828,474.6187542438507,20.42970109,20.42970108985901,4.21344518661499,"null, null, null, psutil",2048,0,0.3230600357055664,6.504580736160278,2,0,0,0.0,0,0.0,0,2.857616345087687,0.0,0,0,1.9,0,0.0,0,0,0,5.481430292129517,458.76169433593753,16.41430449,16.414304494857788,2.424697160720825,False,,100,type:lambda-function|arch:aarch64|lambda:True|mem:2048,False,,stage3,0,3.1065145068698463,46.05521482891507,14.0,0.0,0,0.0,0,0.0,0,111.11960935592651,9,0.0,0,0,20.84444444444444,0,0.0,0,0,0,45.061080111397644,3259.083508033222,125.93159296666666,125.93159296777515,20.003314415613808,7
arm,0,0.46014630794525146,10.733157674471537,2.0,0.0,0,0.0,0,0.0,0,26.47720104455948,0.0,0,0,2.5749999999999997,0,0.0,0,0,0,11.46075306336085,727.34240604043,28.541421054166666,28.541421055793762,4.283290306727092,,type:lambda-function|arch:aarch64|lambda:True|mem:2048,aws,2.2908851740392047,0.08652293609826008,4,aarch64,aarch64,False,,video,video_stage3_aws_2048Mb_arm_analysis.json,0,0.5368146896362305,56.27209448814392,2,0,0,0.0,0,0.0,0,11.46075306336085,0.0,0,0,5.7,0,0.0,0,0,0,67.63876819610596,3570.984001374244,146.65232038,146.65232038497925,20.541625499725342,"null, null, null, psutil",2048,0,0.3294811248779297,6.456811904907227,2,0,0,0.0,0,0.0,0,4.283290306727092,0.0,0,0,1.9,0,0.0,0,0,0,5.48377251625061,456.6044076204299,16.53379607,16.533796072006226,2.453242301940918,False,,100,type:lambda-function|arch:aarch64|lambda:True|mem:2048,False,,stage3,0,3.6811704635620117,85.8652613957723,16.0,0.0,0,0.0,0,0.0,0,211.81760835647583,12,0.0,0,0,20.599999999999998,0,0.0,0,0,0,91.6860245068868,5818.73924832344,228.33136843333332,228.3313684463501,34.266322453816734,8
arm,0,0.42903361320495603,7.777077412605285,2.0,0.0,0,0.0,0,0.0,0,19.9623920917511,0.0,0,0,2.52,0,0.0,0,0,0,7.714318323135376,543.4209080195427,22.033978773,22.03397877216339,4.470996356010437,,type:lambda-function|arch:aarch64|lambda:True|mem:2048,aws,1.8674318283147808,0.09354749770126221,4,aarch64,aarch64,False,,video,video_stage3_aws_2048Mb_arm_analysis.json,0,0.5732369422912598,18.530299186706543,2,0,0,0.0,0,0.0,0,7.777077412605285,0.0,0,0,3.8,0,0.0,0,0,0,18.98762798309326,1235.467290687561,46.97594261,46.975942611694336,13.366436243057251,"null, null, null, psutil",2048,0,0.3419475555419922,6.485971450805664,2,0,0,0.0,0,0.0,0,4.470996356010437,0.0,0,0,1.9,0,0.0,0,0,0,5.4240710735321045,453.82587382793423,16.41323233,16.41323232650757,2.3196470737457275,False,,100,type:lambda-function|arch:aarch64|lambda:True|mem:2048,False,,stage3,0,3.8613025188446044,69.99369671344756,18.0,0.0,0,0.0,0,0.0,0,179.6615288257599,10,0.0,0,0,22.68,0,0.0,0,0,0,69.42886490821839,4890.788172175884,198.305808957,198.3058089494705,40.23896720409393,9
arm,0,0.4356878333621555,9.481280432807075,2.0,0.0,0,0.0,0,0.0,0,22.979553805457222,0.0,0,0,2.755555555555555,0,0.0,0,0,0,9.633055024676853,638.7795681900448,25.01720455111111,25.0172045495775,3.8652183479732938,,type:lambda-function|arch:aarch64|lambda:True|mem:2048,aws,2.5296056194729277,0.11008071091755459,4,aarch64,aarch64,False,,video,video_stage3_aws_2048Mb_arm_analysis.json,0,0.5531904697418213,19.61691379547119,2,0,0,0.0,0,0.0,0,9.633055024676853,0.0,0,0,5.6,0,0.0,0,0,0,21.1545147895813,1249.0695894956589,50.56811476,50.56811475753784,8.430147409439087,"null, null, null, psutil",2048,0,0.3370089530944824,6.514405250549316,2,0,0,0.0,0,0.0,0,3.8652183479732938,0.0,0,0,1.9,0,0.0,0,0,0,6.018516778945923,455.77695269584655,16.9119463,16.911946296691895,2.3705084323883057,False,,100,type:lambda-function|arch:aarch64|lambda:True|mem:2048,False,,stage3,0,4.356878333621555,94.81280432807075,20.0,0.0,0,0.0,0,0.0,0,229.7955380545722,9,0.0,0,0,27.55555555555555,0,0.0,0,0,0,96.33055024676852,6387.795681900448,250.1720455111111,250.172045495775,38.65218347973294,10
arm,0,0.40459860695732963,6.6429482565985785,2.0,0.0,0,0.0,0,0.0,0,16.31437807612949,0.0,0,0,2.3666666666666667,0,0.0,0,0,0,6.663924853006999,467.5572679493162,18.44986219,18.44986218876309,3.0075049665239124,,type:lambda-function|arch:aarch64|lambda:True|mem:2048,aws,2.1268063138326005,0.13036392217392914,4,aarch64,aarch64,False,,video,video_stage3_aws_2048Mb_arm_analysis.json,0,0.47840380668640137,6.83026909828186,2,0,0,0.0,0,0.0,0,6.663924853006999,0.0,0,0,3.8,0,0.0,0,0,0,7.660918235778809,478.71576676368716,19.55575609,19.555756092071533,3.939922332763672,"null, null, null, psutil",2048,0,0.3518545627593994,6.521073579788208,2,0,0,0.0,0,0.0,0,3.0075049665239124,0.0,0,0,1.9,0,0.0,0,0,0,5.981887578964233,458.7456178665161,17.41163254,17.411632537841797,2.4801979064941406,False,,100,type:lambda-function|arch:aarch64|lambda:True|mem:2048,False,,stage3,0,4.855183283487955,79.71537907918294,24.0,0.0,0,0.0,0,0.0,0,195.7725369135539,9,0.0,0,0,28.4,0,0.0,0,0,0,79.96709823608398,5610.687215391795,221.39834628,221.39834626515704,36.09005959828695,12
arm,0,0.4012104164470326,6.632139162583784,2.0,0.0,0,0.0,0,0.0,0,16.1573663408106,0.0,0,0,1.9727272727272727,0,0.0,0,0,0,6.473609295758334,466.00809616392314,18.33465223,18.334652228788897,3.051617882468484,,type:lambda-function|arch:aarch64|lambda:True|mem:2048,aws,2.8311275657237656,0.1752220941214192,4,aarch64,aarch64,False,,video,video_stage3_aws_2048Mb_arm_analysis.json,0,0.498974084854126,6.853326320648193,2,0,0,0.0,0,0.0,0,6.632139162583784,0.0,0,0,2.0,0,0.0,0,0,0,7.374715566635132,475.61639976501465,19.60617423,19.60617423057556,3.807530641555786,"null, null, null, psutil",2048,0,0.3300814628601074,6.463820219039917,2,0,0,0.0,0,0.0,0,3.051617882468484,0.0,0,0,1.9,0,0.0,0,0,0,5.521188259124756,455.4433209776878,16.91681886,16.916818857192993,2.4580183029174805,False,,100,type:lambda-function|arch:aarch64|lambda:True|mem:2048,False,,stage3,0,6.4193666631525215,106.11422660134055,32.0,0.0,0,0.0,0,0.0,0,258.5178614529696,11,0.0,0,0,31.563636363636363,0,0.0,0,0,0,103.57774873213334,7456.12953862277,293.35443568,293.35443566062236,48.82588611949574,16
arm,0,0.4141288237138228,7.814025618813255,2.0,0.0,0,0.0,0,0.0,0,19.094028884714298,0.0,0,0,2.963636363636364,0,0.0,0,0,0,8.027659199454568,538.6699381904169,21.14671015727273,21.14671015739441,3.2523440664464776,,type:lambda-function|arch:aarch64|lambda:True|mem:2048,aws,4.169564070198753,0.21837005146340238,4,aarch64,aarch64,False,,video,video_stage3_aws_2048Mb_arm_analysis.json,0,0.5441915988922119,19.850266933441162,2,0,0,0.0,0,0.0,0,8.027659199454568,0.0,0,0,5.7,0,0.0,0,0,0,20.154081106185913,1274.2083292007446,49.96895409,49.96895408630371,8.083483457565308,"null, null, null, psutil",2048,0,0.3573920726776123,6.481186389923096,2,0,0,0.0,0,0.0,0,3.2523440664464776,0.0,0,0,1.9,0,0.0,0,0,0,6.245368719100952,452.40699654817587,17.91710877,17.91710877418518,2.420482635498047,False,,100,type:lambda-function|arch:aarch64|lambda:True|mem:2048,False,,stage3,0,8.282576474276457,156.2805123762651,40.0,0.0,0,0.0,0,0.0,0,381.880577694286,11,0.0,0,0,59.27272727272728,0,0.0,0,0,0,160.55318398909137,10773.398763808338,422.9342031454546,422.9342031478882,65.04688132892954,20
arm,0,0.4077667474746704,6.549991846084595,2.0,0.0,0,0.0,0,0.0,0,15.795983815193175,0.0,0,0,2.5300000000000002,0,0.0,0,0,0,6.416255688667297,464.366537116766,17.893644548,17.893644547462465,2.829736280441284,,type:lambda-function|arch:aarch64|lambda:True|mem:2048,aws,4.194090778884887,0.26551627476668166,4,aarch64,aarch64,False,,video,video_stage3_aws_2048Mb_arm_analysis.json,0,0.4889655113220215,6.749639511108398,2,0,0,0.0,0,0.0,0,6.549991846084595,0.0,0,0,3.8,0,0.0,0,0,0,7.724133253097534,478.4538999557495,18.91085315,18.910853147506714,3.6498196125030518,"null, null, null, psutil",2048,0,0.3408784866333008,6.413941860198975,2,0,0,0.0,0,0.0,0,2.829736280441284,0.0,0,0,1.9,0,0.0,0,0,0,6.034955263137817,456.29301924705504,17.41576409,17.415764093399048,2.3680202960968018,False,,100,type:lambda-function|arch:aarch64|lambda:True|mem:2048,False,,stage3,0,9.78640193939209,157.19980430603027,48.0,0.0,0,0.0,0,0.0,0,379.1036115646362,10,0.0,0,0,60.720000000000006,0,0.0,0,0,0,153.9901365280151,11144.796890802383,429.44746915200005,429.44746913909916,67.91367073059081,24
arm,0,0.38420202515342017,7.174718791788274,2.0,0.0,0,0.0,0,0.0,0,17.389044696634468,0.0,0,0,2.3000000000000003,0,0.0,0,0,0,7.320098118348555,497.2707295634529,19.48633610090909,19.48633610118519,2.8942277864976362,,type:lambda-function|arch:aarch64|lambda:True|mem:2048,aws,5.3598019262175125,0.30822865888974715,4,aarch64,aarch64,False,,video,video_stage3_aws_2048Mb_arm_analysis.json,0,0.4562516212463379,13.144234418869019,2,0,0,0.0,0,0.0,0,7.320098118348555,0.0,0,0,3.8,0,0.0,0,0,0,14.701175212860107,866.1628160953521,35.57136822,35.57136821746826,5.715144157409668,"null, null, null, psutil",2048,0,0.3299849033355713,6.389042377471924,2,0,0,0.0,0,0.0,0,2.8942277864976362,0.0,0,0,1.9,0,0.0,0,0,0,5.728608131408691,455.10162794589996,17.01314497,17.013144969940186,2.4700117111206055,False,,100,type:lambda-function|arch:aarch64|lambda:True|mem:2048,False,,stage3,0,10.757656704295766,200.8921261700717,56.0,0.0,0,0.0,0,0.0,0,486.8932515057651,11,0.0,0,0,64.4,0,0.0,0,0,0,204.96274731375954,13923.580427776682,545.6174108254545,545.6174108331853,81.03837802193381,28
arm,0,5.300784557316903,23.27487460931299,2.0,0.0,0,0.0,0,0.0,0,24.197556491069406,0.0,0,0,2.357894736842105,0,0.0,0,0,0,0.33482857893448953,1444.121582928641,26.940691060657894,26.960236376199486,0.5878533028219252,,type:lambda-function|arch:aarch64|lambda:True|mem:2048,aws,2.4838946183058823,0.10265063826682722,4,aarch64,aarch64,False,,ml,ml_stage1_aws_2048Mb_arm_analysis.json,0,68.27502298355103,24.62940526008606,2,0,0,0.0,0,0.0,0,23.27487460931299,0.0,0,0,5.6,0,0.0,0,0,0,0.4398794174194336,1520.1931289434433,28.47133064,28.471330642700195,0.9954564571380615,"null, null, null, psutil",2048,0,1.015615701675415,21.873796701431274,2,0,0,0.0,0,0.0,0,0.33482857893448953,0.0,0,0,1.8,0,0.0,0,0,0,0.2577686309814453,1358.5147657871246,25.4641943,25.464194297790527,0.43392109870910645,False,,100,type:lambda-function|arch:aarch64|lambda:True|mem:2048,False,,stage1,0,21.203138229267612,93.09949843725197,8.0,0.0,0,0.0,0,0.0,0,96.79022596427762,19,0.0,0,0,9.43157894736842,0,0.0,0,0,0,1.3393143157379581,5776.486331714564,107.76276424263158,107.84094550479794,2.3514132112877006,4
arm,0,5.65637182415741,23.140271363168367,2.0,0.0,0,0.0,0,0.0,0,24.080299622380316,0.0,0,0,2.5189473684210526,0,0.0,0,0,0,0.3562312823791988,1435.2350300694236,26.826614410631578,26.791268162729338,0.5837969768327511,,type:lambda-function|arch:aarch64|lambda:True|mem:2048,aws,3.08691219984666,0.12819243316132464,4,aarch64,aarch64,False,,ml,ml_stage1_aws_2048Mb_arm_analysis.json,0,66.40218019485474,24.59837555885315,2,0,0,0.0,0,0.0,0,23.140271363168367,0.0,0,0,5.5,0,0.0,0,0,0,2.1109797954559326,1515.662660908699,28.80629601,28.62747311592102,1.20524001121521,"null, null, null, psutil",2048,0,1.0165307521820068,21.9853618144989,2,0,0,0.0,0,0.0,0,0.3562312823791988,0.0,0,0,1.8,0,0.0,0,0,0,0.2692546844482422,1369.4034932255745,25.57242751,25.57242751121521,0.42641234397888184,False,,100,type:lambda-function|arch:aarch64|lambda:True|mem:2048,False,,stage1,0,28.28185912078705,115.70135681584183,10.0,0.0,0,0.0,0,0.0,0,120.40149811190159,19,0.0,0,0,12.594736842105263,0,0.0,0,0,0,1.7811564118959942,7176.175150347118,134.1330720531579,133.9563408136467,2.9189848841637556,5
arm,0,3.6814075245328146,23.080600093258308,2.0,0.0,0,0.0,0,0.0,0,24.034566464442385,0.0,0,0,2.5215686274509803,0,0.0,0,0,0,0.3978494414302477,1432.2938530121974,26.822868703627453,26.815804611236363,0.5561169297538299,,type:lambda-function|arch:aarch64|lambda:True|mem:2048,aws,3.6947424629287893,0.15372619549409913,4,aarch64,aarch64,False,,ml,ml_stage1_aws_2048Mb_arm_analysis.json,0,62.42817521095276,25.626986265182495,2,0,0,0.0,0,0.0,0,23.080600093258308,0.0,0,0,5.6,0,0.0,0,0,0,4.912250757217407,1567.2224290966988,31.08444095,31.08444094657898,0.924088716506958,"null, null, null, psutil",2048,0,1.013366937637329,21.810192584991455,2,0,0,0.0,0,0.0,0,0.3978494414302477,0.0,0,0,1.9,0,0.0,0,0,0,0.26923084259033203,1354.0738334655762,25.07544136,25.075441360473633,0.39768028259277344,False,,100,type:lambda-function|arch:aarch64|lambda:True|mem:2048,False,,stage1,0,22.088445147196886,138.48360055954984,12.0,0.0,0,0.0,0,0.0,0,144.20739878665432,17,0.0,0,0,15.129411764705882,0,0.0,0,0,0,2.387096648581486,8593.763118073184,160.93721222176472,160.89482766741818,3.3367015785229794,6
arm,0,9.33359002828425,23.011682046983047,2.0,0.0,0,0.0,0,0.0,0,23.901330435225994,0.0,0,0,2.4766233766233765,0,0.0,0,0,0,0.3277296098688993,1431.3087431467118,26.784146119935066,26.785645884930652,0.5619187783740472,,type:lambda-function|arch:aarch64|lambda:True|mem:2048,aws,4.297661739094553,0.17980847345470866,4,aarch64,aarch64,False,,ml,ml_stage1_aws_2048Mb_arm_analysis.json,0,200.23608350753784,25.26295804977417,2,0,0,0.0,0,0.0,0,23.011682046983047,0.0,0,0,9.8,0,0.0,0,0,0,0.5692462921142578,1556.5862206101417,29.01372266,29.01372265815735,0.965728759765625,"null, null, null, psutil",2048,0,1.0162391662597656,21.528006076812744,2,0,0,0.0,0,0.0,0,0.3277296098688993,0.0,0,0,1.8,0,0.0,0,0,0,0.26674318313598633,1349.7259952545166,25.39498507,25.511801958084106,0.44918203353881836,False,,100,type:lambda-function|arch:aarch64|lambda:True|mem:2048,False,,stage1,0,65.33513019798976,161.08177432888132,14.0,0.0,0,0.0,0,0.0,0,167.30931304658196,22,0.0,0,0,17.336363636363636,0,0.0,0,0,0,2.2941072690822955,10019.161202026982,187.48902283954547,187.49952119451456,3.9334314486183306,7
arm,0,19.778765410496796,22.944780929728633,2.0,0.0,0,0.0,0,0.0,0,23.830999336724634,0.0,0,0,2.635,0,0.0,0,0,0,0.3314347850333041,1422.4118469647726,26.612019089875,26.60968393443191,0.554783621962694,,type:lambda-function|arch:aarch64|lambda:True|mem:2048,aws,4.89733404164128,0.20550267206353656,4,aarch64,aarch64,False,,ml,ml_stage1_aws_2048Mb_arm_analysis.json,0,185.03318402828353,24.82527184486389,2,0,0,0.0,0,0.0,0,22.944780929728633,0.0,0,0,5.7,0,0.0,0,0,0,0.43334293365478516,1523.4475302100182,28.60934329,28.60934329032898,0.7430119514465332,"null, null, null, psutil",2048,0,1.0296595096588135,21.931607707606343,2,0,0,0.0,0,0.0,0,0.3314347850333041,0.0,0,0,1.8,0,0.0,0,0,0,0.2690913677215576,1365.2448488627015,25.41993151,25.20741414357951,0.42415738105773926,False,,100,type:lambda-function|arch:aarch64|lambda:True|mem:2048,False,,stage1,0,158.23012328397436,183.55824743782907,16.0,0.0,0,0.0,0,0.0,0,190.64799469379707,10,0.0,0,0,21.08,0,0.0,0,0,0,2.6514782802664327,11379.294775718181,212.896152719,212.87747147545528,4.438268975701552,8
arm,0,15.655260585618215,23.291882966924238,2.0,0.0,0,0.0,0,0.0,0,24.21224353715091,0.0,0,0,2.4188034188034186,0,0.0,0,0,0,0.3248753722433215,1442.1651837358072,26.935244686581196,26.939291008587976,0.5954851979833521,,type:lambda-function|arch:aarch64|lambda:True|mem:2048,aws,5.592846938017848,0.2309925112654788,4,aarch64,aarch64,False,,ml,ml_stage1_aws_2048Mb_arm_analysis.json,0,183.8882243138902,25.759337663650513,2,0,0,0.0,0,0.0,0,23.291882966924238,0.0,0,0,5.8,0,0.0,0,0,0,0.5710813999176025,1572.9780251979828,29.66825577,29.484124183654785,1.0032017230987549,"null, null, null, psutil",2048,0,1.02696764061314,21.56705347196833,2,0,0,0.0,0,0.0,0,0.3248753722433215,0.0,0,0,1.8,0,0.0,0,0,0,0.260908842086792,1323.7289175248889,25.06859112,24.87807320310906,0.43018436431884766,False,,100,type:lambda-function|arch:aarch64|lambda:True|mem:2048,False,,stage1,0,140.89734527056393,209.62694670231815,18.0,0.0,0,0.0,0,0.0,0,217.91019183435822,13,0.0,0,0,21.769230769230766,0,0.0,0,0,0,2.9238783501898937,12979.486653622265,242.41720217923077,242.4536190772918,5.359366781850169,9
arm,0,3.066869019919077,23.187839309490045,2.0,0.0,0,0.0,0,0.0,0,24.149149375152444,0.0,0,0,2.48,0,0.0,0,0,0,0.3532887426986975,1438.4052845132362,26.900287154,26.89371957233743,0.6080213229637018,,type:lambda-function|arch:aarch64|lambda:True|mem:2048,aws,6.1865155277719435,0.256179438524546,4,aarch64,aarch64,False,,ml,ml_stage1_aws_2048Mb_arm_analysis.json,0,65.4676361771164,26.645227362012534,2,0,0,0.0,0,0.0,0,23.187839309490045,0.0,0,0,5.7,0,0.0,0,0,0,1.0405092239379883,1606.1738903045655,29.66156769,29.67078317796863,1.370476145081783,"null, null, null, psutil",2048,0,1.031186819076538,21.82387685775757,2,0,0,0.0,0,0.0,0,0.3532887426986975,0.0,0,0,1.8,0,0.0,0,0,0,0.2606313533708197,1325.1479321967267,25.0847218,25.08472180366516,0.4304482936859131,False,,100,type:lambda-function|arch:aarch64|lambda:True|mem:2048,False,,stage1,0,30.66869019919077,231.87839309490045,20.0,0.0,0,0.0,0,0.0,0,241.49149375152444,15,0.0,0,0,24.8,0,0.0,0,0,0,3.5328874269869748,14384.052845132363,269.00287154,268.9371957233743,6.080213229637018,10
arm,0,4.4758854432999,23.19836679100997,2.0,0.0,0,0.0,0,0.0,0,24.123519633552842,0.0,0,0,2.5421875000000003,0,0.0,0,0,0,0.3205884362258555,1439.624758024815,26.962103550677085,26.932457743265065,0.6045644063170182,,type:lambda-function|arch:aarch64|lambda:True|mem:2048,aws,7.427189111809751,0.3078816534499156,4,aarch64,aarch64,False,,ml,ml_stage1_aws_2048Mb_arm_analysis.json,0,69.98273992538452,25.86701226234436,2,0,0,0.0,0,0.0,0,23.19836679100997,0.0,0,0,5.8,0,0.0,0,0,0,0.5685076713562012,1584.6079744935034,29.93804969,30.052163561605802,1.2737863063812256,"null, null, null, psutil",2048,0,1.0481343269348145,21.708242654800415,2,0,0,0.0,0,0.0,0,0.3205884362258555,0.0,0,0,1.8,0,0.0,0,0,0,0.266278009697361,1331.4646204352434,24.83460182,24.52915976302156,0.4100325107574463,False,,100,type:lambda-function|arch:aarch64|lambda:True|mem:2048,False,,stage1,0,53.7106253195988,278.38040149211963,24.0,0.0,0,0.0,0,0.0,0,289.4822356026341,16,0.0,0,0,30.50625,0,0.0,0,0,0,3.8470612347102655,17275.497096297782,323.545242608125,323.1894929191808,7.254772875804219,12
arm,0,2.491981042417326,23.198637823859315,2.0,0.0,0,0.0,0,0.0,0,24.153305165965534,0.0,0,0,2.558854166666667,0,0.0,0,0,0,0.34732170199251744,1439.2061037293392,26.938325716770834,26.9461942233086,0.6073456401137046,,type:lambda-function|arch:aarch64|lambda:True|mem:2048,aws,9.903034514249063,0.4100074273976982,4,aarch64,aarch64,False,,ml,ml_stage1_aws_2048Mb_arm_analysis.json,0,67.48245048522949,25.84211277961731,2,0,0,0.0,0,0.0,0,23.198637823859315,0.0,0,0,5.8,0,0.0,0,0,0,0.5600459575653076,1595.3944550037384,29.60646749,29.606467485427856,0.9058584891994795,"null, null, null, psutil",2048,0,1.0546543598175049,21.11426013543943,2,0,0,0.0,0,0.0,0,0.34732170199251744,0.0,0,0,1.8,0,0.0,0,0,0,0.2705659866333008,1307.9344081035408,25.21198888,25.299426826921877,0.4206576347351074,False,,100,type:lambda-function|arch:aarch64|lambda:True|mem:2048,False,,stage1,0,39.87169667867722,371.17820518174904,32.0,0.0,0,0.0,0,0.0,0,386.45288265544855,12,0.0,0,0,40.94166666666667,0,0.0,0,0,0,5.557147231880279,23027.297659669428,431.01321146833334,431.1391075729376,9.717530241819274,16
arm,0,2.884918168806384,23.130533712342476,2.0,0.0,0,0.0,0,0.0,0,24.022143898332068,0.0,0,0,2.370833333333333,0,0.0,0,0,0,0.30891953552292156,1435.9816889504152,26.89932409254167,26.902513196442968,0.5826906504666686,,type:lambda-function|arch:aarch64|lambda:True|mem:2048,aws,12.342452788905945,0.5137948070389721,4,aarch64,aarch64,False,,ml,ml_stage1_aws_2048Mb_arm_analysis.json,0,69.97751998901367,25.83358333012343,2,0,0,0.0,0,0.0,0,23.130533712342476,0.0,0,0,5.8,0,0.0,0,0,0,0.505401611328125,1571.397736430168,29.50981665,29.86368516299514,1.7882096767425537,"null, null, null, psutil",2048,0,1.0220566278405445,20.76108573266672,2,0,0,0.0,0,0.0,0,0.30891953552292156,0.0,0,0,1.8,0,0.0,0,0,0,0.25616864326119876,1306.8434068560598,25.01135707,24.81855965094579,0.37759856910137496,False,,100,type:lambda-function|arch:aarch64|lambda:True|mem:2048,False,,stage1,0,57.69836337612767,462.6106742468495,40.0,0.0,0,0.0,0,0.0,0,480.4428779666414,24,0.0,0,0,47.416666666666664,0,0.0,0,0,0,6.178390710458431,28719.633779008305,537.9864818508333,538.0502639288593,11.653813009333371,20
arm,0,2.922197634021891,23.021232233837278,2.0,0.0,0,0.0,0,0.0,0,23.92323584171007,0.0,0,0,2.556388888888889,0,0.0,0,0,0,0.35980361210086004,1427.2600313761282,26.648340290750003,26.653054175779126,0.5421999957719356,,type:lambda-function|arch:aarch64|lambda:True|mem:2048,aws,14.740955423970686,0.6161773232310775,4,aarch64,aarch64,False,,ml,ml_stage1_aws_2048Mb_arm_analysis.json,0,70.15100622177124,25.565964221954346,2,0,0,0.0,0,0.0,0,23.021232233837278,0.0,0,0,7.4,0,0.0,0,0,0,0.5551896941959723,1576.8485360383988,29.58394236,29.120009899139404,0.7796454356035033,"null, null, null, psutil",2048,0,1.0271062850952148,21.59390255537306,2,0,0,0.0,0,0.0,0,0.35980361210086004,0.0,0,0,1.8,0,0.0,0,0,0,0.2655255624574362,1328.5506161660917,25.0556085,24.47306817238975,0.43318772315979004,False,,100,type:lambda-function|arch:aarch64|lambda:True|mem:2048,False,,stage1,0,70.13274321652538,552.5095736120946,48.0,0.0,0,0.0,0,0.0,0,574.1576602010417,15,0.0,0,0,61.35333333333333,0,0.0,0,0,0,8.63528669042064,34254.24075302707,639.5601669780001,639.6733002186991,13.012799898526453,24
arm,0,3.7132568456781123,23.013541411224587,2.0,0.0,0,0.0,0,0.0,0,23.896315126059932,0.0,0,0,2.5058673469387753,0,0.0,0,0,0,0.32996212428373073,1437.2817745105292,27.072245049311228,27.084623922526372,0.5528115905516127,,type:lambda-function|arch:aarch64|lambda:True|mem:2048,aws,17.192035975841215,0.7194429720711449,4,aarch64,aarch64,False,,ml,ml_stage1_aws_2048Mb_arm_analysis.json,0,70.16929054260254,25.630897829063993,2,0,0,0.0,0,0.0,0,23.013541411224587,0.0,0,0,5.8,0,0.0,0,0,0,1.0224099159240723,1600.6212819528578,30.225002,30.055887699127197,1.000201534609288,"null, null, null, psutil",2048,0,1.1126721267198354,21.074568933613854,2,0,0,0.0,0,0.0,0,0.32996212428373073,0.0,0,0,0.0,0,0.0,0,0,0,0.2734811305999756,1334.9153479099275,24.99841475,24.99446036541593,0.4222698211669922,False,,100,type:lambda-function|arch:aarch64|lambda:True|mem:2048,False,,stage1,0,103.97119167898714,644.3791595142884,56.0,0.0,0,0.0,0,0.0,0,669.0968235296781,14,0.0,0,0,70.16428571428571,0,0.0,0,0,0,9.23893947994446,40243.88968629482,758.0228613807144,758.3694698307385,15.478724535445155,28
x86,0,0.8907081484794617,0.8255990317889622,2.0,2.0,0,0.0,0,0.0,0,9.366628442491804,0.0,0,0,2.257142857142857,0,0.0,0,0,0,6.0955498559134345,211.39886751013142,12.215431860357143,12.21543186051505,2.445479554789407,,type:lambda-function|arch:x86_64|lambda:True|mem:512,aws,0.027525471719844,0.002938674453549841,4,x86_64,Intel(R) Xeon(R) Processor @ 2.90GHz,False,,video,video_stage2_aws_512Mb_x86_analysis.json,0,1.2007832527160645,0.9859006404876709,2,2,0,0.0,0,0.0,0,6.0955498559134345,0.0,0,0,5.3,0,0.0,0,0,0,32.40670657157898,315.96918607950215,38.23811221,38.23811221122742,3.0698046684265137,"null, null, null, psutil",512,0,0.6375670433044434,0.6735496520996094,2,2,0,0.0,0,0.0,0,0.8255990317889622,0.0,0,0,0.0,0,0.0,0,0,0,4.3833160400390625,166.107368888855,10.20176339,10.201763391494751,2.041053056716919,False,,220,type:lambda-function|arch:x86_64|lambda:True|mem:512,False,,stage2,0,3.5628325939178467,3.302396127155849,8.0,8.0,0,0.0,0,0.0,0,37.466513769967214,7,0.0,0,0,9.028571428571428,0,0.0,0,0,0,24.382199423653738,845.5954700405257,48.86172744142857,48.8617274420602,9.781918219157628,4
x86,0,0.9075995513371059,0.6711009638650077,2.0,2.0,0,0.0,0,0.0,0,7.960928017752511,0.0,0,0,2.3057142857142856,0,0.0,0,0,0,5.2329321997506275,200.74972604949136,10.729290104,10.729290103912353,2.0568948541368757,,type:lambda-function|arch:x86_64|lambda:True|mem:512,aws,0.0279681326690742,0.003513174922158136,4,x86_64,Intel(R) Xeon(R) Processor @ 2.50GHz,False,,video,video_stage2_aws_512Mb_x86_analysis.json,0,1.287937879562378,0.7980220317840576,2,2,0,0.0,0,0.0,0,5.2329321997506275,0.0,0,0,5.3,0,0.0,0,0,0,6.742283821105957,255.5436798715592,12.62627387,12.62627387046814,2.6695382595062256,"null, null, null, psutil",512,0,0.6306231021881104,0.5208702087402344,2,2,0,0.0,0,0.0,0,0.6711009638650077,0.0,0,0,0.0,0,0.0,0,0,0,4.521389722824097,156.1266321182251,9.68203664,9.682036638259888,1.6237103939056396,False,,220,type:lambda-function|arch:x86_64|lambda:True|mem:512,False,,stage2,0,4.537997756685529,3.3555048193250387,10.0,10.0,0,0.0,0,0.0,0,39.804640088762554,7,0.0,0,0,11.528571428571428,0,0.0,0,0,0,26.16466099875314,1003.7486302474567,53.64645052,53.64645051956177,10.284474270684377,5
x86,0,0.8990374406178793,0.5750685830911001,2.0,2.0,0,0.0,0,0.0,0,7.4016303817431135,0.0,0,0,2.1145833333333335,0,0.0,0,0,0,4.997797797123591,194.61818930402399,10.189898541041666,10.1898985405763,1.8287640015284221,,type:lambda-function|arch:x86_64|lambda:True|mem:512,aws,0.028759179840385916,0.0038855195892142096,4,x86_64,Intel(R) Xeon(R) Processor @ 2.50GHz,False,,video,video_stage2_aws_512Mb_x86_analysis.json,0,1.2297673225402832,0.769439697265625,2,2,0,0.0,0,0.0,0,4.997797797123591,0.0,0,0,5.5,0,0.0,0,0,0,6.92190957069397,258.76777713775635,12.05225205,12.052252054214478,2.2777676582336426,"null, null, null, psutil",512,0,0.6475503444671631,0.4227180480957031,2,2,0,0.0,0,0.0,0,0.5750685830911001,0.0,0,0,0.0,0,0.0,0,0,0,4.3478922843933105,141.59271453380586,9.21745968,9.217459678649902,1.4524669647216797,False,,220,type:lambda-function|arch:x86_64|lambda:True|mem:512,False,,stage2,0,5.394224643707275,3.4504114985466003,12.0,12.0,0,0.0,0,0.0,0,44.40978229045868,8,0.0,0,0,12.6875,0,0.0,0,0,0,29.986786782741547,1167.709135824144,61.13939124625,61.139391243457794,10.972584009170532,6
x86,0,0.886599702494485,0.4856944169316973,2.0,2.0,0,0.0,0,0.0,0,7.124985916273935,0.0,0,0,2.3089285714285714,0,0.0,0,0,0,5.020532160997391,188.90687097332307,9.93571187357143,9.935711873429161,1.6187593383448464,,type:lambda-function|arch:x86_64|lambda:True|mem:512,aws,0.02833784075587988,0.0039772486695243,4,x86_64,Intel(R) Xeon(R) Processor @ 2.50GHz,False,,video,video_stage2_aws_512Mb_x86_analysis.json,0,1.2620306015014648,0.6184742450714111,2,2,0,0.0,0,0.0,0,5.020532160997391,0.0,0,0,5.4,0,0.0,0,0,0,5.595387935638428,250.59991639852527,11.05318809,11.05318808555603,2.265972137451172,"null, null, null, psutil",512,0,0.6178035736083984,0.3648035526275635,2,2,0,0.0,0,0.0,0,0.4856944169316973,0.0,0,0,0.0,0,0.0,0,0,0,4.238634824752808,142.0448980522156,8.73127437,8.731274366378784,1.2580902576446533,False,,220,type:lambda-function|arch:x86_64|lambda:True|mem:512,False,,stage2,0,6.206197917461395,3.399860918521881,14.0,14.0,0,0.0,0,0.0,0,49.87490141391754,8,0.0,0,0,16.1625,0,0.0,0,0,0,35.143725126981735,1322.3480968132615,69.549983115,69.54998311400414,11.331315368413925,7
x86,0,0.9619463458657265,0.43926722183823586,2.0,2.0,0,0.0,0,0.0,0,6.796167563647032,0.0,0,0,2.440625,0,0.0,0,0,0,4.911901600658894,190.651590699479,9.536272983749999,9.53627298399806,1.4449987411499023,,type:lambda-function|arch:x86_64|lambda:True|mem:512,aws,0.029290338352173567,0.004309831692327414,4,x86_64,Intel(R) Xeon(R) Processor @ 2.50GHz,False,,video,video_stage2_aws_512Mb_x86_analysis.json,0,2.3818283081054688,0.5616514682769775,2,2,0,0.0,0,0.0,0,4.911901600658894,0.0,0,0,5.4,0,0.0,0,0,0,5.424154281616211,264.0993739414215,10.7623539,10.762353897094727,2.367669105529785,"null, null, null, psutil",512,0,0.6280069351196289,0.3116416931152344,2,2,0,0.0,0,0.0,0,0.43926722183823586,0.0,0,0,0.0,0,0.0,0,0,0,4.213978290557861,144.32122145175936,8.71375823,8.71375823020935,1.0980329513549805,False,,220,type:lambda-function|arch:x86_64|lambda:True|mem:512,False,,stage2,0,7.695570766925812,3.514137774705887,16.0,16.0,0,0.0,0,0.0,0,54.369340509176254,8,0.0,0,0,19.525,0,0.0,0,0,0,39.29521280527115,1525.212725595832,76.29018386999999,76.29018387198448,11.559989929199219,8
x86,0,0.9612475898530748,0.39530450105667114,2.0,2.0,0,0.0,0,0.0,0,6.579697844054964,0.0,0,0,2.3597222222222225,0,0.0,0,0,0,4.87127951780955,188.61439599914684,9.279453652222223,9.279453651772606,1.3131138251887426,,type:lambda-function|arch:x86_64|lambda:True|mem:512,aws,0.029653767146766187,0.004506858498610179,4,x86_64,Intel(R) Xeon(R) Processor @ 2.50GHz,False,,video,video_stage2_aws_512Mb_x86_analysis.json,0,1.2714507579803467,0.49682116508483887,2,2,0,0.0,0,0.0,0,4.87127951780955,0.0,0,0,7.0,0,0.0,0,0,0,6.1578240394592285,258.12956615447996,10.25071454,10.250714540481567,1.7817654609680176,"null, null, null, psutil",512,0,0.6382131576538086,0.2703373432159424,2,2,0,0.0,0,0.0,0,0.39530450105667114,0.0,0,0,0.0,0,0.0,0,0,0,4.36309289932251,146.7211407470703,8.6604228,8.660422801971436,1.0227630138397217,False,,220,type:lambda-function|arch:x86_64|lambda:True|mem:512,False,,stage2,0,8.651228308677673,3.5577405095100403,18.0,18.0,0,0.0,0,0.0,0,59.217280596494675,8,0.0,0,0,21.237500000000004,0,0.0,0,0,0,43.84151566028595,1697.5295639923215,83.51508287000001,83.51508286595345,11.818024426698685,9
x86,0,0.9328734840665545,0.35470730917794363,2.0,2.0,0,0.0,0,0.0,0,6.458428658757891,0.0,0,0,2.28,0,0.0,0,0,0,4.838981195858547,183.86210780763628,9.186318697714286,9.186318697248186,1.2647401537214007,,type:lambda-function|arch:x86_64|lambda:True|mem:512,aws,0.0295648542199816,0.004577716311829265,4,x86_64,Intel(R) Xeon(R) Processor @ 2.50GHz,False,,video,video_stage2_aws_512Mb_x86_analysis.json,0,1.3157265186309814,0.43273329734802246,2,2,0,0.0,0,0.0,0,4.838981195858547,0.0,0,0,5.3,0,0.0,0,0,0,7.232258081436157,240.1886794090271,12.12475634,12.124756336212158,2.594285488128662,"null, null, null, psutil",512,0,0.6654465198516846,0.25208568572998047,2,2,0,0.0,0,0.0,0,0.35470730917794363,0.0,0,0,0.0,0,0.0,0,0,0,4.1118175983428955,133.7519680380821,8.18852592,8.188525915145874,0.9646966457366943,False,,220,type:lambda-function|arch:x86_64|lambda:True|mem:512,False,,stage2,0,9.328734840665545,3.547073091779436,20.0,20.0,0,0.0,0,0.0,0,64.58428658757892,7,0.0,0,0,22.799999999999997,0,0.0,0,0,0,48.38981195858547,1838.6210780763627,91.86318697714286,91.86318697248186,12.647401537214007,10
x86,0,1.0168522653125582,0.29570028611591886,2.0,2.0,0,0.0,0,0.0,0,6.307873277437119,0.0,0,0,2.2523809523809524,0,0.0,0,0,0,4.86351230882463,180.03606473426024,9.05383251142857,9.053832511107126,1.1486606824965704,,type:lambda-function|arch:x86_64|lambda:True|mem:512,aws,0.029575942617314208,0.0046887344302089205,4,x86_64,AMD EPYC,False,,video,video_stage2_aws_512Mb_x86_analysis.json,0,2.5926156044006348,0.3918192386627197,2,2,0,0.0,0,0.0,0,4.86351230882463,0.0,0,0,7.4,0,0.0,0,0,0,5.61132550239563,236.66027050018312,10.06108189,10.061081886291504,1.621816873550415,"null, null, null, psutil",512,0,0.6400167942047119,0.2010514736175537,2,2,0,0.0,0,0.0,0,0.29570028611591886,0.0,0,0,0.0,0,0.0,0,0,0,3.318681240081787,133.33502469062807,8.17333102,8.173331022262573,0.8243441581726074,False,,220,type:lambda-function|arch:x86_64|lambda:True|mem:512,False,,stage2,0,12.202227183750699,3.5484034333910266,24.0,24.0,0,0.0,0,0.0,0,75.69447932924544,7,0.0,0,0,27.02857142857143,0,0.0,0,0,0,58.36214770589556,2160.432776811123,108.64599013714285,108.64599013328552,13.783928189958845,12
x86,0,1.003600761294365,0.22787579894065857,2.0,2.0,0,0.0,0,0.0,0,6.0515321418643,0.0,0,0,2.24140625,0,0.0,0,0,0,4.7846735175699,179.70180150017143,8.8253679703125,8.825367970392108,1.0389828253537416,,type:lambda-function|arch:x86_64|lambda:True|mem:512,aws,0.03038951654672623,0.005021788835341806,4,x86_64,Intel(R) Xeon(R) Processor @ 2.50GHz,False,,video,video_stage2_aws_512Mb_x86_analysis.json,0,1.5840165615081787,0.31492137908935547,2,2,0,0.0,0,0.0,0,4.7846735175699,0.0,0,0,5.4,0,0.0,0,0,0,6.225646495819092,234.37669263601305,10.21335673,10.213356733322144,1.6183154582977295,"null, null, null, psutil",512,0,0.6649928092956543,0.15015149116516113,2,2,0,0.0,0,0.0,0,0.22787579894065857,0.0,0,0,0.0,0,0.0,0,0,0,4.163673639297485,143.72526104450228,7.72332191,7.723321914672852,0.7420198917388916,False,,220,type:lambda-function|arch:x86_64|lambda:True|mem:512,False,,stage2,0,16.05761218070984,3.646012783050537,32.0,32.0,0,0.0,0,0.0,0,96.8245142698288,8,0.0,0,0,35.8625,0,0.0,0,0,0,76.5547762811184,2875.228824002743,141.205887525,141.20588752627373,16.623725205659866,16
x86,0,1.1429052293300628,0.1855767548084259,2.0,2.0,0,0.0,0,0.0,0,5.735691702365875,0.0,0,0,2.29375,0,0.0,0,0,0,4.659425522387028,175.56426280343533,8.486164387875,8.486164388060569,0.8906894251704216,,type:lambda-function|arch:x86_64|lambda:True|mem:512,aws,0.0309356450265646,0.005393533444938153,4,x86_64,Intel(R) Xeon(R) Processor @ 2.50GHz,False,,video,video_stage2_aws_512Mb_x86_analysis.json,0,1.6419646739959717,0.29097485542297363,2,2,0,0.0,0,0.0,0,4.659425522387028,0.0,0,0,7.1,0,0.0,0,0,0,5.50663948059082,259.68595630407333,9.56699109,9.566991090774536,1.3753697872161865,"null, null, null, psutil",512,0,0.6520817279815674,0.10679101943969727,2,2,0,0.0,0,0.0,0,0.1855767548084259,0.0,0,0,0.0,0,0.0,0,0,0,3.8729360103607178,133.60638504028321,7.62817907,7.62817907333374,0.6375157833099365,False,,220,type:lambda-function|arch:x86_64|lambda:True|mem:512,False,,stage2,0,22.858104586601257,3.711535096168518,40.0,40.0,0,0.0,0,0.0,0,114.7138340473175,8,0.0,0,0,45.875,0,0.0,0,0,0,93.18851044774055,3511.2852560687065,169.7232877575,169.7232877612114,17.813788503408432,20
x86,0,1.1372070536017418,0.16342437143127123,2.0,2.0,0,0.0,0,0.0,0,5.709526834388575,0.0,0,0,2.1906250000000003,0,0.0,0,0,0,4.673741510758798,177.95057240805275,8.47615828359375,8.476158283650875,0.8723609521985054,,type:lambda-function|arch:x86_64|lambda:True|mem:512,aws,0.0326914112611115,0.005725765410928728,4,x86_64,Intel(R) Xeon(R) Processor @ 2.50GHz,False,,video,video_stage2_aws_512Mb_x86_analysis.json,0,1.7498314380645752,0.22740554809570312,2,2,0,0.0,0,0.0,0,4.673741510758798,0.0,0,0,5.4,0,0.0,0,0,0,9.54622769355774,262.24897649288175,13.20090437,13.200904369354248,1.2350521087646484,"null, null, null, psutil",512,0,0.65262770652771,0.07186126708984375,2,2,0,0.0,0,0.0,0,0.16342437143127123,0.0,0,0,0.0,0,0.0,0,0,0,3.9005329608917236,130.00215412139892,7.64798236,7.647982358932495,0.544867992401123,False,,220,type:lambda-function|arch:x86_64|lambda:True|mem:512,False,,stage2,0,27.292969286441803,3.9221849143505096,48.0,48.0,0,0.0,0,0.0,0,137.02864402532578,8,0.0,0,0,52.575,0,0.0,0,0,0,112.16979625821114,4270.813737793266,203.42779880625,203.427798807621,20.93666285276413,24
x86,0,1.3137114250234194,0.16111442553145544,2.0,2.0,0,0.0,0,0.0,0,5.621513132538115,0.0,0,0,2.184375,0,0.0,0,0,0,4.759747143302645,171.03731864957936,8.283131995178572,8.28313199537141,0.7006515637040138,,type:lambda-function|arch:x86_64|lambda:True|mem:512,aws,0.03760088463053107,0.006688747983686425,4,x86_64,Intel(R) Xeon(R) Processor @ 2.50GHz,False,,video,video_stage2_aws_512Mb_x86_analysis.json,0,2.847034215927124,0.26250624656677246,2,2,0,0.0,0,0.0,0,4.759747143302645,0.0,0,0,5.5,0,0.0,0,0,0,15.969549179077148,252.0478320121765,19.20855904,19.208559036254883,1.1685583591461182,"null, null, null, psutil",512,0,0.6460018157958984,0.07214665412902832,2,2,0,0.0,0,0.0,0,0.16111442553145544,0.0,0,0,0.0,0,0.0,0,0,0,3.601778745651245,131.56586532354353,7.16739464,7.167394638061523,0.5105865001678467,False,,220,type:lambda-function|arch:x86_64|lambda:True|mem:512,False,,stage2,0,36.78391990065575,4.511203914880753,56.0,56.0,0,0.0,0,0.0,0,157.40236771106723,8,0.0,0,0,61.16250000000001,0,0.0,0,0,0,133.27292001247406,4789.044922188222,231.927695865,231.92769587039948,19.618243783712387,28
x86,0,1.563658439196073,1.87144424365117,2.0,2.0,0,0.0,0,0.0,0,3.330057987800011,0.0,0,0,2.661538461538462,0,0.0,0,0,0,0.3967856443845309,431.52912380603647,6.345025538461538,6.345025539398193,1.0618280997643104,,type:lambda-function|arch:x86_64|lambda:True|mem:2048,aws,0.24957580433332002,0.07494638389111093,4,x86_64,Intel(R) Xeon(R) Processor @ 2.50GHz,False,,ml,ml_stage0_aws_2048Mb_x86_analysis.json,0,1.759788990020752,2.0233821868896484,2,2,0,0.0,0,0.0,0,1.87144424365117,0.0,0,0,3.8,0,0.0,0,0,0,0.5291731357574463,477.0761901855468,11.1425302,11.1425302028656,5.592753171920776,"null, null, null, psutil",2048,0,1.4045555591583252,1.6108980178833008,2,2,0,0.0,0,0.0,0,0.3967856443845309,0.0,0,0,1.9,0,0.0,0,0,0,0.3357706069946289,369.68950628757483,5.48358607,5.483586072921753,0.5842962265014648,False,,220,type:lambda-function|arch:x86_64|lambda:True|mem:2048,False,,stage0,0,6.254633756784292,7.48577697460468,8.0,8.0,0,0.0,0,0.0,0,13.320231951200045,13,0.0,0,0,10.646153846153847,0,0.0,0,0,0,1.5871425775381236,1726.1164952241459,25.380102153846153,25.380102157592773,4.2473123990572414,4
x86,0,1.590587854385376,1.8726084572928292,2.0,2.0,0,0.0,0,0.0,0,3.0018932138170515,0.0,0,0,3.0,0,0.0,0,0,0,0.4045787198202951,429.97016363774026,6.053071924999999,6.053071924618313,0.7247060367039272,,type:lambda-function|arch:x86_64|lambda:True|mem:2048,aws,0.31216382983071467,0.10398898548219287,4,x86_64,Intel(R) Xeon(R) Processor @ 2.50GHz,False,,ml,ml_stage0_aws_2048Mb_x86_analysis.json,0,1.7782299518585205,2.0899181365966797,2,2,0,0.0,0,0.0,0,1.8726084572928292,0.0,0,0,3.8,0,0.0,0,0,0,0.5324592590332031,471.1110672354698,6.66531706,6.665317058563232,0.8757505416870117,"null, null, null, psutil",2048,0,1.4050638675689697,1.6492111682891846,2,2,0,0.0,0,0.0,0,0.4045787198202951,0.0,0,0,0.0,0,0.0,0,0,0,0.3303489685058594,365.1985716247559,5.38720489,5.387204885482788,0.6295919418334961,False,,220,type:lambda-function|arch:x86_64|lambda:True|mem:2048,False,,stage0,0,7.95293927192688,9.363042286464147,10.0,10.0,0,0.0,0,0.0,0,15.009466069085258,14,0.0,0,0,15.0,0,0.0,0,0,0,2.0228935991014754,2149.8508181887014,30.265359624999995,30.265359623091562,3.623530183519636,5
x86,0,1.624693540426401,1.8632429929879994,2.0,2.0,0,0.0,0,0.0,0,2.9144612825833836,0.0,0,0,2.5384615384615383,0,0.0,0,0,0,0.3921058911543626,434.4796783949779,5.996479456153846,5.996479456241314,0.6591123984410212,,type:lambda-function|arch:x86_64|lambda:True|mem:2048,aws,0.37272312831731946,0.12788748663249938,4,x86_64,Intel(R) Xeon(R) Processor @ 2.50GHz,False,,ml,ml_stage0_aws_2048Mb_x86_analysis.json,0,2.117849349975586,2.1341776847839355,2,2,0,0.0,0,0.0,0,1.8632429929879994,0.0,0,0,3.8,0,0.0,0,0,0,0.5552921295166016,472.3838778495789,6.67224693,6.672246932983398,0.7027983665466309,"null, null, null, psutil",2048,0,1.4366636276245117,1.6454713344573975,2,2,0,0.0,0,0.0,0,0.3921058911543626,0.0,0,0,1.9,0,0.0,0,0,0,0.33503079414367676,391.3987232971192,5.38452435,5.384524345397949,0.6116623878479004,False,,220,type:lambda-function|arch:x86_64|lambda:True|mem:2048,False,,stage0,0,9.748161242558405,11.179457957927998,12.0,12.0,0,0.0,0,0.0,0,17.4867676955003,13,0.0,0,0,15.23076923076923,0,0.0,0,0,0,2.3526353469261756,2606.8780703698676,35.97887673692308,35.978876737447884,3.9546743906461272,6
x86,0,1.5221814257758004,1.8697063071387154,2.0,2.0,0,0.0,0,0.0,0,2.8948973076684132,0.0,0,0,3.164285714285714,0,0.0,0,0,0,0.3589423724583217,414.18474282026295,5.972055946428571,5.972055946077619,0.6662486280713763,,type:lambda-function|arch:x86_64|lambda:True|mem:2048,aws,0.43635205796003346,0.15073144626034313,4,x86_64,Intel(R) Xeon(R) Processor @ 2.50GHz,False,,ml,ml_stage0_aws_2048Mb_x86_analysis.json,0,1.672560214996338,2.1063787937164307,2,2,0,0.0,0,0.0,0,1.8697063071387154,0.0,0,0,5.7,0,0.0,0,0,0,0.3922617435455322,481.62414370298393,6.67441154,6.6744115352630615,0.7950665950775146,"null, null, null, psutil",2048,0,1.379650354385376,1.6989209651947021,2,2,0,0.0,0,0.0,0,0.3589423724583217,0.0,0,0,1.9,0,0.0,0,0,0,0.3328273296356201,367.450294418335,5.38945627,5.389456272125244,0.5813078880310059,False,,220,type:lambda-function|arch:x86_64|lambda:True|mem:2048,False,,stage0,0,10.655269980430603,13.087944149971008,14.0,14.0,0,0.0,0,0.0,0,20.264281153678894,14,0.0,0,0,22.15,0,0.0,0,0,0,2.512596607208252,2899.293199741841,41.804391625,41.804391622543335,4.663740396499634,7
x86,0,1.607735029856364,1.9068850517272948,2.0,2.0,0,0.0,0,0.0,0,3.2034363905588785,0.0,0,0,2.4866666666666664,0,0.0,0,0,0,0.3843255519866943,426.89449316803615,6.229241212000001,6.2292412122090655,0.9122257868448893,,type:lambda-function|arch:x86_64|lambda:True|mem:2048,aws,0.5086043809967041,0.15876837214425596,4,x86_64,Intel(R) Xeon(R) Processor @ 2.50GHz,False,,ml,ml_stage0_aws_2048Mb_x86_analysis.json,0,2.6179075241088867,2.085216522216797,2,2,0,0.0,0,0.0,0,1.9068850517272948,0.0,0,0,5.6,0,0.0,0,0,0,0.5216522216796875,497.8708076477051,9.4533093,9.453309297561646,4.195318222045898,"null, null, null, psutil",2048,0,1.3920173645019531,1.660074234008789,2,2,0,0.0,0,0.0,0,0.3843255519866943,0.0,0,0,0.0,0,0.0,0,0,0,0.34171032905578613,369.3571213960647,5.36930323,5.369303226470947,0.5516872406005859,False,,220,type:lambda-function|arch:x86_64|lambda:True|mem:2048,False,,stage0,0,12.861880238850912,15.255080413818359,16.0,16.0,0,0.0,0,0.0,0,25.627491124471028,15,0.0,0,0,19.89333333333333,0,0.0,0,0,0,3.0746044158935546,3415.155945344289,49.833929696000006,49.833929697672524,7.2978062947591145,8
x86,0,1.5445681980678014,1.93107271194458,2.0,2.0,0,0.0,0,0.0,0,2.9772685085024153,0.0,0,0,2.9642857142857144,0,0.0,0,0,0,0.36254918575286865,430.6558494699001,6.040950128571429,6.0409501280103415,0.6836466108049665,,type:lambda-function|arch:x86_64|lambda:True|mem:2048,aws,0.5794376779460908,0.19462056455148266,4,x86_64,Intel(R) Xeon(R) Processor @ 2.50GHz,False,,ml,ml_stage0_aws_2048Mb_x86_analysis.json,0,1.7207062244415283,2.0612311363220215,2,2,0,0.0,0,0.0,0,1.93107271194458,0.0,0,0,5.7,0,0.0,0,0,0,0.4021029472351074,472.0897091293334,6.67894316,6.678943157196045,0.7937366962432861,"null, null, null, psutil",2048,0,1.346632480621338,1.684488296508789,2,2,0,0.0,0,0.0,0,0.36254918575286865,0.0,0,0,1.0,0,0.0,0,0,0,0.32145047187805176,360.4521960830689,5.44635105,5.446351051330566,0.6037046909332275,False,,220,type:lambda-function|arch:x86_64|lambda:True|mem:2048,False,,stage0,0,13.901113782610214,17.37965440750122,18.0,18.0,0,0.0,0,0.0,0,26.79541657652174,14,0.0,0,0,26.67857142857143,0,0.0,0,0,0,3.262942671775818,3875.902645229101,54.36855115714286,54.368551152093076,6.152819497244698,9
x86,0,1.5002801248005457,1.9698043721062797,2.0,2.0,0,0.0,0,0.0,0,3.0727521010807584,0.0,0,0,2.6285714285714286,0,0.0,0,0,0,0.3634089572089059,418.3410343156542,6.154988118571429,6.15498811858041,0.7395387717655727,,type:lambda-function|arch:x86_64|lambda:True|mem:2048,aws,0.6567327776602336,0.2137278752260052,4,x86_64,Intel(R) Xeon(R) Processor @ 2.50GHz,False,,ml,ml_stage0_aws_2048Mb_x86_analysis.json,0,1.666759967803955,2.5274713039398193,2,2,0,0.0,0,0.0,0,1.9698043721062797,0.0,0,0,5.7,0,0.0,0,0,0,0.4021484851837158,466.24945768356326,7.13717532,7.1371753215789795,1.3970062732696533,"null, null, null, psutil",2048,0,1.3821783065795898,1.7755424976348877,2,2,0,0.0,0,0.0,0,0.3634089572089059,0.0,0,0,0.0,0,0.0,0,0,0,0.28502750396728516,365.0705715632439,5.50820398,5.508203983306885,0.637122631072998,False,,220,type:lambda-function|arch:x86_64|lambda:True|mem:2048,False,,stage0,0,15.002801248005458,19.698043721062795,20.0,20.0,0,0.0,0,0.0,0,30.727521010807585,14,0.0,0,0,26.285714285714285,0,0.0,0,0,0,3.634089572089059,4183.410343156542,61.549881185714284,61.5498811858041,7.395387717655727,10
x86,0,1.503315305709839,1.984368880589803,2.0,2.0,0,0.0,0,0.0,0,3.040159018834432,0.0,0,0,3.32,0,0.0,0,0,0,0.39465147654215493,442.1482675220172,6.073405981333334,6.073405981063843,0.6611386617024739,,type:lambda-function|arch:x86_64|lambda:True|mem:2048,aws,0.7939063017463684,0.26113972881943015,4,x86_64,Intel(R) Xeon(R) Processor @ 2.50GHz,False,,ml,ml_stage0_aws_2048Mb_x86_analysis.json,0,1.697256088256836,2.570690155029297,2,2,0,0.0,0,0.0,0,1.984368880589803,0.0,0,0,5.7,0,0.0,0,0,0,0.5300273895263672,495.0376712465287,6.65096045,6.650960445404053,0.8625838756561279,"null, null, null, psutil",2048,0,1.3701503276824951,1.7089457511901855,2,2,0,0.0,0,0.0,0,0.39465147654215493,0.0,0,0,1.9,0,0.0,0,0,0,0.31540966033935547,383.59628085613247,5.39609408,5.396094083786011,0.5160970687866211,False,,220,type:lambda-function|arch:x86_64|lambda:True|mem:2048,False,,stage0,0,18.03978366851807,23.812426567077637,24.0,24.0,0,0.0,0,0.0,0,36.48190822601318,15,0.0,0,0,39.839999999999996,0,0.0,0,0,0,4.735817718505859,5305.779210264206,72.880871776,72.88087177276611,7.933663940429687,12
x86,0,1.5260047753651937,2.0026532491048177,2.0,2.0,0,0.0,0,0.0,0,3.088935359319051,0.0,0,0,3.06,0,0.0,0,0,0,0.3623893102010091,429.9599438261986,6.103412531999999,6.103412532806397,0.7238928000132243,,type:lambda-function|arch:x86_64|lambda:True|mem:2048,aws,1.068295349202474,0.3458458092946229,4,x86_64,Intel(R) Xeon(R) Processor @ 2.50GHz,False,,ml,ml_stage0_aws_2048Mb_x86_analysis.json,0,1.7085509300231934,2.7268710136413574,2,2,0,0.0,0,0.0,0,2.0026532491048177,0.0,0,0,5.6,0,0.0,0,0,0,0.5079624652862549,467.0036121964455,6.48166013,6.4816601276397705,1.7690072059631348,"null, null, null, psutil",2048,0,1.3608860969543457,1.6826610565185547,2,2,0,0.0,0,0.0,0,0.3623893102010091,0.0,0,0,0.0,0,0.0,0,0,0,0.2860376834869385,377.9566888046265,5.5329628,5.532962799072266,0.5793874263763428,False,,220,type:lambda-function|arch:x86_64|lambda:True|mem:2048,False,,stage0,0,24.4160764058431,32.04245198567708,32.0,32.0,0,0.0,0,0.0,0,49.42296574910482,15,0.0,0,0,48.96,0,0.0,0,0,0,5.798228963216146,6879.359101219177,97.65460051199999,97.65460052490235,11.582284800211589,16
x86,0,1.6490553379058839,2.0286333401997885,2.0,2.0,0,0.0,0,0.0,0,3.117062409718831,0.0,0,0,2.6933333333333334,0,0.0,0,0,0,0.3921417236328125,441.06139740196863,7.496086215333333,7.4960862159729,0.6962873458862304,,type:lambda-function|arch:x86_64|lambda:True|mem:2048,aws,1.3526927112452192,0.4339639485650325,4,x86_64,Intel(R) Xeon(R) Processor @ 2.50GHz,False,,ml,ml_stage0_aws_2048Mb_x86_analysis.json,0,3.3472259044647217,2.700887441635132,2,2,0,0.0,0,0.0,0,2.0286333401997885,0.0,0,0,3.8,0,0.0,0,0,0,0.5763139724731445,490.66467796087267,26.51758862,26.51758861541748,0.7694416046142578,"null, null, null, psutil",2048,0,1.3852448463439941,1.6760005950927734,2,2,0,0.0,0,0.0,0,0.3921417236328125,0.0,0,0,0.0,0,0.0,0,0,0,0.306133508682251,377.96933096408844,5.48229074,5.482290744781494,0.6174850463867188,False,,220,type:lambda-function|arch:x86_64|lambda:True|mem:2048,False,,stage0,0,32.981106758117676,40.57266680399577,40.0,40.0,0,0.0,0,0.0,0,62.34124819437662,15,0.0,0,0,53.86666666666667,0,0.0,0,0,0,7.84283447265625,8821.227948039374,149.92172430666668,149.921724319458,13.92574691772461,20
x86,0,1.5229934729062593,1.9763320225935717,2.0,2.0,0,0.0,0,0.0,0,3.017649999031654,0.0,0,0,2.8153846153846156,0,0.0,0,0,0,0.37084287863511306,434.135358309379,6.074975986153846,6.074975985747117,0.6704750978029691,,type:lambda-function|arch:x86_64|lambda:True|mem:2048,aws,1.5813818311984724,0.5240441508146831,4,x86_64,Intel(R) Xeon(R) Processor @ 2.90GHz,False,,ml,ml_stage0_aws_2048Mb_x86_analysis.json,0,1.6755552291870117,2.2709107398986816,2,2,0,0.0,0,0.0,0,1.9763320225935717,0.0,0,0,5.6,0,0.0,0,0,0,0.4151115417480469,500.46566066741946,6.64188004,6.641880035400391,0.7788169384002686,"null, null, null, psutil",2048,0,1.4199542999267578,1.6678192615509033,2,2,0,0.0,0,0.0,0,0.37084287863511306,0.0,0,0,1.9,0,0.0,0,0,0,0.29514575004577637,379.75098449707036,5.50601435,5.506014347076416,0.6063780784606934,False,,220,type:lambda-function|arch:x86_64|lambda:True|mem:2048,False,,stage0,0,36.55184334975022,47.43196854224572,48.0,48.0,0,0.0,0,0.0,0,72.42359997675969,13,0.0,0,0,67.56923076923077,0,0.0,0,0,0,8.900229087242714,10419.248599425096,145.7994236676923,145.79942365793082,16.09140234727126,24
x86,0,1.79859573500497,1.919309343610491,2.0,2.0,0,0.0,0,0.0,0,2.996239491871425,0.0,0,0,2.871428571428571,0,0.0,0,0,0,0.3723917858941214,453.5364837317807,6.079408238571429,6.079408236912319,0.7045383623668126,,type:lambda-function|arch:x86_64|lambda:True|mem:2048,aws,1.7917136584472657,0.5979874650567992,4,x86_64,Intel(R) Xeon(R) Processor @ 2.50GHz,False,,ml,ml_stage0_aws_2048Mb_x86_analysis.json,0,2.9455854892730713,2.5814497470855713,2,2,0,0.0,0,0.0,0,1.919309343610491,0.0,0,0,5.6,0,0.0,0,0,0,0.5034868717193604,522.223913192749,6.68580747,6.685807466506958,1.2088465690612793,"null, null, null, psutil",2048,0,1.46250581741333,1.684190034866333,2,2,0,0.0,0,0.0,0,0.3723917858941214,0.0,0,0,1.9,0,0.0,0,0,0,0.3309204578399658,403.22085096836093,5.41454077,5.414540767669678,0.5550391674041748,False,,220,type:lambda-function|arch:x86_64|lambda:True|mem:2048,False,,stage0,0,50.36068058013916,53.74066162109375,56.0,56.0,0,0.0,0,0.0,0,83.8947057723999,14,0.0,0,0,80.39999999999999,0,0.0,0,0,0,10.4269700050354,12699.02154448986,170.22343068,170.22343063354492,19.727074146270752,28
x86,0,0.5416068732738495,0.2713649272918701,2.0,2.0,0,0.0,0,0.0,0,7.13617368042469,0.0,0,0,2.675,0,0.0,0,0,0,4.870795756578445,212.19512594744563,9.22583258125,9.22583258152008,1.9940129965543747,,type:lambda-function|arch:x86_64|lambda:True|mem:2048,aws,0.0361892267036438,0.00507123681741587,4,x86_64,Intel(R) Xeon(R) Processor @ 2.50GHz,False,,video,video_stage2_aws_2048Mb_x86_analysis.json,0,0.8558919429779053,0.37111759185791016,2,2,0,0.0,0,0.0,0,4.870795756578445,0.0,0,0,7.3,0,0.0,0,0,0,5.9790685176849365,253.9734651088715,10.52571988,10.52571988105774,2.7296204566955566,"null, null, null, psutil",2048,0,0.39378809928894043,0.23470044136047363,2,2,0,0.0,0,0.0,0,0.2713649272918701,0.0,0,0,0.0,0,0.0,0,0,0,4.256195068359375,181.95159720897678,8.09372973,8.093729734420776,1.5596985816955566,False,,220,type:lambda-function|arch:x86_64|lambda:True|mem:2048,False,,stage2,0,2.166427493095398,1.0854597091674805,8.0,8.0,0,0.0,0,0.0,0,28.54469472169876,8,0.0,0,0,10.7,0,0.0,0,0,0,19.48318302631378,848.7805037897825,36.903330325,36.90333032608032,7.976051986217499,4
x86,0,0.5258866667747497,0.21215283274650573,2.0,2.0,0,0.0,0,0.0,0,6.463928127288819,0.0,0,0,2.3775,0,0.0,0,0,0,4.6203506767749785,204.37985220706463,8.5400164065,8.540016406774521,1.631424617767334,,type:lambda-function|arch:x86_64|lambda:True|mem:2048,aws,0.03536587721884251,0.005471267087506449,4,x86_64,Intel(R) Xeon(R) Processor @ 2.50GHz,False,,video,video_stage2_aws_2048Mb_x86_analysis.json,0,0.6760730743408203,0.23915457725524902,2,2,0,0.0,0,0.0,0,4.6203506767749785,0.0,0,0,3.8,0,0.0,0,0,0,5.807077407836914,290.29044143676754,9.39751887,9.397518873214722,2.191817283630371,"null, null, null, psutil",2048,0,0.39974451065063477,0.1913619041442871,2,2,0,0.0,0,0.0,0,0.21215283274650573,0.0,0,0,0.0,0,0.0,0,0,0,4.231949329376221,169.14566363096233,7.89410114,7.894101142883301,1.3988749980926514,False,,220,type:lambda-function|arch:x86_64|lambda:True|mem:2048,False,,stage2,0,2.629433333873749,1.0607641637325287,10.0,10.0,0,0.0,0,0.0,0,32.31964063644409,8,0.0,0,0,11.8875,0,0.0,0,0,0,23.101753383874893,1021.8992610353232,42.7000820325,42.700082033872604,8.15712308883667,5
x86,0,0.5100156168142954,0.18217887977759042,2.0,2.0,0,0.0,0,0.0,0,6.183475707968077,0.0,0,0,2.5916666666666663,0,0.0,0,0,0,4.5895013610521955,199.53075105895599,8.267879038958332,8.267879039049149,1.4117954671382904,,type:lambda-function|arch:x86_64|lambda:True|mem:2048,aws,0.036443063110709197,0.005893621133458707,4,x86_64,Intel(R) Xeon(R) Processor @ 2.50GHz,False,,video,video_stage2_aws_2048Mb_x86_analysis.json,0,0.8393988609313965,0.30326390266418457,2,2,0,0.0,0,0.0,0,4.5895013610521955,0.0,0,0,5.6,0,0.0,0,0,0,5.113440990447998,259.30722068309785,9.0974772,9.097477197647095,1.7349286079406738,"null, null, null, psutil",2048,0,0.39792871475219727,0.15633010864257812,2,2,0,0.0,0,0.0,0,0.18217887977759042,0.0,0,0,0.0,0,0.0,0,0,0,4.075216293334961,170.32981359004975,7.39546061,7.395460605621338,1.1761023998260498,False,,220,type:lambda-function|arch:x86_64|lambda:True|mem:2048,False,,stage2,0,3.0600937008857727,1.0930732786655426,12.0,12.0,0,0.0,0,0.0,0,37.100854247808456,8,0.0,0,0,15.549999999999997,0,0.0,0,0,0,27.53700816631317,1197.184506353736,49.60727423374999,49.60727423429489,8.470772802829742,6
x86,0,0.5263452104159764,0.15132598791803634,2.0,2.0,0,0.0,0,0.0,0,5.880059859582356,0.0,0,0,2.625,0,0.0,0,0,0,4.518342869622367,194.64757810907705,7.920868477857143,7.920868477651051,1.210391002041953,,type:lambda-function|arch:x86_64|lambda:True|mem:2048,aws,0.03531645906031132,0.006006139376754534,4,x86_64,Intel(R) Xeon(R) Processor @ 2.90GHz,False,,video,video_stage2_aws_2048Mb_x86_analysis.json,0,0.7478034496307373,0.183685302734375,2,2,0,0.0,0,0.0,0,4.518342869622367,0.0,0,0,5.6,0,0.0,0,0,0,6.345501661300659,239.9411313891411,10.06760836,10.06760835647583,1.656491994857788,"null, null, null, psutil",2048,0,0.3774106502532959,0.12676262855529785,2,2,0,0.0,0,0.0,0,0.15132598791803634,0.0,0,0,0.0,0,0.0,0,0,0,4.028058767318726,167.5263329172134,7.3769536,7.376953601837158,0.9815707206726074,False,,220,type:lambda-function|arch:x86_64|lambda:True|mem:2048,False,,stage2,0,3.6844164729118347,1.0592819154262543,14.0,14.0,0,0.0,0,0.0,0,41.16041901707649,8,0.0,0,0,18.375,0,0.0,0,0,0,31.628400087356567,1362.5330467635392,55.446079345,55.44607934355736,8.47273701429367,7
x86,0,0.49716729670763016,0.13708700612187386,2.0,2.0,0,0.0,0,0.0,0,5.480417463928461,0.0,0,0,2.7671875,0,0.0,0,0,0,4.301186069846153,190.93386391326786,7.5065273228125005,7.5065273232758045,1.042144387960434,,type:lambda-function|arch:x86_64|lambda:True|mem:2048,aws,0.036563846272826196,0.006671726472205017,4,x86_64,Intel(R) Xeon(R) Processor @ 2.50GHz,False,,video,video_stage2_aws_2048Mb_x86_analysis.json,0,0.811863899230957,0.22188830375671387,2,2,0,0.0,0,0.0,0,4.301186069846153,0.0,0,0,7.1,0,0.0,0,0,0,4.733088970184326,242.69221560001375,8.0698278,8.069827795028687,1.3160138130187988,"null, null, null, psutil",2048,0,0.390106201171875,0.11030793190002441,2,2,0,0.0,0,0.0,0,0.13708700612187386,0.0,0,0,0.0,0,0.0,0,0,0,3.705692768096924,151.51046447753905,6.9010005,6.901000499725342,0.7637815475463867,False,,220,type:lambda-function|arch:x86_64|lambda:True|mem:2048,False,,stage2,0,3.9773383736610413,1.0966960489749908,16.0,16.0,0,0.0,0,0.0,0,43.84333971142769,8,0.0,0,0,22.1375,0,0.0,0,0,0,34.409488558769226,1527.4709113061429,60.052218582500004,60.052218586206436,8.337155103683472,8
x86,0,0.545543286535475,0.11736600266562568,2.0,2.0,0,0.0,0,0.0,0,5.406976011064318,0.0,0,0,2.7930555555555556,0,0.0,0,0,0,4.317654970619413,193.71205798351104,7.4462119370833335,7.44621193740103,0.9719550377792783,,type:lambda-function|arch:x86_64|lambda:True|mem:2048,aws,0.03521684275984764,0.00651322341504443,4,x86_64,Intel(R) Xeon(R) Processor @ 2.50GHz,False,,video,video_stage2_aws_2048Mb_x86_analysis.json,0,0.8155152797698975,0.1583235263824463,2,2,0,0.0,0,0.0,0,4.317654970619413,0.0,0,0,5.7,0,0.0,0,0,0,5.570775985717773,262.0841166973114,8.90008497,8.900084972381592,1.354306697845459,"null, null, null, psutil",2048,0,0.3843255043029785,0.09250140190124512,2,2,0,0.0,0,0.0,0,0.11736600266562568,0.0,0,0,0.0,0,0.0,0,0,0,3.758176565170288,146.73321175575256,6.86912465,6.8691246509552,0.6568639278411865,False,,220,type:lambda-function|arch:x86_64|lambda:True|mem:2048,False,,stage2,0,4.909889578819275,1.056294023990631,18.0,18.0,0,0.0,0,0.0,0,48.66278409957886,8,0.0,0,0,25.1375,0,0.0,0,0,0,38.85889473557472,1743.4085218515993,67.01590743375,67.01590743660927,8.747595340013504,9
x86,0,0.48454816043376925,0.10451589822769165,2.0,2.0,0,0.0,0,0.0,0,5.4223525583744046,0.0,0,0,2.53125,0,0.0,0,0,0,4.39618729352951,192.1687793301046,7.490040987375001,7.490040987730026,0.9216493666172028,,type:lambda-function|arch:x86_64|lambda:True|mem:2048,aws,0.0348456004691124,0.00642628823817368,4,x86_64,Intel(R) Xeon(R) Processor @ 2.50GHz,False,,video,video_stage2_aws_2048Mb_x86_analysis.json,0,0.6572360992431641,0.12871527671813965,2,2,0,0.0,0,0.0,0,4.39618729352951,0.0,0,0,7.4,0,0.0,0,0,0,4.920773029327393,291.6022264957428,8.50528526,8.505285263061523,1.3528618812561035,"null, null, null, psutil",2048,0,0.3797473907470703,0.08384943008422852,2,2,0,0.0,0,0.0,0,0.10451589822769165,0.0,0,0,0.0,0,0.0,0,0,0,3.970435619354248,145.13455765485762,6.8840723,6.884072303771973,0.6490254402160645,False,,220,type:lambda-function|arch:x86_64|lambda:True|mem:2048,False,,stage2,0,4.845481604337692,1.0451589822769165,20.0,20.0,0,0.0,0,0.0,0,54.22352558374405,8,0.0,0,0,25.3125,0,0.0,0,0,0,43.961872935295105,1921.687793301046,74.90040987375001,74.90040987730026,9.216493666172028,10
x86,0,0.8450215171884607,0.09877579962765728,2.6666666666666665,2.2222222222222223,0,0.0,0,0.0,0,5.211124563658679,0.0,0,0,12.92685185185185,0,0.0,0,0,0,4.4300881491767035,184.45514388188167,6.959953153888889,6.959953153574908,0.6822606148543181,,type:lambda-function|arch:x86_64|lambda:True|mem:2048,aws,0.03951822191503313,0.007583434522103955,4,x86_64,Intel(R) Xeon(R) Processor @ 2.50GHz,False,,video,video_stage2_aws_2048Mb_x86_analysis.json,0,6.8127923011779785,0.19139361381530762,8,4,0,0.0,0,0.0,0,4.4300881491767035,0.0,0,0,100.0,0,0.0,0,0,0,7.713617324829102,241.61010632514956,10.92269397,10.922693967819214,1.7683160305023193,"null, null, null, psutil",2048,0,0.38085222244262695,0.0740046501159668,2,2,0,0.0,0,0.0,0,0.09877579962765728,0.0,0,0,0.0,0,0.0,0,0,0,3.738790512084961,141.80631448745726,3.37063599,3.370635986328125,0.00018668174743652344,False,,220,type:lambda-function|arch:x86_64|lambda:True|mem:2048,False,,stage2,0,10.140258206261528,1.1853095955318875,32.0,26.666666666666668,0,0.0,0,0.0,0,62.533494763904145,9,0.0,0,0,155.1222222222222,0,0.0,0,0,0,53.16105779012044,2213.46172658258,83.51943784666666,83.5194378428989,8.187127378251818,12
x86,0,0.6475836839526892,0.07286055386066437,2.0,2.0,0,0.0,0,0.0,0,4.9898126274347305,0.0,0,0,2.51171875,0,0.0,0,0,0,4.262283157557249,183.55241649331523,7.005720984140625,7.005720984190702,0.6546689160168171,,type:lambda-function|arch:x86_64|lambda:True|mem:2048,aws,0.03886673385143281,0.00778921710160773,4,x86_64,Intel(R) Xeon(R) Processor @ 2.50GHz,False,,video,video_stage2_aws_2048Mb_x86_analysis.json,0,1.0916564464569092,0.18618488311767578,2,2,0,0.0,0,0.0,0,4.262283157557249,0.0,0,0,7.3,0,0.0,0,0,0,5.530293226242065,246.36602783203125,8.48205876,8.482058763504028,1.2374646663665771,"null, null, null, psutil",2048,0,0.38176774978637695,0.05066490173339844,2,2,0,0.0,0,0.0,0,0.07286055386066437,0.0,0,0,0.0,0,0.0,0,0,0,3.686297655105591,140.17881040096285,6.38414431,6.384144306182861,0.45055174827575684,False,,220,type:lambda-function|arch:x86_64|lambda:True|mem:2048,False,,stage2,0,10.361338943243027,1.1657688617706299,32.0,32.0,0,0.0,0,0.0,0,79.83700203895569,8,0.0,0,0,40.1875,0,0.0,0,0,0,68.19653052091599,2936.8386638930438,112.09153574625,112.09153574705124,10.474702656269073,16
x86,0,0.8226213663816452,0.052889035642147066,2.0,2.0,0,0.0,0,0.0,0,4.823186476528645,0.0,0,0,2.42375,0,0.0,0,0,0,4.264768670499325,181.12926823186876,6.807461802624999,6.807461802661419,0.5055287703871727,,type:lambda-function|arch:x86_64|lambda:True|mem:2048,aws,0.03526640896618366,0.007311848533703321,4,x86_64,Intel(R) Xeon(R) Processor @ 2.90GHz,False,,video,video_stage2_aws_2048Mb_x86_analysis.json,0,1.2803268432617188,0.08285093307495117,2,2,0,0.0,0,0.0,0,4.264768670499325,0.0,0,0,7.3,0,0.0,0,0,0,6.164331674575806,296.21568847417836,8.98760509,8.987605094909668,0.9583289623260498,"null, null, null, psutil",2048,0,0.3812437057495117,0.0396723747253418,2,2,0,0.0,0,0.0,0,0.052889035642147066,0.0,0,0,0.0,0,0.0,0,0,0,3.4632716178894043,144.69150670051576,5.87780046,5.877800464630127,0.3393893241882324,False,,220,type:lambda-function|arch:x86_64|lambda:True|mem:2048,False,,stage2,0,16.452427327632904,1.0577807128429413,40.0,40.0,0,0.0,0,0.0,0,96.46372953057289,8,0.0,0,0,48.475,0,0.0,0,0,0,85.2953734099865,3622.5853646373753,136.1492360525,136.14923605322838,10.110575407743454,20
x86,0,0.8463023578127226,0.054785050451755524,2.0,2.0,0,0.0,0,0.0,0,4.716068919748068,0.0,0,0,2.4192708333333335,0,0.0,0,0,0,4.136209055781364,181.34581893992922,6.7940430840625,6.794043083985646,0.5250748135149479,,type:lambda-function|arch:x86_64|lambda:True|mem:2048,aws,0.04383680596947671,0.009295200455174533,4,x86_64,Intel(R) Xeon(R) Processor @ 2.50GHz,False,,video,video_stage2_aws_2048Mb_x86_analysis.json,0,2.227069854736328,0.31394362449645996,2,2,0,0.0,0,0.0,0,4.136209055781364,0.0,0,0,5.7,0,0.0,0,0,0,6.287646532058716,308.0804127216339,9.00689483,9.006894826889038,1.5588445663452148,"null, null, null, psutil",2048,0,0.3874359130859375,0.02545952796936035,2,2,0,0.0,0,0.0,0,0.054785050451755524,0.0,0,0,0.0,0,0.0,0,0,0,3.2187929153442383,138.35953288078306,5.41137242,5.411372423171997,0.33208751678466797,False,,220,type:lambda-function|arch:x86_64|lambda:True|mem:2048,False,,stage2,0,20.31125658750534,1.3148412108421326,48.0,48.0,0,0.0,0,0.0,0,113.18565407395363,8,0.0,0,0,58.0625,0,0.0,0,0,0,99.26901733875275,4352.299654558301,163.0570340175,163.05703401565552,12.60179552435875,24
x86,0,1.014584603054183,0.32424437573977877,2.0,2.0,0,0.0,0,0.0,0,4.793638681726796,0.0,0,0,2.450892857142857,0,0.0,0,0,0,4.070984191128185,174.17118433174278,6.773991638973214,6.773991639060633,0.39841011485883165,,type:lambda-function|arch:x86_64|lambda:True|mem:2048,aws,0.30268860964059835,0.06314380989840516,4,x86_64,Intel(R) Xeon(R) Processor @ 2.90GHz,False,,video,video_stage2_aws_2048Mb_x86_analysis.json,0,1.6893067359924316,2.1638877391815186,2,2,0,0.0,0,0.0,0,4.070984191128185,0.0,0,0,7.3,0,0.0,0,0,0,6.5183117389678955,261.9603843212128,8.90601373,8.90601372718811,0.8130042552947998,"null, null, null, psutil",2048,0,0.46349024772644043,0.024003267288208008,2,2,0,0.0,0,0.0,0,0.32424437573977877,0.0,0,0,0.0,0,0.0,0,0,0,3.117018222808838,128.20610548019408,5.86098909,5.860989093780518,0.2221837043762207,False,,220,type:lambda-function|arch:x86_64|lambda:True|mem:2048,False,,stage2,0,28.408368885517124,9.078842520713806,56.0,56.0,0,0.0,0,0.0,0,134.2218830883503,8,0.0,0,0,68.625,0,0.0,0,0,0,113.98755735158919,4876.793161288798,189.67176589125,189.67176589369774,11.155483216047287,28
arm,0,1.5144254565238953,35.383913832902905,2.0,0.0,0,0.0,0,0.0,0,36.0213936805725,0.0,0,0,2.565,0,0.0,0,0,0,0.366595196723938,1927.6246084725856,39.13948407775,39.13948407769203,0.27088465094566344,,type:lambda-function|arch:aarch64|lambda:True|mem:2048,aws,3.776171284247398,0.10483134877382629,1,aarch64,aarch64,False,,titanic,titanic_stage_aws_2048Mb_arm_analysis.json,0,2.6701622009277344,37.25738334655762,2,0,0,0.0,0,0.0,0,35.383913832902905,0.0,0,0,5.6,0,0.0,0,0,0,0.5619256496429443,2017.429678618908,40.96303916,40.96303915977478,0.34982943534851074,"null, null, null, psutil",2048,0,1.3408513069152832,34.07160973548889,2,0,0,0.0,0,0.0,0,0.27088465094566344,0.0,0,0,1.9,0,0.0,0,0,0,0.32533788681030273,1867.6531523108483,37.94662476,37.946624755859375,0.15092229843139648,False,,100,type:lambda-function|arch:aarch64|lambda:True|mem:2048,False,,stage,0,6.057701826095581,141.53565533161162,8.0,0.0,0,0.0,0,0.0,0,144.08557472229,10,0.0,0,0,10.26,0,0.0,0,0,0,1.466380786895752,7710.498433890342,156.557936311,156.55793631076813,1.0835386037826538,4
arm,0,1.442833981513977,26.937582955360412,2.0,0.0,0,0.0,0,0.0,0,27.523000173568725,0.0,0,0,2.7539999999999996,0,0.0,0,0,0,0.30359467983245847,1502.817968073368,30.6476894094,30.64768940925598,0.28182253837585447,,type:lambda-function|arch:aarch64|lambda:True|mem:2048,aws,3.593473566245079,0.1305625674375432,1,aarch64,aarch64,False,,titanic,titanic_stage_aws_2048Mb_arm_analysis.json,0,1.5531721115112305,27.814337491989136,2,0,0,0.0,0,0.0,0,26.937582955360412,0.0,0,0,10.0,0,0.0,0,0,0,0.3590528964996338,1547.1705746650696,31.58736014,31.5873601436615,0.33783841133117676,"null, null, null, psutil",2048,0,1.3501086235046387,25.918341875076294,2,0,0,0.0,0,0.0,0,0.28182253837585447,0.0,0,0,1.9,0,0.0,0,0,0,0.2867443561553955,1455.6542881727219,29.55528474,29.55528473854065,0.14955496788024902,False,,100,type:lambda-function|arch:aarch64|lambda:True|mem:2048,False,,stage,0,7.214169907569885,134.68791477680207,10.0,0.0,0,0.0,0,0.0,0,137.61500086784363,10,0.0,0,0,13.769999999999998,0,0.0,0,0,0,1.5179733991622923,7514.089840366841,153.23844704700002,153.2384470462799,1.4091126918792725,5
arm,0,1.5524824221928915,21.251877268155415,2.0,0.0,0,0.0,0,0.0,0,21.79949031670888,0.0,0,0,2.6483333333333334,0,0.0,0,0,0,0.37131526072820026,1213.754023156762,24.85542046633333,24.85542046626409,0.17629778782526653,,type:lambda-function|arch:aarch64|lambda:True|mem:2048,aws,3.402000513086319,0.15605871805538282,1,aarch64,aarch64,False,,titanic,titanic_stage_aws_2048Mb_arm_analysis.json,0,1.6695671081542969,22.096112728118896,2,0,0,0.0,0,0.0,0,21.251877268155415,0.0,0,0,8.0,0,0.0,0,0,0,0.48011112213134766,1260.5832310676576,26.04510808,26.04510807991028,0.30385541915893555,"null, null, null, psutil",2048,0,1.3680675029754639,20.38798189163208,2,0,0,0.0,0,0.0,0,0.17629778782526653,0.0,0,0,1.9,0,0.0,0,0,0,0.262357234954834,1166.336913406849,23.91487026,23.914870262145996,0.15082025527954102,False,,100,type:lambda-function|arch:aarch64|lambda:True|mem:2048,False,,stage,0,9.314894533157348,127.5112636089325,12.0,0.0,0,0.0,0,0.0,0,130.79694190025327,10,0.0,0,0,15.89,0,0.0,0,0,0,2.2278915643692017,7282.524138940573,149.132522798,149.13252279758453,1.0577867269515993,6
arm,0,1.4744837284088135,17.714179594176155,2.0,0.0,0,0.0,0,0.0,0,18.149967973572863,0.0,0,0,2.5771428571428574,0,0.0,0,0,0,0.26809378351484026,1034.808045728888,21.282807326285717,21.282807326316835,0.16769459588187083,,type:lambda-function|arch:aarch64|lambda:True|mem:2048,aws,3.3083001810083386,0.18227581369980192,1,aarch64,aarch64,False,,titanic,titanic_stage_aws_2048Mb_arm_analysis.json,0,2.0362956523895264,18.393295764923096,2,0,0,0.0,0,0.0,0,17.714179594176155,0.0,0,0,5.8,0,0.0,0,0,0,0.3803091049194336,1069.1194546222687,21.96448112,21.964481115341187,0.312255859375,"null, null, null, psutil",2048,0,1.3402397632598877,17.04349946975708,2,0,0,0.0,0,0.0,0,0.16769459588187083,0.0,0,0,1.9,0,0.0,0,0,0,0.23708271980285645,1001.6143470883371,20.42027211,20.4202721118927,0.1465597152709961,False,,100,type:lambda-function|arch:aarch64|lambda:True|mem:2048,False,,stage,0,10.321386098861694,123.99925715923308,14.0,0.0,0,0.0,0,0.0,0,127.04977581501004,10,0.0,0,0,18.040000000000003,0,0.0,0,0,0,1.8766564846038818,7243.656320102215,148.97965128400003,148.97965128421785,1.1738621711730959,7
arm,0,1.4628519535064697,14.990829822421073,2.0,0.0,0,0.0,0,0.0,0,15.534811800718307,0.0,0,0,2.4037499999999996,0,0.0,0,0,0,0.25745396614074706,904.0952786166965,18.673633971875,18.67363397181034,0.2865280121564865,,type:lambda-function|arch:aarch64|lambda:True|mem:2048,aws,3.1996427172975537,0.20596597875422004,1,aarch64,aarch64,False,,titanic,titanic_stage_aws_2048Mb_arm_analysis.json,0,1.5644245147705078,15.776248931884766,2,0,0,0.0,0,0.0,0,14.990829822421073,0.0,0,0,5.7,0,0.0,0,0,0,0.3532681465148926,943.9191731929778,19.57000709,19.57000708580017,0.33211517333984375,"null, null, null, psutil",2048,0,1.3895516395568848,14.479061365127563,2,0,0,0.0,0,0.0,0,0.25745396614074706,0.0,0,0,1.9,0,0.0,0,0,0,0.22305870056152344,875.1303071975709,18.01515388,18.015153884887695,0.15564632415771484,False,,100,type:lambda-function|arch:aarch64|lambda:True|mem:2048,False,,stage,0,11.702815628051757,119.92663857936859,16.0,0.0,0,0.0,0,0.0,0,124.27849440574646,10,0.0,0,0,19.229999999999997,0,0.0,0,0,0,2.0596317291259765,7232.762228933572,149.389071775,149.38907177448272,2.292224097251892,8
arm,0,1.4738773319456313,12.971110521422492,2.0,0.0,0,0.0,0,0.0,0,13.496941139962939,0.0,0,0,3.0033333333333334,0,0.0,0,0,0,0.23956910504235163,802.4502415641148,16.605385661666666,16.605385661125183,0.28626151349809437,,type:lambda-function|arch:aarch64|lambda:True|mem:2048,aws,3.1146230584039687,0.23076510641229048,1,aarch64,aarch64,False,,titanic,titanic_stage_aws_2048Mb_arm_analysis.json,0,1.8066201210021973,13.854391813278198,2,0,0,0.0,0,0.0,0,12.971110521422492,0.0,0,0,11.5,0,0.0,0,0,0,0.5011711120605469,851.267987012863,17.53384113,17.533841133117676,0.34183239936828613,"null, null, null, psutil",2048,0,1.3554389476776123,12.529166460037231,2,0,0,0.0,0,0.0,0,0.23956910504235163,0.0,0,0,1.9,0,0.0,0,0,0,0.209442138671875,777.2913316488266,16.01112461,16.01112461090088,0.1569199562072754,False,,100,type:lambda-function|arch:aarch64|lambda:True|mem:2048,False,,stage,0,13.264895987510682,116.73999469280243,18.0,0.0,0,0.0,0,0.0,0,121.47247025966645,10,0.0,0,0,27.03,0,0.0,0,0,0,2.1561219453811646,7222.052174077033,149.448470955,149.44847095012665,2.5763536214828493,9
arm,0,1.5631055450439453,11.508627123832703,2.0,0.0,0,0.0,0,0.0,0,12.009651985168457,0.0,0,0,3.11,0,0.0,0,0,0,0.3224998235702515,723.0329214488268,15.013859049899999,15.013859050273895,0.17852503776550294,,type:lambda-function|arch:aarch64|lambda:True|mem:2048,aws,3.070501716638565,0.2556694998681509,1,aarch64,aarch64,False,,titanic,titanic_stage_aws_2048Mb_arm_analysis.json,0,1.6817827224731445,11.953997373580933,2,0,0,0.0,0,0.0,0,11.508627123832703,0.0,0,0,9.8,0,0.0,0,0,0,0.45298099517822266,748.792682504654,15.56440425,15.564404249191284,0.3111245632171631,"null, null, null, psutil",2048,0,1.3497047424316406,11.053633451461792,2,0,0,0.0,0,0.0,0,0.17852503776550294,0.0,0,0,1.9,0,0.0,0,0,0,0.21082448959350586,695.7689893960953,14.39025831,14.390258312225342,0.14733552932739258,False,,100,type:lambda-function|arch:aarch64|lambda:True|mem:2048,False,,stage,0,15.631055450439453,115.08627123832703,20.0,0.0,0,0.0,0,0.0,0,120.09651985168458,10,0.0,0,0,31.099999999999998,0,0.0,0,0,0,3.2249982357025146,7230.329214488267,150.13859049899997,150.13859050273896,1.7852503776550295,10
arm,0,1.4934704760710398,9.207507177193959,2.0,0.0,0,0.0,0,0.0,0,9.603122886021932,0.0,0,0,2.8033333333333332,0,0.0,0,0,0,0.22551973859469096,607.8741710754235,12.720497010499999,12.720497010151545,0.17009597023328146,,type:lambda-function|arch:aarch64|lambda:True|mem:2048,aws,2.9478754978504176,0.3069705066610438,1,aarch64,aarch64,False,,titanic,titanic_stage_aws_2048Mb_arm_analysis.json,0,1.768059253692627,9.58773922920227,2,0,0,0.0,0,0.0,0,9.207507177193959,0.0,0,0,16.0,0,0.0,0,0,0,0.5004105567932129,628.5282659053802,13.03929806,13.039298057556152,0.31795740127563477,"null, null, null, psutil",2048,0,1.372992992401123,8.83099627494812,2,0,0,0.0,0,0.0,0,0.17009597023328146,0.0,0,0,1.9,0,0.0,0,0,0,0.18905854225158691,584.1939386844635,12.39369464,12.393694639205933,0.1491413116455078,False,,100,type:lambda-function|arch:aarch64|lambda:True|mem:2048,False,,stage,0,17.921645712852477,110.4900861263275,24.0,0.0,0,0.0,0,0.0,0,115.23747463226319,10,0.0,0,0,33.64,0,0.0,0,0,0,2.7062368631362914,7294.490052905083,152.645964126,152.64596412181854,2.0411516427993774,12
arm,0,1.5367326423525811,6.586391167342663,2.0,0.0,0,0.0,0,0.0,0,7.0668746709823616,0.0,0,0,2.494375,0,0.0,0,0,0,0.20629373639822007,479.52974545136095,10.1505424575,10.150542457401752,0.274189767241478,,type:lambda-function|arch:aarch64|lambda:True|mem:2048,aws,2.811598661515236,0.3978560243978966,1,aarch64,aarch64,False,,titanic,titanic_stage_aws_2048Mb_arm_analysis.json,0,2.3998289108276367,6.8756818771362305,2,0,0,0.0,0,0.0,0,6.586391167342663,0.0,0,0,5.7,0,0.0,0,0,0,0.3322415351867676,501.6726686954499,10.56403184,10.564031839370728,0.3561224937438965,"null, null, null, psutil",2048,0,1.3402464389801025,6.298130750656128,2,0,0,0.0,0,0.0,0,0.20629373639822007,0.0,0,0,1.9,0,0.0,0,0,0,0.178358793258667,456.6810100078583,9.88387012,9.883870124816895,0.1442394256591797,False,,100,type:lambda-function|arch:aarch64|lambda:True|mem:2048,False,,stage,0,24.587722277641298,105.38225867748261,32.0,0.0,0,0.0,0,0.0,0,113.06999473571778,10,0.0,0,0,39.91,0,0.0,0,0,0,3.300699782371521,7672.475927221775,162.40867932,162.40867931842803,4.387036275863648,16
arm,0,1.3689489209651946,5.100331877470016,2.0,0.0,0,0.0,0,0.0,0,5.578645327091216,0.0,0,0,2.8884999999999996,0,0.0,0,0,0,0.19858510732650758,404.6397417100072,8.61872944855,8.618729448318481,0.279728342294693,,type:lambda-function|arch:aarch64|lambda:True|mem:2048,aws,2.7215370898180007,0.4878490978090282,1,aarch64,aarch64,False,,titanic,titanic_stage_aws_2048Mb_arm_analysis.json,0,1.5474560260772705,5.402338266372681,2,0,0,0.0,0,0.0,0,5.100331877470016,0.0,0,0,9.8,0,0.0,0,0,0,0.4371299743652344,446.31996653079995,9.35681272,9.356812715530396,0.6061859130859375,"null, null, null, psutil",2048,0,1.2733473777770996,4.847297191619873,2,0,0,0.0,0,0.0,0,0.19858510732650758,0.0,0,0,1.9,0,0.0,0,0,0,0.17249345779418945,375.96142022609706,7.97457409,7.974574089050293,0.1494288444519043,False,,100,type:lambda-function|arch:aarch64|lambda:True|mem:2048,False,,stage,0,27.37897841930389,102.00663754940032,40.0,0.0,0,0.0,0,0.0,0,111.57290654182432,10,0.0,0,0,57.769999999999996,0,0.0,0,0,0,3.9717021465301516,8092.794834200144,172.374588971,172.37458896636963,5.59456684589386,20
arm,0,1.9701040635506313,4.124948923786481,2.0,0.0,0,0.0,0,0.0,0,4.589715986450513,0.0,0,0,2.6674999999999995,0,0.0,0,0,0,0.27588150997956595,348.5855026265482,7.546198023125,7.546198023358981,0.18888555268446605,,type:lambda-function|arch:aarch64|lambda:True|mem:2048,aws,2.641287294878959,0.575479463800464,1,aarch64,aarch64,False,,titanic,titanic_stage_aws_2048Mb_arm_analysis.json,0,6.621556997299194,4.461438417434692,2,0,0,0.0,0,0.0,0,4.124948923786481,0.0,0,0,11.5,0,0.0,0,0,0,0.6654505729675293,367.3284047961235,8.50488687,8.504886865615845,0.38129162788391113,"null, null, null, psutil",2048,0,1.3690009117126465,3.8462111949920654,2,0,0,0.0,0,0.0,0,0.18888555268446605,0.0,0,0,0.0,0,0.0,0,0,0,0.17116069793701172,319.05072724819183,7.36919498,7.369194984436035,0.14461636543273926,False,,100,type:lambda-function|arch:aarch64|lambda:True|mem:2048,False,,stage,0,47.28249752521515,98.99877417087555,48.0,0.0,0,0.0,0,0.0,0,110.15318367481231,10,0.0,0,0,64.01999999999998,0,0.0,0,0,0,6.621156239509583,8366.052063037157,181.108752555,181.10875256061553,4.533253264427185,24
arm,0,2.2925237561975207,3.5022487257208144,2.0,0.0,0,0.0,0,0.0,0,3.904958141701562,0.0,0,0,2.5257142857142854,0,0.0,0,0,0,0.22283585327012198,326.8092974033526,7.906898727714286,7.906898727587291,0.1798735627106258,,type:lambda-function|arch:aarch64|lambda:True|mem:2048,aws,2.616319888062477,0.6699994707042958,1,aarch64,aarch64,False,,titanic,titanic_stage_aws_2048Mb_arm_analysis.json,0,4.511376142501831,3.924718141555786,2,0,0,0.0,0,0.0,0,3.5022487257208144,0.0,0,0,5.7,0,0.0,0,0,0,0.5934476852416992,359.8047371149063,38.5736115,38.57361149787903,1.3275530338287354,"null, null, null, psutil",2048,0,1.2640037536621094,3.3047516345977783,2,0,0,0.0,0,0.0,0,0.1798735627106258,0.0,0,0,1.9,0,0.0,0,0,0,0.16519999504089355,287.37340565919874,6.88805032,6.888050317764282,0.1375291347503662,False,,100,type:lambda-function|arch:aarch64|lambda:True|mem:2048,False,,stage,0,64.19066517353058,98.0629643201828,56.0,0.0,0,0.0,0,0.0,0,109.33882796764374,10,0.0,0,0,70.71999999999998,0,0.0,0,0,0,6.239403891563415,9150.660327293874,221.39316437600002,221.39316437244415,5.036459755897522,28
x86,0,0.2387202869762074,5.180185491388494e-06,8.0,4.0,0,0.0,0,0.0,0,0.0004243633963844993,8.06909090909091,0,0,60.93636363636363,0,26.747157636363635,0,0,0,0.000319892709905451,318.5237035030126,2.868202599090909,2.8682025996121494,9.92905009876598e-05,,type:unknown|arch:Unknown|lambda:False|mem:unknown,NA,1.727073842828924e-07,0.00040697992747331323,4,x86_64,Intel(R) Core(TM) i7-10510U CPU @ 1.80GHz,False,,video,video_stage3_local_512_x86_analysis.json,0,0.29311060905456543,6.198883056640625e-06,8,4,0,0.0,0,0.0,0,0.000319892709905451,10.8,0,0,78.4,0,34.56882,0,0,0,0.0003991127014160156,378.3234135532379,3.33416843,3.3341684341430664,0.00014162063598632812,"perf, rapl, null, psutil",512,0,0.21757793426513672,4.291534423828125e-06,8,4,0,0.0,0,0.0,0,5.180185491388494e-06,6.97,0,0,54.9,0,23.977724,0,0,0,0.00027751922607421875,253.90172505140305,2.32117724,2.3211772441864014,7.605552673339844e-05,False,,220,type:unknown|arch:Unknown|lambda:False|mem:unknown,False,,stage3,0,0.9548811479048296,2.0720741965553977e-05,32.0,16.0,0,0.0,0,0.0,0,0.0016974535855379972,11,32.27636363636364,0,0,243.74545454545452,0,106.98863054545454,0,0,0,0.001279570839621804,1274.0948140120504,11.472810396363636,11.472810398448598,0.0003971620039506392,4
x86,0,0.2644965648651123,5.353580821644176e-06,8.0,4.0,0,0.0,0,0.0,0,0.0004410960457541726,8.728181818181818,0,0,61.14545454545455,0,28.484235181818182,0,0,0,0.0003289526159113104,392.01636473953727,3.327693267272727,3.3276932673020796,0.00010678984902121805,,type:unknown|arch:Unknown|lambda:False|mem:unknown,NA,2.2311048074202104e-07,0.0005058092968404501,4,x86_64,Intel(R) Core(TM) i7-10510U CPU @ 1.80GHz,False,,video,video_stage3_local_512_x86_analysis.json,0,0.41762852668762207,7.152557373046875e-06,8,4,0,0.0,0,0.0,0,0.0003289526159113104,15.74,0,0,71.3,0,47.278075,0,0,0,0.0004382133483886719,503.8889791440964,3.34463167,3.3446316719055176,0.00014019012451171875,"perf, rapl, null, psutil",512,0,0.21724796295166016,4.291534423828125e-06,8,4,0,0.0,0,0.0,0,5.353580821644176e-06,6.52,0,0,58.7,0,21.01911,0,0,0,0.0002760887145996094,340.7681922876835,3.27623653,3.2762365341186523,8.749961853027344e-05,False,,220,type:unknown|arch:Unknown|lambda:False|mem:unknown,False,,stage3,0,1.3224828243255615,2.676790410822088e-05,40.0,20.0,0,0.0,0,0.0,0,0.002205480228770863,11,43.64090909090909,0,0,305.72727272727275,0,142.42117590909092,0,0,0,0.001644763079556552,1960.0818236976863,16.638466336363635,16.638466336510398,0.0005339492451060902,5
x86,0,0.25866668874567206,6.263906305486506e-06,8.0,4.0,0,0.0,0,0.0,0,0.00045910748568448156,8.223636363636363,0,0,61.82727272727273,0,27.526873181818186,0,0,0,0.0003391395915638317,363.8790528053046,3.146605794545455,3.1466057950800117,0.00011370398781516336,,type:unknown|arch:Unknown|lambda:False|mem:unknown,NA,3.1325795433738014e-07,0.0006823194221508827,4,x86_64,Intel(R) Core(TM) i7-10510U CPU @ 1.80GHz,False,,video,video_stage3_local_512_x86_analysis.json,0,0.32689619064331055,1.1205673217773438e-05,8,4,0,0.0,0,0.0,0,0.0003391395915638317,12.62,0,0,97.4,0,40.794572,0,0,0,0.0004229545593261719,435.9294229745864,3.34455299,3.344552993774414,0.0001418590545654297,"perf, rapl, null, psutil",512,0,0.22503280639648438,4.5299530029296875e-06,8,4,0,0.0,0,0.0,0,6.263906305486506e-06,6.6,0,0,54.3,0,22.701968,0,0,0,0.00027823448181152344,251.84842476725584,2.33744884,2.337448835372925,9.417533874511719e-05,False,,220,type:unknown|arch:Unknown|lambda:False|mem:unknown,False,,stage3,0,1.5520001324740322,3.758343783291903e-05,48.0,24.0,0,0.0,0,0.0,0,0.0027546449141068892,11,49.34181818181818,0,0,370.9636363636364,0,165.1612390909091,0,0,0,0.00203483754938299,2183.2743168318275,18.87963476727273,18.87963477048007,0.0006822239268909801,6
x86,0,0.30794509974392975,5.5053017356178975e-06,8.0,4.0,0,0.0,0,0.0,0,0.0004461895335804332,9.844545454545454,0,0,64.50909090909092,0,31.112363636363636,0,0,0,0.0003361268477006392,373.674908914566,3.239342320909091,3.2393423210490835,0.00010455738414417614,,type:unknown|arch:Unknown|lambda:False|mem:unknown,NA,3.212068297646262e-07,0.0007198887593510152,4,x86_64,Intel(R) Core(TM) i7-10510U CPU @ 1.80GHz,False,,video,video_stage3_local_512_x86_analysis.json,0,0.4293222427368164,8.821487426757812e-06,8,4,0,0.0,0,0.0,0,0.0003361268477006392,17.4,0,0,82.1,0,50.43603,0,0,0,0.000522613525390625,423.2848559617997,3.34745932,3.347459316253662,0.00018095970153808594,"perf, rapl, null, psutil",512,0,0.23291349411010742,4.5299530029296875e-06,8,4,0,0.0,0,0.0,0,5.5053017356178975e-06,6.85,0,0,55.8,0,23.045473,0,0,0,0.0002868175506591797,259.626559586525,2.33167839,2.3316783905029297,8.916854858398438e-05,False,,220,type:unknown|arch:Unknown|lambda:False|mem:unknown,False,,stage3,0,2.1556156982075083,3.853711214932528e-05,56.0,28.0,0,0.0,0,0.0,0,0.003123326735063032,11,68.91181818181818,0,0,451.5636363636364,0,217.78654545454546,0,0,0,0.0023528879339044743,2615.724362401962,22.675396246363636,22.675396247343585,0.000731901689009233,7
x86,0,0.3044789054177024,5.9604644775390625e-06,8.0,4.0,0,0.0,0,0.0,0,0.00047469139099121094,9.404545454545454,0,0,67.54545454545455,0,30.36587236363636,0,0,0,0.0003556771711869673,356.047784858942,3.0632312936363637,3.0632312948053535,0.00011305375532670455,,type:unknown|arch:Unknown|lambda:False|mem:unknown,NA,3.974437713623047e-07,0.0008372677046710196,4,x86_64,Intel(R) Core(TM) i7-10510U CPU @ 1.80GHz,False,,video,video_stage3_local_512_x86_analysis.json,0,0.45315980911254883,8.58306884765625e-06,8,4,0,0.0,0,0.0,0,0.0003556771711869673,13.34,0,0,100.0,0,42.63667,0,0,0,0.00046825408935546875,425.5547968864441,3.3634727,3.3634727001190186,0.0001583099365234375,"perf, rapl, null, psutil",512,0,0.2464003562927246,4.5299530029296875e-06,8,4,0,0.0,0,0.0,0,5.9604644775390625e-06,6.95,0,0,57.7,0,23.892579,0,0,0,0.00029158592224121094,252.99163313806062,2.29705262,2.2970526218414307,9.393692016601562e-05,False,,220,type:unknown|arch:Unknown|lambda:False|mem:unknown,False,,stage3,0,2.435831243341619,4.76837158203125e-05,64.0,32.0,0,0.0,0,0.0,0,0.0037975311279296875,11,75.23636363636363,0,0,540.3636363636364,0,242.92697890909088,0,0,0,0.0028454173694957385,2848.382278871536,24.50585034909091,24.505850358442828,0.0009044300426136364,8
x86,0,0.299117846922441,6.133859807794744e-06,8.0,4.0,0,0.0,0,0.0,0,0.000446319580078125,11.717272727272727,0,0,69.14545454545454,0,37.157858272727275,0,0,0,0.00033315745267001063,351.1348686289787,3.14897108,3.1489710807800293,0.00010702826760031961,,type:unknown|arch:Unknown|lambda:False|mem:unknown,NA,4.601314934817227e-07,0.001030946241258741,4,x86_64,Intel(R) Core(TM) i7-10510U CPU @ 1.80GHz,False,,video,video_stage3_local_512_x86_analysis.json,0,0.40233731269836426,1.049041748046875e-05,8,4,0,0.0,0,0.0,0,0.00033315745267001063,20.16,0,0,91.8,0,64.044394,0,0,0,0.0004525184631347656,429.02232680797573,3.3409884,3.3409883975982666,0.00015544891357421875,"perf, rapl, null, psutil",512,0,0.22466540336608887,4.291534423828125e-06,8,4,0,0.0,0,0.0,0,6.133859807794744e-06,7.04,0,0,56.1,0,23.309814,0,0,0,0.00024628639221191406,288.71486569046976,2.32270646,2.322706460952759,7.653236389160156e-05,False,,220,type:unknown|arch:Unknown|lambda:False|mem:unknown,False,,stage3,0,2.6920606223019687,5.5204738270152696e-05,72.0,36.0,0,0.0,0,0.0,0,0.004016876220703125,11,105.45545454545454,0,0,622.3090909090909,0,334.42072445454545,0,0,0,0.0029984170740300956,3160.2138176608087,28.34073972,28.340739727020264,0.0009632544084028765,9
x86,0,0.2327210469679399,5.310231989080256e-06,8.0,4.0,0,0.0,0,0.0,0,0.00041666897860440343,8.83,0,0,60.972727272727276,0,28.829455090909093,0,0,0,0.0003132603385231712,375.73420696258546,3.3275304054545454,3.327530405738137,9.809840809215198e-05,,type:unknown|arch:Unknown|lambda:False|mem:unknown,NA,4.426078362898394e-07,0.001062252913025385,4,x86_64,Intel(R) Core(TM) i7-10510U CPU @ 1.80GHz,False,,video,video_stage3_local_512_x86_analysis.json,0,0.2655632495880127,7.152557373046875e-06,8,4,0,0.0,0,0.0,0,0.0003132603385231712,14.05,0,0,76.0,0,45.289985,0,0,0,0.00042247772216796875,397.1679778724909,3.35608029,3.3560802936553955,0.00013327598571777344,"perf, rapl, null, psutil",512,0,0.21145272254943848,4.291534423828125e-06,8,4,0,0.0,0,0.0,0,5.310231989080256e-06,6.65,0,0,56.8,0,23.388064,0,0,0,0.00027680397033691406,353.49123046874996,3.27246094,3.2724609375,8.654594421386719e-05,False,,220,type:unknown|arch:Unknown|lambda:False|mem:unknown,False,,stage3,0,2.327210469679399,5.310231989080256e-05,80.0,40.0,0,0.0,0,0.0,0,0.004166689786044034,11,88.3,0,0,609.7272727272727,0,288.29455090909096,0,0,0,0.003132603385231712,3757.3420696258545,33.27530405454545,33.27530405738137,0.0009809840809215198,10
x86,0,0.2716966975818981,5.288557572798296e-06,8.0,4.0,0,0.0,0,0.0,0,0.00044133446433327413,7.829999999999999,0,0,58.36363636363637,0,25.848250545454547,0,0,0,0.00033081661571155894,376.66901798903945,3.3334429481818186,3.333442948081277,0.0001052292910489169,,type:unknown|arch:Unknown|lambda:False|mem:unknown,NA,5.289615284312856e-07,0.0011985502406443378,4,x86_64,Intel(R) Core(TM) i7-10510U CPU @ 1.80GHz,False,,video,video_stage3_local_512_x86_analysis.json,0,0.44957733154296875,6.67572021484375e-06,8,4,0,0.0,0,0.0,0,0.00033081661571155894,8.79,0,0,61.5,0,29.248887,0,0,0,0.00041174888610839844,410.2358051228523,3.35216308,3.352163076400757,0.00013780593872070312,"perf, rapl, null, psutil",512,0,0.22312021255493164,4.291534423828125e-06,8,4,0,0.0,0,0.0,0,5.288557572798296e-06,6.96,0,0,55.1,0,22.102911,0,0,0,0.0002872943878173828,361.3297433447838,3.31554866,3.3155486583709717,8.678436279296875e-05,False,,220,type:unknown|arch:Unknown|lambda:False|mem:unknown,False,,stage3,0,3.260360370982777,6.346269087357955e-05,96.0,48.0,0,0.0,0,0.0,0,0.0052960135719992895,11,93.96,0,0,700.3636363636364,0,310.17900654545457,0,0,0,0.003969799388538708,4520.028215868473,40.00131537818182,40.00131537697532,0.0012627514925870028,12
x86,0,0.2703245769847523,5.223534323952415e-06,8.0,4.0,0,0.0,0,0.0,0,0.0004248835823752663,8.43090909090909,0,0,60.82727272727273,0,27.969094363636362,0,0,0,0.00031664154746315694,351.3295891475678,3.2234826081818184,3.223482608795166,0.00010301850058815695,,type:unknown|arch:Unknown|lambda:False|mem:unknown,NA,6.966105374422942e-07,0.0016395327245829724,4,x86_64,Intel(R) Core(TM) i7-10510U CPU @ 1.80GHz,False,,video,video_stage3_local_512_x86_analysis.json,0,0.3042621612548828,6.4373016357421875e-06,8,4,0,0.0,0,0.0,0,0.00031664154746315694,11.53,0,0,70.9,0,36.920436,0,0,0,0.0004134178161621094,377.1529280644655,3.33636904,3.336369037628174,0.00013113021850585938,"perf, rapl, null, psutil",512,0,0.22625970840454102,4.5299530029296875e-06,8,4,0,0.0,0,0.0,0,5.223534323952415e-06,6.83,0,0,54.3,0,22.660098,0,0,0,0.00029158592224121094,246.9353430509567,2.32628679,2.326286792755127,9.393692016601562e-05,False,,220,type:unknown|arch:Unknown|lambda:False|mem:unknown,False,,stage3,0,4.325193231756037,8.357654918323864e-05,128.0,64.0,0,0.0,0,0.0,0,0.006798137318004261,11,134.89454545454544,0,0,973.2363636363636,0,447.5055098181818,0,0,0,0.005066264759410511,5621.273426361085,51.575721730909095,51.575721740722656,0.0016482960094105113,16
x86,0,0.296573053706776,5.74372031471946e-06,8.0,4.0,0,0.0,0,0.0,0,0.00047031315890225494,9.391818181818183,0,0,63.39090909090908,0,30.630636636363636,0,0,0,0.00034819949756969106,337.6535086166859,3.0587376036363634,3.0587376031008633,0.00011636994101784445,,type:unknown|arch:Unknown|lambda:False|mem:unknown,NA,9.57478176463734e-07,0.0020358311442923637,4,x86_64,Intel(R) Core(TM) i7-10510U CPU @ 1.80GHz,False,,video,video_stage3_local_512_x86_analysis.json,0,0.3952202796936035,8.58306884765625e-06,8,4,0,0.0,0,0.0,0,0.00034819949756969106,15.55,0,0,92.0,0,50.325005,0,0,0,0.0005018711090087891,422.6320118755102,3.34665012,3.3466501235961914,0.00017690658569335938,"perf, rapl, null, psutil",512,0,0.2238752841949463,4.5299530029296875e-06,8,4,0,0.0,0,0.0,0,5.74372031471946e-06,6.0,0,0,54.0,0,20.94782,0,0,0,0.0002694129943847656,254.8212294197083,2.31625748,2.3162574768066406,8.487701416015625e-05,False,,220,type:unknown|arch:Unknown|lambda:False|mem:unknown,False,,stage3,0,5.93146107413552,0.0001148744062943892,160.0,80.0,0,0.0,0,0.0,0,0.0094062631780451,11,187.83636363636364,0,0,1267.8181818181818,0,612.6127327272727,0,0,0,0.006963989951393822,6753.070172333718,61.174752072727266,61.17475206201726,0.0023273988203568892,20
x86,0,0.27880527756430884,5.613673817027699e-06,8.0,4.0,0,0.0,0,0.0,0,0.000457763671875,8.548181818181819,0,0,63.27272727272727,0,27.97231881818182,0,0,0,0.0003379474986683239,363.1663916063309,3.2250746172727274,3.225074616345492,0.00011420249938964844,,type:unknown|arch:Unknown|lambda:False|mem:unknown,NA,1.122959310358221e-06,0.0024531420454545457,4,x86_64,Intel(R) Core(TM) i7-10510U CPU @ 1.80GHz,False,,video,video_stage3_local_512_x86_analysis.json,0,0.47333812713623047,7.62939453125e-06,8,4,0,0.0,0,0.0,0,0.0003379474986683239,12.46,0,0,87.5,0,39.039513,0,0,0,0.00045228004455566406,448.7345479577779,3.33919239,3.3391923904418945,0.00016760826110839844,"perf, rapl, null, psutil",512,0,0.223175048828125,4.5299530029296875e-06,8,4,0,0.0,0,0.0,0,5.613673817027699e-06,6.35,0,0,54.9,0,21.940801,0,0,0,0.0002770423889160156,250.56634036839012,2.32377028,2.32377028465271,8.511543273925781e-05,False,,220,type:unknown|arch:Unknown|lambda:False|mem:unknown,False,,stage3,0,6.691326661543412,0.00013472817160866478,192.0,96.0,0,0.0,0,0.0,0,0.010986328125,11,205.15636363636366,0,0,1518.5454545454545,0,671.3356516363637,0,0,0,0.008110739968039772,8715.993398551942,77.40179081454545,77.40179079229182,0.0027408599853515625,24
x86,0,0.2611985206604004,5.808743563565341e-06,8.0,4.0,0,0.0,0,0.0,0,0.0004669536243785511,10.21,0,0,63.98181818181818,0,33.32909390909091,0,0,0,0.00035309791564941406,345.87226360023016,3.188508943636364,3.1885089440779253,0.00010804696516557173,,type:unknown|arch:Unknown|lambda:False|mem:unknown,NA,1.3556445728648792e-06,0.0029031674712216857,4,x86_64,Intel(R) Core(TM) i7-10510U CPU @ 1.80GHz,False,,video,video_stage3_local_512_x86_analysis.json,0,0.38314318656921387,8.58306884765625e-06,8,4,0,0.0,0,0.0,0,0.00035309791564941406,16.7,0,0,88.5,0,54.190413,0,0,0,0.0005381107330322266,375.29932751119134,3.34310126,3.3431012630462646,0.00018143653869628906,"perf, rapl, null, psutil",512,0,0.2204294204711914,4.5299530029296875e-06,8,4,0,0.0,0,0.0,0,5.808743563565341e-06,7.16,0,0,55.0,0,24.223264,0,0,0,0.0002887248992919922,256.72344163656237,2.37905145,2.379051446914673,9.107589721679688e-05,False,,220,type:unknown|arch:Unknown|lambda:False|mem:unknown,False,,stage3,0,7.313558578491211,0.00016264481977982953,224.0,112.0,0,0.0,0,0.0,0,0.013074701482599432,11,285.88,0,0,1791.4909090909089,0,933.2146294545454,0,0,0,0.009886741638183594,9684.423380806444,89.27825042181819,89.27825043418191,0.0030253150246360087,28
arm,0,6.366992146155922,5.513757682869424,2.0,0.0,0,0.0,0,0.0,0,9.365783182525389,0.0,0,0,0.6921875,0,0.0,0,0,0,2.9472628866657775,157.00313902229425,14.674791295468749,14.675399755723227,0.9047626129901877,,type:lambda-function|arch:aarch64|lambda:True|mem:512,aws,0.14710705497895624,0.015706861040027865,4,aarch64,aarch64,False,,ml,ml_stage2_aws_512Mb_arm_analysis.json,0,69.47911026974397,9.953487575036654,2,0,0,0.0,0,0.0,0,5.513757682869424,0.0,0,0,3.7,0,0.0,0,0,0,7.89175145659936,248.15205052002202,25.12247705,24.94112105690443,1.8218104839324951,"null, null, null, psutil",512,0,1.9266135692596436,3.980032604161498,2,0,0,0.0,0,0.0,0,0.9047626129901877,0.0,0,0,0.0,0,0.0,0,0,0,1.5221586227416992,124.41762261199155,10.93887352,10.974804071934502,0.4466245174407959,False,,100,type:lambda-function|arch:aarch64|lambda:True|mem:512,False,,stage2,0,25.467968584623687,22.055030731477697,8.0,0.0,0,0.0,0,0.0,0,37.463132730101556,16,0.0,0,0,2.76875,0,0.0,0,0,0,11.78905154666311,628.012556089177,58.699165181874996,58.70159902289291,3.6190504519607507,4
arm,0,2.2408749292895016,6.270236742584785,2.0,0.0,0,0.0,0,0.0,0,11.003324984266806,0.0,0,0,0.6849999999999999,0,0.0,0,0,0,3.8107367268297785,170.62928377144058,16.397599772,16.445900248658937,0.9223515148522411,,type:lambda-function|arch:aarch64|lambda:True|mem:512,aws,0.2091123953652026,0.0190044732536941,4,aarch64,aarch64,False,,ml,ml_stage2_aws_512Mb_arm_analysis.json,0,2.631776449915729,10.783071756362915,2,0,0,0.0,0,0.0,0,6.270236742584785,0.0,0,0,3.6,0,0.0,0,0,0,10.131127170231803,259.6168115391743,27.79052782,28.420226685412274,1.983623529206837,"null, null, null, psutil",512,0,1.9381914186292115,5.281923654361364,2,0,0,0.0,0,0.0,0,0.9223515148522411,0.0,0,0,0.0,0,0.0,0,0,0,2.369841358819672,140.459908860402,13.89997697,13.89541662542531,0.6867775917053223,False,,100,type:lambda-function|arch:aarch64|lambda:True|mem:512,False,,stage2,0,11.204374646447508,31.351183712923927,10.0,0.0,0,0.0,0,0.0,0,55.01662492133403,16,0.0,0,0,3.425,0,0.0,0,0,0,19.053683634148893,853.1464188572029,81.98799886,82.22950124329469,4.611757574261206,5
arm,0,2.248431131349907,6.390496033759743,2.0,0.0,0,0.0,0,0.0,0,11.748731282893988,0.0,0,0,0.7937500000000001,0,0.0,0,0,0,4.446045589497463,176.5730504492281,17.245946455729165,17.19679794759631,0.9121896596367828,,type:lambda-function|arch:aarch64|lambda:True|mem:512,aws,0.2557476512710649,0.021768107986556,4,aarch64,aarch64,False,,ml,ml_stage2_aws_512Mb_arm_analysis.json,0,2.576434514066433,12.105637275348714,2,0,0,0.0,0,0.0,0,6.390496033759743,0.0,0,0,3.7,0,0.0,0,0,0,13.818356314305795,295.07978737752,32.909132,32.90913200378418,2.2159700044639,"null, null, null, psutil",512,0,1.9045826452238521,5.12662847128467,2,0,0,0.0,0,0.0,0,0.9121896596367828,0.0,0,0,0.0,0,0.0,0,0,0,2.684737699872119,146.70802528675802,13.87245083,13.872450828552246,0.6227383613586426,False,,100,type:lambda-function|arch:aarch64|lambda:True|mem:512,False,,stage2,0,13.490586788099442,38.34297620255846,12.0,0.0,0,0.0,0,0.0,0,70.49238769736394,16,0.0,0,0,4.7625,0,0.0,0,0,0,26.67627353698478,1059.4383026953687,103.47567873437498,103.18078768557785,5.473137957820697,6
arm,0,25.769036102718367,6.431628262754131,2.0,0.0,0,0.0,0,0.0,0,12.939672944033921,0.0,0,0,0.80625,0,0.0,0,0,0,5.49728366001167,179.39361106631773,18.35542890017857,18.313947708058937,1.0107610212681208,,type:lambda-function|arch:aarch64|lambda:True|mem:512,aws,0.30029272358799036,0.023207133973694904,4,aarch64,aarch64,False,,ml,ml_stage2_aws_512Mb_arm_analysis.json,0,222.8397380622215,12.677954196929932,2,0,0,0.0,0,0.0,0,6.431628262754131,0.0,0,0,3.7,0,0.0,0,0,0,18.439363016653978,307.987535905838,39.5327093,38.38696336746216,2.4464889026215717,"null, null, null, psutil",512,0,1.908588173985579,5.247280371054601,2,0,0,0.0,0,0.0,0,1.0107610212681208,0.0,0,0,0.0,0,0.0,0,0,0,2.773216724395752,142.16396660270848,13.98238024,14.230488794148568,0.6518489892215035,False,,100,type:lambda-function|arch:aarch64|lambda:True|mem:512,False,,stage2,0,180.38325271902858,45.02139783927892,14.0,0.0,0,0.0,0,0.0,0,90.57771060823745,16,0.0,0,0,5.64375,0,0.0,0,0,0,38.48098562008169,1255.755277464224,128.48800230125,128.19763395641255,7.075327148876846,7
arm,0,7.984038989115478,6.60864242377126,2.0,0.0,0,0.0,0,0.0,0,13.769265506631527,0.0,0,0,0.578125,0,0.0,0,0,0,6.10654917707687,188.13491363548619,19.1595576840625,19.189061570013934,1.0540739057833979,,type:lambda-function|arch:aarch64|lambda:True|mem:512,aws,0.3526371597324345,0.025610455369794276,4,aarch64,aarch64,False,,ml,ml_stage2_aws_512Mb_arm_analysis.json,0,71.04920864105225,13.461609522578842,2,0,0,0.0,0,0.0,0,6.60864242377126,0.0,0,0,3.7,0,0.0,0,0,0,22.540031557456157,336.57429978847506,43.07054409,43.49842239534907,2.461070409340924,"null, null, null, psutil",512,0,1.9119194055095396,5.29470973314819,2,0,0,0.0,0,0.0,0,1.0540739057833979,0.0,0,0,0.0,0,0.0,0,0,0,3.29865499037631,140.37222754955292,15.1134941,15.015127699930735,0.6603734164734077,False,,100,type:lambda-function|arch:aarch64|lambda:True|mem:512,False,,stage2,0,63.87231191292383,52.86913939017008,16.0,0.0,0,0.0,0,0.0,0,110.15412405305221,16,0.0,0,0,4.625,0,0.0,0,0,0,48.85239341661496,1505.0793090838895,153.2764614725,153.51249256011147,8.432591246267183,8
arm,0,5.975210965227403,6.594087874803374,2.0,0.0,0,0.0,0,0.0,0,14.524392761901717,0.0,0,0,0.6160493827160494,0,0.0,0,0,0,6.79602624744022,189.73113391064754,19.830830253333335,19.826413611281886,1.1342786396581241,,type:lambda-function|arch:aarch64|lambda:True|mem:512,aws,0.3958430951244465,0.027253676047838966,4,aarch64,aarch64,False,,ml,ml_stage2_aws_512Mb_arm_analysis.json,0,67.02284097671509,14.480556011199951,2,0,0,0.0,0,0.0,0,6.79602624744022,0.0,0,0,5.4,0,0.0,0,0,0,26.918110847473145,369.30518689155576,49.81041269,48.84642052650452,2.476871967315674,"null, null, null, psutil",512,0,1.9275397550048834,5.308058646001895,2,0,0,0.0,0,0.0,0,1.1342786396581241,0.0,0,0,0.0,0,0.0,0,0,0,3.419893264770508,145.52614153426327,15.21136896,14.890026884569478,0.63923299698963,False,,100,type:lambda-function|arch:aarch64|lambda:True|mem:512,False,,stage2,0,53.776898687046625,59.34679087323036,18.0,0.0,0,0.0,0,0.0,0,130.71953485711546,18,0.0,0,0,5.544444444444444,0,0.0,0,0,0,61.164236226961975,1707.5802051958278,178.47747228000003,178.43772250153697,10.208507756923117,9
arm,0,9.135631492891907,6.894681254769134,2.0,0.0,0,0.0,0,0.0,0,16.140068802680858,0.0,0,0,0.49000000000000005,0,0.0,0,0,0,8.141565156679256,199.83334895860068,21.529271883125,21.547525075028965,1.1038223912324683,,type:lambda-function|arch:aarch64|lambda:True|mem:512,aws,0.4598752396931012,0.028492768235084356,4,aarch64,aarch64,False,,ml,ml_stage2_aws_512Mb_arm_analysis.json,0,69.15030288696289,16.061322104087214,2,0,0,0.0,0,0.0,0,8.141565156679256,0.0,0,0,3.8,0,0.0,0,0,0,30.60675880450377,407.39601328624076,54.675062,54.9537293698124,2.5264148712158203,"null, null, null, psutil",512,0,1.915962325568194,5.19097249984693,2,0,0,0.0,0,0.0,0,1.1038223912324683,0.0,0,0,0.0,0,0.0,0,0,0,3.826107531519433,153.68867011070247,15.66033257,15.480633856165982,0.643306618945764,False,,100,type:lambda-function|arch:aarch64|lambda:True|mem:512,False,,stage2,0,91.35631492891906,68.94681254769134,20.0,0.0,0,0.0,0,0.0,0,161.40068802680858,16,0.0,0,0,4.9,0,0.0,0,0,0,81.41565156679256,1998.3334895860069,215.29271883125,215.47525075028966,11.038223912324682,10
arm,0,5.198579243209913,6.737236699655515,2.0,0.0,0,0.0,0,0.0,0,17.01092958871144,0.0,0,0,0.36435185185185187,0,0.0,0,0,0,9.114069997703151,206.84757716215563,22.449286186574074,22.43780578524559,1.1596228913527753,,type:lambda-function|arch:aarch64|lambda:True|mem:512,aws,0.5392484254404274,0.03170011507179925,4,aarch64,aarch64,False,,ml,ml_stage2_aws_512Mb_arm_analysis.json,0,72.69072853686365,15.881379038757423,2,0,0,0.0,0,0.0,0,9.114069997703151,0.0,0,0,2.0,0,0.0,0,0,0,34.46345344548107,444.5875588417053,58.42773537,58.7130906445641,2.436659812927246,"null, null, null, psutil",512,0,1.981340878199683,5.29229873956071,2,0,0,0.0,0,0.0,0,1.1596228913527753,0.0,0,0,0.0,0,0.0,0,0,0,4.462288099046816,157.0545641899109,16.37537621,16.54306581142312,0.6678575140559468,False,,100,type:lambda-function|arch:aarch64|lambda:True|mem:512,False,,stage2,0,62.38295091851896,80.84684039586618,24.0,0.0,0,0.0,0,0.0,0,204.1311550645373,18,0.0,0,0,4.372222222222223,0,0.0,0,0,0,109.36883997243781,2482.1709259458676,269.3914342388889,269.2536694229471,13.915474696233304,12
arm,0,2.3577578154012624,5.638187673632513,2.0,0.0,0,0.0,0,0.0,0,13.611008884637481,0.0,0,0,0.437109375,0,0.0,0,0,0,6.959865994983662,189.43753063376505,18.942109351171876,18.933841378513858,1.0129552160213064,,type:lambda-function|arch:aarch64|lambda:True|mem:512,aws,0.6017073885300617,0.04420740546347,4,aarch64,aarch64,False,,ml,ml_stage2_aws_512Mb_arm_analysis.json,0,3.290413335311668,5.939636628157584,2,0,0,0.0,0,0.0,0,6.959865994983662,0.0,0,0,2.0,0,0.0,0,0,0,8.037616729736328,208.90142564339104,21.36770352,21.37267584657823,2.613128273818254,"null, null, null, psutil",512,0,1.9280039779050602,5.256218160052558,2,0,0,0.0,0,0.0,0,1.0129552160213064,0.0,0,0,0.0,0,0.0,0,0,0,5.980757713317871,164.33223745381628,17.58510761,17.4583939938205,0.6607741499791278,False,,100,type:lambda-function|arch:aarch64|lambda:True|mem:512,False,,stage2,0,37.7241250464202,90.2110027781202,32.0,0.0,0,0.0,0,0.0,0,217.7761421541997,16,0.0,0,0,6.99375,0,0.0,0,0,0,111.3578559197386,3031.000490140241,303.07374961875,302.9414620562217,16.207283456340903,16
arm,0,6.9449493324984815,5.883860090147685,2.0,0.0,0,0.0,0,0.0,0,16.89708984605771,0.0,0,0,0.5870000000000001,0,0.0,0,0,0,9.905074730235137,206.01746710006122,22.3291884601,22.322431956086117,1.108155025674888,,type:lambda-function|arch:aarch64|lambda:True|mem:512,aws,0.7849069360257012,0.04645219639456608,4,aarch64,aarch64,False,,ml,ml_stage2_aws_512Mb_arm_analysis.json,0,84.05247235298157,8.34036898612976,2,0,0,0.0,0,0.0,0,9.905074730235137,0.0,0,0,3.7,0,0.0,0,0,0,20.200398206710815,298.25534939695405,34.83370825,34.191040851135924,1.6242783069610596,"null, null, null, psutil",512,0,1.964645196370669,5.325281392274587,2,0,0,0.0,0,0.0,0,1.108155025674888,0.0,0,0,0.0,0,0.0,0,0,0,7.134019983910434,177.55197924375534,18.90656567,18.64635029325605,0.656190680109241,False,,100,type:lambda-function|arch:aarch64|lambda:True|mem:512,False,,stage2,0,138.89898664996963,117.6772018029537,40.0,0.0,0,0.0,0,0.0,0,337.9417969211542,20,0.0,0,0,11.740000000000002,0,0.0,0,0,0,198.10149460470274,4120.349342001225,446.583769202,446.44863912172235,22.16310051349776,20
arm,0,2.2392147930303605,5.604737455261248,2.0,0.0,0,0.0,0,0.0,0,16.347987858217692,0.0,0,0,0.49713541666666666,0,0.0,0,0,0,9.95055956311366,207.74568988221372,21.79408501408854,21.793980297310004,0.7926908398427854,,type:lambda-function|arch:aarch64|lambda:True|mem:512,aws,0.8972063718382206,0.0548817615733192,4,aarch64,aarch64,False,,ml,ml_stage2_aws_512Mb_arm_analysis.json,0,2.909293063695615,6.052470110814295,2,0,0,0.0,0,0.0,0,9.95055956311366,0.0,0,0,3.7,0,0.0,0,0,0,12.458983421325684,224.88928012847902,24.81299806,24.331040859222412,1.2099301938816147,"null, null, null, psutil",512,0,1.9092559814453125,5.071191246918354,2,0,0,0.0,0,0.0,0,0.7926908398427854,0.0,0,0,0.0,0,0.0,0,0,0,8.263345148452936,179.77959784578726,19.7635611,19.730886306981944,0.629617402296623,False,,100,type:lambda-function|arch:aarch64|lambda:True|mem:512,False,,stage2,0,53.741155032728656,134.51369892626997,48.0,0.0,0,0.0,0,0.0,0,392.3517085972246,16,0.0,0,0,11.93125,0,0.0,0,0,0,238.81342951472786,4985.89655717313,523.058040338125,523.0555271354401,19.02458015622685,24
arm,0,2.6619821368152325,5.618873208437336,2.0,0.0,0,0.0,0,0.0,0,17.906232163382246,0.0,0,0,0.6542410714285715,0,0.0,0,0,0,11.1797007917084,217.82495410768738,23.07465353375,23.05996319238214,1.1076581632365101,,type:lambda-function|arch:aarch64|lambda:True|mem:512,aws,1.0493807604077567,0.0586042195160248,4,aarch64,aarch64,False,,ml,ml_stage2_aws_512Mb_arm_analysis.json,0,3.270599794548541,6.071696222444488,2,0,0,0.0,0,0.0,0,11.1797007917084,0.0,0,0,11.1,0,0.0,0,0,0,14.504339933395386,245.39697611802958,26.48906708,26.48906707763672,1.8435346312481757,"null, null, null, psutil",512,0,1.9695703983306885,4.917542248368606,2,0,0,0.0,0,0.0,0,1.1076581632365101,0.0,0,0,0.0,0,0.0,0,0,0,9.823337026994933,192.7041578367757,20.74600331,21.10702052143351,0.6326555292457122,False,,100,type:lambda-function|arch:aarch64|lambda:True|mem:512,False,,stage2,0,74.53549983082651,157.3284498362454,56.0,0.0,0,0.0,0,0.0,0,501.3745005747029,16,0.0,0,0,18.31875,0,0.0,0,0,0,313.0316221678352,6099.098715015247,646.090298945,645.6789693866999,31.014428570622282,28
x86,0,0.48434196909268695,7.84297784169515e-06,8.0,4.0,0,0.0,0,0.0,0,0.0006497253974278768,10.786666666666667,0,0,65.54166666666667,0,34.62056864583334,0,0,0,0.00048715869585673016,441.93174278372277,3.2725725575,3.2725725571314492,0.0001547237237294515,,type:unknown|arch:Unknown|lambda:False|mem:unknown,NA,1.0459395249684653e-06,0.0016098178232051804,4,x86_64,Intel(R) Core(TM) i7-10510U CPU @ 1.80GHz,False,,video,video_stage2_local_2048_x86_analysis.json,0,1.0288329124450684,1.9073486328125e-05,8,4,0,0.0,0,0.0,0,0.00048715869585673016,14.45,0,0,98.1,0,45.68,0,0,0,0.0012543201446533203,820.320624446869,3.90442944,3.9044294357299805,0.00040435791015625,"perf, rapl, null, psutil",2048,0,0.26594066619873047,4.0531158447265625e-06,8,4,0,0.0,0,0.0,0,7.84297784169515e-06,7.37,0,0,54.0,0,24.822141,0,0,0,0.00028133392333984375,254.68077270865442,2.27728558,2.277285575866699,8.893013000488281e-05,False,,220,type:unknown|arch:Unknown|lambda:False|mem:unknown,False,,stage2,0,1.9373678763707478,3.13719113667806e-05,32.0,16.0,0,0.0,0,0.0,0,0.0025989015897115073,12,43.14666666666667,0,0,262.1666666666667,0,138.48227458333335,0,0,0,0.0019486347834269206,1767.726971134891,13.09029023,13.090290228525797,0.000618894894917806,4
x86,0,0.5823585391044617,3.78727912902832e-05,8.0,4.0,0,0.0,0,0.0,0,0.0007753690083821614,12.049666666666667,0,0,70.705,0,38.47460205,0,0,0,0.0005543828010559082,473.7274656139315,3.2115386645,3.2115386644999186,0.00018311341603597004,,type:unknown|arch:Unknown|lambda:False|mem:unknown,NA,6.31339430809021e-06,0.008142438296912797,4,x86_64,Intel(R) Core(TM) i7-10510U CPU @ 1.80GHz,False,,video,video_stage2_local_2048_x86_analysis.json,0,1.2193782329559326,0.0017800331115722656,8,4,0,0.0,0,0.0,0,0.0005543828010559082,16.86,0,0,100.0,0,53.246446,0,0,0,0.0015299320220947266,784.9465993309022,3.88664389,3.886643886566162,0.0004425048828125,"perf, rapl, null, psutil",2048,0,0.291337251663208,4.291534423828125e-06,8,4,0,0.0,0,0.0,0,3.78727912902832e-05,6.2,0,0,54.0,0,21.400212,0,0,0,0.00028014183044433594,241.45451192855836,2.30753326,2.3075332641601562,9.012222290039062e-05,False,,220,type:unknown|arch:Unknown|lambda:False|mem:unknown,False,,stage2,0,2.9117926955223083,0.00018936395645141602,40.0,20.0,0,0.0,0,0.0,0,0.003876845041910807,12,60.248333333333335,0,0,353.525,0,192.37301025,0,0,0,0.002771914005279541,2368.6373280696575,16.0576933225,16.057693322499592,0.0009155670801798502,5
x86,0,0.6201526323954264,8.162524965074328e-06,8.0,4.0,0,0.0,0,0.0,0,0.0006998214456770156,12.478472222222223,0,0,67.16805555555555,0,39.49163123611111,0,0,0,0.0005189941989050971,457.91324583565194,3.2424154647222223,3.242415464586682,0.00017266472180684408,,type:unknown|arch:Unknown|lambda:False|mem:unknown,NA,1.6328314940134688e-06,0.002333211570036766,4,x86_64,Intel(R) Core(TM) i7-10510U CPU @ 1.80GHz,False,,video,video_stage2_local_2048_x86_analysis.json,0,1.157259225845337,1.8835067749023438e-05,8,4,0,0.0,0,0.0,0,0.0005189941989050971,16.04,0,0,100.0,0,49.438594,0,0,0,0.0011527538299560547,728.6762807154655,3.87667108,3.876671075820923,0.0003933906555175781,"perf, rapl, null, psutil",2048,0,0.2822721004486084,4.0531158447265625e-06,8,4,0,0.0,0,0.0,0,8.162524965074328e-06,6.35,0,0,51.0,0,21.801825,0,0,0,0.0002913475036621094,267.73566006183626,2.2791841,2.279184103012085,8.940696716308594e-05,False,,220,type:unknown|arch:Unknown|lambda:False|mem:unknown,False,,stage2,0,3.7209157943725586,4.897514979044597e-05,48.0,24.0,0,0.0,0,0.0,0,0.004198928674062094,12,74.87083333333334,0,0,403.0083333333333,0,236.94978741666665,0,0,0,0.0031139651934305825,2747.4794750139117,19.454492788333333,19.454492787520092,0.0010359883308410645,6
x86,0,0.7566598398344857,9.525389898390996e-06,8.0,4.0,0,0.0,0,0.0,0,0.0009250442186991373,12.606904761904762,0,0,74.1202380952381,0,40.78117130952381,0,0,0,0.0007077001390003023,501.068540486296,3.289166220833333,3.2891662205968584,0.0002078186898004441,,type:unknown|arch:Unknown|lambda:False|mem:unknown,NA,2.2230354944864908e-06,0.0024031667346807277,4,x86_64,Intel(R) Core(TM) i7-10510U CPU @ 1.80GHz,False,,video,video_stage2_local_2048_x86_analysis.json,0,1.6431894302368164,4.029273986816406e-05,8,4,0,0.0,0,0.0,0,0.0007077001390003023,17.86,0,0,100.0,0,55.488321,0,0,0,0.008368968963623047,860.659805508256,3.95610166,3.956101655960083,0.001312255859375,"perf, rapl, null, psutil",2048,0,0.3337211608886719,4.0531158447265625e-06,8,4,0,0.0,0,0.0,0,9.525389898390996e-06,7.14,0,0,56.0,0,24.55743,0,0,0,0.0002853870391845703,238.17050190150738,2.33964014,2.3396401405334473,9.608268737792969e-05,False,,220,type:unknown|arch:Unknown|lambda:False|mem:unknown,False,,stage2,0,5.2966188788414,6.667772928873697e-05,56.0,28.0,0,0.0,0,0.0,0,0.006475309530893961,12,88.24833333333333,0,0,518.8416666666667,0,285.4681991666667,0,0,0,0.004953900973002116,3507.479783404072,23.024163545833332,23.02416354417801,0.0014547308286031089,7
x86,0,0.9597250297665596,1.043081283569336e-05,8.0,4.0,0,0.0,0,0.0,0,0.0009689405560493469,12.113645833333335,0,0,78.81041666666667,0,39.85149909375,0,0,0,0.0007282594839731852,551.6985858954675,3.354748803125,3.354748802880446,0.00023025025924046835,,type:unknown|arch:Unknown|lambda:False|mem:unknown,NA,2.782106399536133e-06,0.002871286976447339,4,x86_64,Intel(R) Core(TM) i7-10510U CPU @ 1.80GHz,False,,video,video_stage2_local_2048_x86_analysis.json,0,2.1909823417663574,2.09808349609375e-05,8,4,0,0.0,0,0.0,0,0.0007282594839731852,16.33,0,0,100.0,0,50.840201,0,0,0,0.0060918331146240234,962.4169218206405,4.4054606,4.405460596084595,0.0004935264587402344,"perf, rapl, null, psutil",2048,0,0.351931095123291,4.291534423828125e-06,8,4,0,0.0,0,0.0,0,1.043081283569336e-05,7.18,0,0,56.9,0,24.566098,0,0,0,0.0003058910369873047,277.8556621074676,2.32441497,2.3244149684906006,9.679794311523438e-05,False,,220,type:unknown|arch:Unknown|lambda:False|mem:unknown,False,,stage2,0,7.677800238132477,8.344650268554688e-05,64.0,32.0,0,0.0,0,0.0,0,0.007751524448394775,12,96.90916666666668,0,0,630.4833333333333,0,318.81199275,0,0,0,0.0058260758717854815,4413.58868716374,26.837990425,26.837990423043568,0.0018420020739237468,8
x86,0,1.1575289125795718,9.812690593578197e-06,8.0,4.0,0,0.0,0,0.0,0,0.0008816167160316749,12.527037037037038,0,0,78.89166666666667,0,40.76175243518519,0,0,0,0.000660013269495081,522.3104496762818,3.2840372169444443,3.2840372169459306,0.00021179075594301576,,type:unknown|arch:Unknown|lambda:False|mem:unknown,NA,2.9443959395090735e-06,0.0033397687293888452,4,x86_64,Intel(R) Core(TM) i7-10510U CPU @ 1.80GHz,False,,video,video_stage2_local_2048_x86_analysis.json,0,5.217785835266113,3.504753112792969e-05,8,4,0,0.0,0,0.0,0,0.000660013269495081,18.92,0,0,100.0,0,57.842383,0,0,0,0.00415349006652832,829.2246263408662,3.95022082,3.950220823287964,0.0004737377166748047,"perf, rapl, null, psutil",2048,0,0.3028266429901123,3.814697265625e-06,8,4,0,0.0,0,0.0,0,9.812690593578197e-06,6.16,0,0,53.1,0,20.603338,0,0,0,0.00028061866760253906,256.88521213531493,2.29230309,2.2923030853271484,8.535385131835938e-05,False,,220,type:unknown|arch:Unknown|lambda:False|mem:unknown,False,,stage2,0,10.417760213216146,8.831421534220377e-05,72.0,36.0,0,0.0,0,0.0,0,0.007934550444285074,12,112.74333333333334,0,0,710.025,0,366.8557719166667,0,0,0,0.005940119425455729,4700.794047086536,29.5563349525,29.556334952513375,0.0019061168034871419,9
x86,0,1.5409441669782002,9.73343849182129e-06,8.0,4.0,0,0.0,0,0.0,0,0.0008996228377024331,12.316416666666667,0,0,76.80166666666668,0,40.17806485833333,0,0,0,0.0006664057572682698,530.8396263363063,3.3642564637500003,3.3642564634482066,0.00022348364194234213,,type:unknown|arch:Unknown|lambda:False|mem:unknown,NA,3.245128393173218e-06,0.0036072098852681683,4,x86_64,Intel(R) Core(TM) i7-10510U CPU @ 1.80GHz,False,,video,video_stage2_local_2048_x86_analysis.json,0,6.201433420181274,3.075599670410156e-05,8,4,0,0.0,0,0.0,0,0.0006664057572682698,16.6,0,0,100.0,0,51.488271,0,0,0,0.003299236297607422,951.7299334287643,4.4713645,4.471364498138428,0.0015420913696289062,"perf, rapl, null, psutil",2048,0,0.3118109703063965,3.814697265625e-06,8,4,0,0.0,0,0.0,0,9.73343849182129e-06,7.03,0,0,48.7,0,23.756043,0,0,0,0.0002713203430175781,262.20013710856443,2.32228971,2.3222897052764893,8.869171142578125e-05,False,,220,type:unknown|arch:Unknown|lambda:False|mem:unknown,False,,stage2,0,15.409441669782002,9.733438491821289e-05,80.0,40.0,0,0.0,0,0.0,0,0.00899622837702433,12,123.16416666666667,0,0,768.0166666666668,0,401.7806485833333,0,0,0,0.006664057572682698,5308.396263363064,33.6425646375,33.64256463448206,0.0022348364194234214,10
x86,0,2.1879505465428033,1.255174477895101e-05,8.0,4.0,0,0.0,0,0.0,0,0.000846245222621494,11.902083333333334,0,0,78.76944444444445,0,38.646961069444444,0,0,0,0.0006191995408799914,500.41837906055986,3.2860855225694445,3.286085522837109,0.00021449393696255155,,type:unknown|arch:Unknown|lambda:False|mem:unknown,NA,5.021702051162721e-06,0.005934097962298113,4,x86_64,Intel(R) Core(TM) i7-10510U CPU @ 1.80GHz,False,,video,video_stage2_local_2048_x86_analysis.json,0,6.126779079437256,0.0005009174346923828,8,4,0,0.0,0,0.0,0,0.0006191995408799914,15.81,0,0,100.0,0,49.723813,0,0,0,0.0034563541412353516,810.9659991037846,3.97669125,3.976691246032715,0.0020775794982910156,"perf, rapl, null, psutil",2048,0,0.37624430656433105,4.0531158447265625e-06,8,4,0,0.0,0,0.0,0,1.255174477895101e-05,6.11,0,0,49.3,0,21.235604,0,0,0,0.0002772808074951172,268.1431433868408,2.30318332,2.3031833171844482,8.749961853027344e-05,False,,220,type:unknown|arch:Unknown|lambda:False|mem:unknown,False,,stage2,0,26.25540655851364,0.0001506209373474121,96.0,48.0,0,0.0,0,0.0,0,0.010154942671457928,12,142.825,0,0,945.2333333333333,0,463.76353283333333,0,0,0,0.007430394490559896,6005.0205487267185,39.43302627083334,39.43302627404531,0.0025739272435506186,12
x86,0,3.2793166525661945,1.1103848616282145e-05,8.0,4.0,0,0.0,0,0.0,0,0.00101480633020401,11.954427083333334,0,0,80.14635416666667,0,39.46255638020833,0,0,0,0.0007390516499678294,568.2700659790139,3.4455296819270838,3.4455296819408736,0.0002646508316198985,,type:unknown|arch:Unknown|lambda:False|mem:unknown,NA,5.923237005869548e-06,0.005836815192785385,4,x86_64,Intel(R) Core(TM) i7-10510U CPU @ 1.80GHz,False,,video,video_stage2_local_2048_x86_analysis.json,0,7.822059631347656,6.461143493652344e-05,8,4,0,0.0,0,0.0,0,0.0007390516499678294,16.34,0,0,100.0,0,54.634139,0,0,0,0.003991842269897461,858.3316939926148,3.98655391,3.986553907394409,0.0031163692474365234,"perf, rapl, null, psutil",2048,0,0.4029567241668701,4.5299530029296875e-06,8,4,0,0.0,0,0.0,0,1.1103848616282145e-05,6.79,0,0,50.7,0,23.556824,0,0,0,0.0002987384796142578,254.70936004042625,2.30152059,2.301520586013794,9.226799011230469e-05,False,,220,type:unknown|arch:Unknown|lambda:False|mem:unknown,False,,stage2,0,52.46906644105911,0.00017766157786051431,128.0,64.0,0,0.0,0,0.0,0,0.01623690128326416,12,191.27083333333334,0,0,1282.3416666666667,0,631.4009020833333,0,0,0,0.01182482639948527,9092.321055664223,55.12847491083334,55.12847491105398,0.004234413305918376,16
x86,0,4.304933731754621,9.723504384358724e-06,8.0,4.0,0,0.0,0,0.0,0,0.0008696059385935466,12.371125000000001,0,0,84.47250000000001,0,40.51629565416667,0,0,0,0.0006451586882273356,548.3555714997351,3.4321957398333334,3.432195739944776,0.00021472374598185222,,type:unknown|arch:Unknown|lambda:False|mem:unknown,NA,6.483632723490398e-06,0.007455828480169619,4,x86_64,Intel(R) Core(TM) i7-10510U CPU @ 1.80GHz,False,,video,video_stage2_local_2048_x86_analysis.json,0,12.386858224868774,1.9550323486328125e-05,8,4,0,0.0,0,0.0,0,0.0006451586882273356,18.77,0,0,100.0,0,61.215177,0,0,0,0.002543926239013672,869.0795776319504,4.05388093,4.053880929946899,0.00045180320739746094,"perf, rapl, null, psutil",2048,0,0.3149077892303467,3.814697265625e-06,8,4,0,0.0,0,0.0,0,9.723504384358724e-06,6.18,0,0,54.9,0,20.872811,0,0,0,0.0002753734588623047,276.2512517899275,2.36047745,2.3604774475097656,8.940696716308594e-05,False,,220,type:unknown|arch:Unknown|lambda:False|mem:unknown,False,,stage2,0,86.09867463509241,0.00019447008768717447,160.0,80.0,0,0.0,0,0.0,0,0.017392118771870933,12,247.4225,0,0,1689.4500000000003,0,810.3259130833334,0,0,0,0.012903173764546713,10967.111429994702,68.64391479666666,68.64391479889551,0.004294474919637044,20
x86,0,4.971542326112588,8.939868874020047e-06,8.0,4.0,0,0.0,0,0.0,0,0.0007860668831401401,12.305555555555555,0,0,80.55277777777778,0,40.12226501041667,0,0,0,0.000581064158015781,504.31865857312255,3.3304816167708333,3.3304816169871225,0.00019606285625033907,,type:unknown|arch:Unknown|lambda:False|mem:unknown,NA,7.153325478235882e-06,0.009100148640863918,4,x86_64,Intel(R) Core(TM) i7-10510U CPU @ 1.80GHz,False,,video,video_stage2_local_2048_x86_analysis.json,0,12.05311894416809,2.6941299438476562e-05,8,4,0,0.0,0,0.0,0,0.000581064158015781,17.4,0,0,100.0,0,55.881816,0,0,0,0.0033957958221435547,848.6156073760986,4.03259993,4.032599925994873,0.0011222362518310547,"perf, rapl, null, psutil",2048,0,0.3997800350189209,3.814697265625e-06,8,4,0,0.0,0,0.0,0,8.939868874020047e-06,5.85,0,0,50.0,0,20.800913,0,0,0,0.0002760887145996094,276.9787531942129,2.31251574,2.3125157356262207,8.559226989746094e-05,False,,220,type:unknown|arch:Unknown|lambda:False|mem:unknown,False,,stage2,0,119.31701582670212,0.00021455685297648114,192.0,96.0,0,0.0,0,0.0,0,0.01886560519536336,12,295.3333333333333,0,0,1933.2666666666667,0,962.93436025,0,0,0,0.013945539792378742,12103.647805754941,79.9315588025,79.93155880769095,0.004705508550008138,24
x86,0,6.144658234857378,9.504812104361398e-06,8.0,4.0,0,0.0,0,0.0,0,0.0008567053647268386,12.475238095238096,0,0,84.43184523809524,0,40.65000967261905,0,0,0,0.0006313472986221313,535.8644741846443,3.3367948531547618,3.336794853210449,0.00021585325400034586,,type:unknown|arch:Unknown|lambda:False|mem:unknown,NA,8.872932195663452e-06,0.010357040542745517,4,x86_64,Intel(R) Core(TM) i7-10510U CPU @ 1.80GHz,False,,video,video_stage2_local_2048_x86_analysis.json,0,16.312702894210815,2.8848648071289062e-05,8,4,0,0.0,0,0.0,0,0.0006313472986221313,18.14,0,0,100.0,0,58.92319,0,0,0,0.0031719207763671875,856.5858974933626,4.07597327,4.075973272323608,0.002882719039916992,"perf, rapl, null, psutil",2048,0,0.31318163871765137,3.5762786865234375e-06,8,4,0,0.0,0,0.0,0,9.504812104361398e-06,5.78,0,0,49.4,0,20.264841,0,0,0,0.0002486705780029297,275.50107142746447,2.30509996,2.3050999641418457,7.605552673339844e-05,False,,220,type:unknown|arch:Unknown|lambda:False|mem:unknown,False,,stage2,0,172.0504305760066,0.00026613473892211914,224.0,112.0,0,0.0,0,0.0,0,0.023987750212351482,12,349.3066666666667,0,0,2364.0916666666667,0,1138.2002708333334,0,0,0,0.017677724361419678,15004.205277170042,93.43025588833333,93.43025588989258,0.006043891112009684,28
x86,0,20.51132157444954,34.65891771316528,8.0,4.0,0,1393.0792997896672,0,928.7195331931114,0,34.65996811985969,396.45725,0,0,84.7225,0,1310.466000575,0,0,0,0.0006693363189697266,3988.7133844106197,39.3548719055,39.35487190485001,0.0003810703754425049,,type:unknown|arch:Unknown|lambda:False|mem:unknown,NA,2.311056633113861,0.0666779791926484,1,x86_64,Intel(R) Core(TM) i7-10510U CPU @ 1.80GHz,False,,pi,pi_stage_local_1024Mb_x86_analysis.json,0,41.44202923774719,35.53910684585571,8,4,0,1430.5355958938599,0,953.6903972625732,0,34.65891771316528,409.59,0,0,95.7,0,1355.910042,0,0,0,0.0011174678802490234,4424.540056494475,40.39743066,40.397430658340454,0.0005373954772949219,"perf, rapl, ebpf, psutil",1024,0,0.4723496437072754,33.97817802429199,8,4,0,1368.79638504982,0,912.5309233665466,0,0.0003810703754425049,389.03,0,0,69.2,0,1282.961192,0,0,0,0.0004980564117431641,3519.760004366041,38.8345542,38.83455419540405,0.00030803680419921875,False,,220,type:unknown|arch:Unknown|lambda:False|mem:unknown,False,,stage,0,82.04528629779816,138.63567085266112,32.0,16.0,0,5572.317199158669,0,3714.8781327724455,0,138.63987247943876,10,1585.829,0,0,338.89,0,5241.8640023,0,0,0,0.0026773452758789063,15954.853537642479,157.419487622,157.41948761940003,0.0015242815017700196,4
x86,0,26.880396585464478,27.717474641799928,8.0,4.0,0,1122.3758337020874,0,748.2505558013916,0,27.718588638305665,323.3256,0,0,85.306,0,1066.88814662,0,0,0,0.00071990966796875,3323.3446727240444,32.3202723596,32.32027235984802,0.0003940868377685547,,type:unknown|arch:Unknown|lambda:False|mem:unknown,NA,2.3102515113940245,0.08334665020431004,1,x86_64,Intel(R) Core(TM) i7-10510U CPU @ 1.80GHz,False,,pi,pi_stage_local_1024Mb_x86_analysis.json,0,67.37321329116821,28.926011323928833,8,4,0,1171.68350815773,0,781.1223387718201,0,27.717474641799928,336.7,0,0,98.3,0,1128.579144,0,0,0,0.0017099380493164062,3851.3421398687365,33.94227839,33.94227838516235,0.0006105899810791016,"perf, rapl, ebpf, psutil",1024,0,0.4566478729248047,26.659467935562134,8,4,0,1073.1010529994965,0,715.4007019996643,0,0.0003940868377685547,309.01,0,0,59.8,0,1015.830043,0,0,0,0.0004208087921142578,2613.948229919672,30.87127733,30.871277332305908,0.00031065940856933594,False,,220,type:unknown|arch:Unknown|lambda:False|mem:unknown,False,,stage,0,134.4019829273224,138.58737320899965,40.0,20.0,0,5611.879168510437,0,3741.252779006958,0,138.59294319152832,10,1616.6280000000002,0,0,426.53,0,5334.4407331,0,0,0,0.00359954833984375,16616.72336362022,161.60136179799997,161.6013617992401,0.0019704341888427735,5
x86,0,29.23038785457611,23.249668574333192,8.0,4.0,0,947.1314054369926,0,631.4209369579951,0,23.250953376293186,275.9905,0,0,87.48833333333333,0,913.5322977,0,0,0,0.0008608579635620117,3014.5292311744092,27.921405890833334,27.921405891577404,0.0004239439964294434,,type:unknown|arch:Unknown|lambda:False|mem:unknown,NA,2.325431850804806,0.10001447309149183,1,x86_64,Intel(R) Core(TM) i7-10510U CPU @ 1.80GHz,False,,pi,pi_stage_local_1024Mb_x86_analysis.json,0,59.49749517440796,24.237854719161987,8,4,0,985.1157310009003,0,656.7438206672668,0,23.249668574333192,289.86,0,0,100.0,0,964.416844,0,0,0,0.007776737213134766,3785.5735178411,29.43306899,29.433068990707397,0.0013229846954345703,"perf, rapl, ebpf, psutil",1024,0,0.5270695686340332,22.537474155426025,8,4,0,925.1618356704712,0,616.7745571136475,0,0.0004239439964294434,269.01,0,0,69.4,0,886.636216,0,0,0,0.00045871734619140625,2645.71063262105,26.36278605,26.362786054611206,0.0003247261047363281,False,,220,type:unknown|arch:Unknown|lambda:False|mem:unknown,False,,stage,0,175.38232712745668,139.49801144599917,48.0,24.0,0,5682.7884326219555,0,3788.5256217479705,0,139.50572025775912,10,1655.943,0,0,524.93,0,5481.1937861999995,0,0,0,0.00516514778137207,18087.175387046456,167.528435345,167.52843534946442,0.0025436639785766605,6
x86,0,32.609901431628636,19.868167757987976,8.0,4.0,0,814.5186958449227,0,543.0124638966151,0,19.869222535405843,239.28914285714288,0,0,87.48714285714286,0,792.0683537714285,0,0,0,0.000663552965436663,2596.480378150863,24.423930430428573,24.42393043041229,0.0003912244524274554,,type:unknown|arch:Unknown|lambda:False|mem:unknown,NA,2.318416495679617,0.1166838053954214,1,x86_64,Intel(R) Core(TM) i7-10510U CPU @ 1.80GHz,False,,pi,pi_stage_local_1024Mb_x86_analysis.json,0,76.97568440437317,20.88961362838745,8,4,0,854.5684905052185,0,569.712327003479,0,19.868167757987976,255.56,0,0,100.0,0,849.037377,0,0,0,0.0011403560638427734,3289.294695608019,25.86658502,25.86658501625061,0.000591278076171875,"perf, rapl, ebpf, psutil",1024,0,0.4847111701965332,18.994651079177856,8,4,0,780.1677417755127,0,520.1118278503418,0,0.0003912244524274554,227.57,0,0,63.6,0,745.635725,0,0,0,0.0004665851593017578,2017.450747643709,22.87553644,22.87553644180298,0.00030732154846191406,False,,220,type:unknown|arch:Unknown|lambda:False|mem:unknown,False,,stage,0,228.26931002140046,139.07717430591583,56.0,28.0,0,5701.630870914459,0,3801.087247276306,0,139.0845577478409,10,1675.0240000000001,0,0,612.41,0,5544.4784764,0,0,0,0.004644870758056641,18175.36264705604,170.967513013,170.96751301288603,0.002738571166992188,7
x86,0,34.84214909076691,17.538765636086463,8.0,4.0,0,725.6716678708792,0,483.78111191391946,0,17.539915314316747,216.192,0,0,88.4075,0,715.3588469624999,0,0,0,0.0007296323776245118,2417.2030144953724,22.302802127625,22.302802127599715,0.0004200458526611328,,type:unknown|arch:Unknown|lambda:False|mem:unknown,NA,2.3389697852284907,0.1333512587326653,1,x86_64,Intel(R) Core(TM) i7-10510U CPU @ 1.80GHz,False,,pi,pi_stage_local_1024Mb_x86_analysis.json,0,71.75549387931824,18.897231101989746,8,4,0,777.8044424057007,0,518.5362949371338,0,17.538765636086463,227.62,0,0,100.0,0,759.376717,0,0,0,0.0018570423126220703,3153.377480506897,23.88408494,23.884084939956665,0.0024061203002929688,"perf, rapl, ebpf, psutil",1024,0,0.47451353073120117,17.072489261627197,8,4,0,699.8848357200623,0,466.5898904800415,0,0.0004200458526611328,205.93,0,0,73.8,0,678.850983,0,0,0,0.0004825592041015625,2115.5174436885122,20.84875154,20.848751544952393,0.00030350685119628906,False,,220,type:unknown|arch:Unknown|lambda:False|mem:unknown,False,,stage,0,278.7371927261353,140.3101250886917,64.0,32.0,0,5805.373342967034,0,3870.2488953113557,0,140.31932251453398,10,1729.536,0,0,707.26,0,5722.870775699999,0,0,0,0.005837059020996094,19337.62411596298,178.422417021,178.42241702079772,0.0033603668212890624,8
x86,0,37.43419119781918,15.572355259789362,8.0,4.0,0,647.9702160358429,0,431.98014402389526,0,15.573431200451322,193.95277777777778,0,0,84.34,0,640.9779182,0,0,0,0.0006796068615383572,2177.6709437941577,20.19474780277778,20.194747802946303,0.00039633380042182074,,type:unknown|arch:Unknown|lambda:False|mem:unknown,NA,2.336320459626198,0.15001963469415083,1,x86_64,Intel(R) Core(TM) i7-10510U CPU @ 1.80GHz,False,,pi,pi_stage_local_1024Mb_x86_analysis.json,0,84.09386444091797,16.868156909942627,8,4,0,697.3058338165283,0,464.87055587768555,0,15.572355259789362,202.15,0,0,100.0,0,677.415931,0,0,0,0.0010797977447509766,2977.3506061095,21.35095644,21.350956439971924,0.0007648468017578125,"perf, rapl, ebpf, psutil",1024,0,0.45577073097229004,14.803150177001953,8,4,0,620.6226811408997,0,413.7484540939331,0,0.00039633380042182074,185.53,0,0,64.7,0,610.268821,0,0,0,0.00043487548828125,1646.2034630686046,18.8739543,18.87395429611206,0.0003008842468261719,False,,220,type:unknown|arch:Unknown|lambda:False|mem:unknown,False,,stage,0,336.90772078037264,140.15119733810425,72.0,36.0,0,5831.731944322586,0,3887.8212962150574,0,140.1608808040619,10,1745.575,0,0,759.0600000000001,0,5768.8012638,0,0,0,0.006116461753845215,19599.03849414742,181.75273022500002,181.75273022651672,0.003567004203796387,9
x86,0,39.112930834293365,14.063536410331727,8.0,4.0,0,589.6428247404099,0,393.0952164936066,0,14.064760987758637,178.0191,0,0,86.596,0,588.89044437,0,0,0,0.0008129739761352539,2054.807660380709,18.7472032448,18.747203245162964,0.0004116034507751465,,type:unknown|arch:Unknown|lambda:False|mem:unknown,NA,2.344391519602299,0.1666854859206464,1,x86_64,Intel(R) Core(TM) i7-10510U CPU @ 1.80GHz,False,,pi,pi_stage_local_1024Mb_x86_analysis.json,0,79.36304450035095,14.706539154052734,8,4,0,623.3015284538269,0,415.53435230255127,0,14.063536410331727,191.49,0,0,100.0,0,635.265401,0,0,0,0.004867076873779297,2582.328560900688,19.92942595,19.929425954818726,0.00119781494140625,"perf, rapl, ebpf, psutil",1024,0,0.4652223587036133,13.539783716201782,8,4,0,561.816171169281,0,374.544114112854,0,0.0004116034507751465,165.37,0,0,66.7,0,548.533628,0,0,0,0.0004889965057373047,1742.9436948853731,17.32726145,17.327261447906494,0.00032019615173339844,False,,220,type:unknown|arch:Unknown|lambda:False|mem:unknown,False,,stage,0,391.12930834293365,140.63536410331727,80.0,40.0,0,5896.428247404099,0,3930.952164936066,0,140.64760987758638,10,1780.191,0,0,865.96,0,5888.904443699999,0,0,0,0.008129739761352539,20548.07660380709,187.47203244800002,187.47203245162964,0.004116034507751465,10
x86,0,42.46824351350467,11.720418274402618,8.0,4.0,0,497.6916777789593,0,331.7944518526395,0,11.721493607759475,152.4255,0,0,84.3725,0,505.48427161666666,0,0,0,0.0006623486677805583,1811.3426473522834,16.284677380416667,16.28467738032341,0.00041298468907674155,,type:unknown|arch:Unknown|lambda:False|mem:unknown,NA,2.3445524716115,0.20002164827010072,1,x86_64,Intel(R) Core(TM) i7-10510U CPU @ 1.80GHz,False,,pi,pi_stage_local_1024Mb_x86_analysis.json,0,87.0908055305481,13.160205602645874,8,4,0,546.6507618427277,0,364.4338412284851,0,11.720418274402618,162.68,0,0,100.0,0,554.452985,0,0,0,0.0010364055633544922,2985.9512943470477,17.92637396,17.926373958587646,0.001287221908569336,"perf, rapl, ebpf, psutil",1024,0,0.47446107864379883,11.244551420211792,8,4,0,472.11887884140015,0,314.7459192276001,0,0.00041298468907674155,144.27,0,0,68.8,0,477.824154,0,0,0,0.0004513263702392578,1488.7545824736358,14.87045717,14.870457172393799,0.0003001689910888672,False,,220,type:unknown|arch:Unknown|lambda:False|mem:unknown,False,,stage,0,509.61892216205604,140.64501929283142,96.0,48.0,0,5972.300133347511,0,3981.533422231674,0,140.6579232931137,10,1829.106,0,0,1012.47,0,6065.8112593999995,0,0,0,0.007948184013366699,21736.1117682274,195.416128565,195.4161285638809,0.004955816268920899,12
x86,0,49.67802784442902,8.879236018657684,8.0,4.0,0,383.027486701505,0,255.35165780100334,0,8.880394047498703,122.6365625,0,0,85.14750000000001,0,407.74991163125003,0,0,0,0.0006655320525169372,1585.8497285934127,13.4990113884375,13.499011388421058,0.0004924967885017395,,type:unknown|arch:Unknown|lambda:False|mem:unknown,NA,2.3682698308963777,0.2666852189473998,1,x86_64,Intel(R) Core(TM) i7-10510U CPU @ 1.80GHz,False,,pi,pi_stage_local_1024Mb_x86_analysis.json,0,107.09547233581543,10.379207372665405,8,4,0,451.7198145389557,0,301.14654302597046,0,8.879236018657684,137.11,0,0,100.0,0,476.854919,0,0,0,0.0009500980377197266,2861.872371627689,15.97851777,15.978517770767212,0.004500389099121094,"perf, rapl, ebpf, psutil",1024,0,0.4576544761657715,8.422532320022583,8,4,0,340.7046709393935,0,227.136447292929,0,0.0004924967885017395,111.64,0,0,66.4,0,368.716157,0,0,0,0.0004410743713378906,1226.9156828910113,12.34093285,12.340932846069336,0.00029158592224121094,False,,220,type:unknown|arch:Unknown|lambda:False|mem:unknown,False,,stage,0,794.8484455108643,142.06777629852294,128.0,64.0,0,6128.43978722408,0,4085.6265248160535,0,142.08630475997924,10,1962.185,0,0,1362.3600000000001,0,6523.9985861000005,0,0,0,0.010648512840270996,25373.595657494603,215.984182215,215.98418221473693,0.007879948616027832,16
x86,0,55.46677049160004,7.118336967229843,8.0,4.0,0,273.88183546095684,0,182.58789030730458,0,7.11943630695343,103.6134,0,0,86.555,0,343.80866230500004,0,0,0,0.0006952714920043945,1350.8360199378164,11.7396291331,11.73962913274765,0.0004040682315826416,,type:unknown|arch:Unknown|lambda:False|mem:unknown,NA,2.3732535448744296,0.33334851841521695,1,x86_64,Intel(R) Core(TM) i7-10510U CPU @ 1.80GHz,False,,pi,pi_stage_local_1024Mb_x86_analysis.json,0,117.46302509307861,8.09773588180542,8,4,0,333.5793932638008,0,222.38626217586722,0,7.118336967229843,115.27,0,0,100.0,0,398.66237,0,0,0,0.0047605037689208984,2252.2788213205336,13.38689899,13.3868989944458,0.001050710678100586,"perf, rapl, ebpf, psutil",1024,0,0.47369885444641113,6.754531621932983,8,4,0,244.6800511389067,0,163.12003409260447,0,0.0004040682315826416,93.31,0,0,60.7,0,308.487125,0,0,0,0.0004553794860839844,1033.48547714293,10.30619407,10.306194067001343,0.000301361083984375,False,,220,type:unknown|arch:Unknown|lambda:False|mem:unknown,False,,stage,0,1109.3354098320008,142.36673934459685,160.0,80.0,0,5477.636709219137,0,3651.7578061460918,0,142.3887261390686,10,2072.268,0,0,1731.1000000000001,0,6876.173246100001,0,0,0,0.01390542984008789,27016.72039875633,234.79258266199997,234.792582654953,0.008081364631652833,20
x86,0,61.428839022914566,5.964898811777433,8.0,4.0,0,210.1777515661721,0,140.11850104411477,0,5.966057833035786,91.60395833333334,0,0,85.70666666666666,0,304.07948397083334,0,0,0,0.0007627030213673909,1314.7064785903765,10.584620158041668,10.584620157877604,0.00039631823698679607,,type:unknown|arch:Unknown|lambda:False|mem:unknown,NA,2.3864367166159157,0.4000022767800751,1,x86_64,Intel(R) Core(TM) i7-10510U CPU @ 1.80GHz,False,,pi,pi_stage_local_1024Mb_x86_analysis.json,0,126.2322256565094,7.285398960113525,8,4,0,277.1742972189638,0,184.78286481264254,0,5.964898811777433,114.61,0,0,100.0,0,387.818771,0,0,0,0.011848688125610352,2308.00101403594,12.87922907,12.879229068756104,0.0006840229034423828,"perf, rapl, ebpf, psutil",1024,0,0.5302674770355225,5.589914798736572,8,4,0,181.55073374768443,0,121.03382249845629,0,0.00039631823698679607,81.87,0,0,63.4,0,270.382851,0,0,0,0.00044536590576171875,957.9169356584548,9.29147267,9.291472673416138,0.0002982616424560547,False,,220,type:unknown|arch:Unknown|lambda:False|mem:unknown,False,,stage,0,1474.2921365499496,143.1575714826584,192.0,96.0,0,5044.2660375881305,0,3362.8440250587546,0,143.18538799285886,10,2198.495,0,0,2056.96,0,7297.9076153000005,0,0,0,0.018304872512817382,31552.955486169034,254.03088379300004,254.0308837890625,0.009511637687683105,24
x86,0,66.97713408640453,5.110230190413339,8.0,4.0,0,169.79987932414247,0,113.19991954942832,0,5.11130308168275,82.45807142857143,0,0,86.11535714285714,0,273.82880775,0,0,0,0.0006718243871416365,1215.6523730120934,9.704568447642856,9.704568447385515,0.0004010668822697231,,type:unknown|arch:Unknown|lambda:False|mem:unknown,NA,2.38525104367733,0.4666620244503393,1,x86_64,Intel(R) Core(TM) i7-10510U CPU @ 1.80GHz,False,,pi,pi_stage_local_1024Mb_x86_analysis.json,0,135.9487144947052,6.102173566818237,8,4,0,222.588446651099,0,148.39229776739933,0,5.110230190413339,92.99,0,0,100.0,0,313.186701,0,0,0,0.0010898113250732422,2019.072636655569,10.86942291,10.869422912597656,0.0005936622619628906,"perf, rapl, ebpf, psutil",1024,0,0.521949291229248,4.804741382598877,8,4,0,148.44234622142903,0,98.96156414761936,0,0.0004010668822697231,73.66,0,0,61.1,0,243.274891,0,0,0,0.0004208087921142578,877.0437694597246,8.3372364,8.337236404418945,0.0003025531768798828,False,,220,type:unknown|arch:Unknown|lambda:False|mem:unknown,False,,stage,0,1875.359754419327,143.0864453315735,224.0,112.0,0,4754.396621075989,0,3169.597747383993,0,143.116486287117,10,2308.826,0,0,2411.2299999999996,0,7667.206617,0,0,0,0.018811082839965822,34038.26644433862,271.727916534,271.72791652679444,0.011229872703552246,28
arm,0,1.035808578133583,17.397376634180546,2.0,0.0,0,0.0,0,0.0,0,26.339568823575974,0.0,0,0,0.36875,0,0.0,0,0,0,7.104566514492035,258.9116936761886,29.3255049509375,29.325504951179028,1.8376256749033928,,type:lambda-function|arch:aarch64|lambda:True|mem:512,aws,0.46416200859993695,0.017622232607865457,4,aarch64,aarch64,False,,video,video_stage1_aws_512Mb_arm_analysis.json,0,1.501371145248413,31.047104358673096,2,0,0,0.0,0,0.0,0,17.397376634180546,0.0,0,0,2.0,0,0.0,0,0,0,12.243929147720337,433.0235934734345,49.32794476,49.3279447555542,3.1983962059020996,"null, null, null, psutil",512,0,0.6424703598022461,14.257843255996704,2,0,0,0.0,0,0.0,0,1.8376256749033928,0.0,0,0,0.0,0,0.0,0,0,0,5.612361907958984,217.90009424686428,25.00786519,25.00786519050598,1.2886290550231934,False,,100,type:lambda-function|arch:aarch64|lambda:True|mem:512,False,,stage1,0,4.143234312534332,69.58950653672218,8.0,0.0,0,0.0,0,0.0,0,105.3582752943039,8,0.0,0,0,1.475,0,0.0,0,0,0,28.41826605796814,1035.6467747047543,117.30201980375,117.30201980471611,7.350502699613571,4
arm,0,1.1856514658246722,14.199025515147618,2.0,0.0,0,0.0,0,0.0,0,22.522195257459366,0.0,0,0,0.5828571428571429,0,0.0,0,0,0,6.80911386353629,225.5707160431998,25.547943816,25.547943816866194,1.5140558787754603,,type:lambda-function|arch:aarch64|lambda:True|mem:512,aws,0.473537500930173,0.02102537055189312,4,aarch64,aarch64,False,,video,video_stage1_aws_512Mb_arm_analysis.json,0,2.7086615562438965,25.61954426765442,2,0,0,0.0,0,0.0,0,14.199025515147618,0.0,0,0,2.0,0,0.0,0,0,0,13.605146884918213,375.07178916931156,42.67116761,42.671167612075806,2.753645896911621,"null, null, null, psutil",512,0,0.7578787803649902,11.236828565597534,2,0,0,0.0,0,0.0,0,1.5140558787754603,0.0,0,0,0.0,0,0.0,0,0,0,4.5734922885894775,188.88461399078372,21.40646124,21.406461238861084,1.1262645721435547,False,,100,type:lambda-function|arch:aarch64|lambda:True|mem:512,False,,stage1,0,5.928257329123361,70.99512757573808,10.0,0.0,0,0.0,0,0.0,0,112.61097628729684,7,0.0,0,0,2.914285714285714,0,0.0,0,0,0,34.04556931768145,1127.853580215999,127.73971908,127.73971908433097,7.570279393877302,5
arm,0,1.0175144161496843,10.345276815550667,2.0,0.0,0,0.0,0,0.0,0,17.614388556707475,0.0,0,0,0.4,0,0.0,0,0,0,6.036869179634821,182.32424130155925,20.67036621309524,20.67036621343522,1.2322425615219843,,type:lambda-function|arch:aarch64|lambda:True|mem:512,aws,0.4140179781583377,0.023504533059745727,4,aarch64,aarch64,False,,video,video_stage1_aws_512Mb_arm_analysis.json,0,1.450788974761963,11.320716857910156,2,0,0,0.0,0,0.0,0,10.345276815550667,0.0,0,0,1.9,0,0.0,0,0,0,6.878448963165283,193.44850044250487,22.43323612,22.433236122131348,1.6668190956115723,"null, null, null, psutil",512,0,0.6400847434997559,9.40532374382019,2,0,0,0.0,0,0.0,0,1.2322425615219843,0.0,0,0,0.0,0,0.0,0,0,0,5.624551057815552,168.67711293697357,19.54185605,19.541856050491333,1.026494026184082,False,,100,type:lambda-function|arch:aarch64|lambda:True|mem:512,False,,stage1,0,6.105086496898106,62.071660893304,12.0,0.0,0,0.0,0,0.0,0,105.68633134024485,7,0.0,0,0,2.4000000000000004,0,0.0,0,0,0,36.22121507780893,1093.9454478093555,124.02219727857144,124.02219728061132,7.393455369131906,6
arm,0,1.0467894417898995,8.890285449368614,2.0,0.0,0,0.0,0,0.0,0,15.796793605600087,0.0,0,0,0.5446428571428571,0,0.0,0,0,0,5.807233350617545,166.50735141145333,18.81295827892857,18.812958278826304,1.0992748056139265,,type:lambda-function|arch:aarch64|lambda:True|mem:512,aws,0.4150874276310206,0.026276688674584495,4,aarch64,aarch64,False,,video,video_stage1_aws_512Mb_arm_analysis.json,0,1.6923303604125977,10.008458375930786,2,0,0,0.0,0,0.0,0,8.890285449368614,0.0,0,0,2.0,0,0.0,0,0,0,6.289594411849976,181.1405270934105,20.46785617,20.46785616874695,1.6288104057312012,"null, null, null, psutil",512,0,0.6958277225494385,7.78693699836731,2,0,0,0.0,0,0.0,0,1.0992748056139265,0.0,0,0,0.0,0,0.0,0,0,0,5.314995050430298,152.42467539310456,17.38487482,17.38487482070923,0.860612154006958,False,,100,type:lambda-function|arch:aarch64|lambda:True|mem:512,False,,stage1,0,7.327526092529297,62.2319981455803,14.0,0.0,0,0.0,0,0.0,0,110.5775552392006,8,0.0,0,0,3.8124999999999996,0,0.0,0,0,0,40.650633454322815,1165.5514598801733,131.6907079525,131.69070795178413,7.694923639297485,7
arm,0,1.050229836255312,7.803072363138199,2.0,0.0,0,0.0,0,0.0,0,14.67950389906764,0.0,0,0,0.325,0,0.0,0,0,0,5.884853165596724,155.75218763742595,17.70918885984375,17.709188859909773,0.9915783703327179,,type:lambda-function|arch:aarch64|lambda:True|mem:512,aws,0.41637194129705424,0.02836416980845653,4,aarch64,aarch64,False,,video,video_stage1_aws_512Mb_arm_analysis.json,0,1.457780361175537,8.991045951843262,2,0,0,0.0,0,0.0,0,7.803072363138199,0.0,0,0,3.6,0,0.0,0,0,0,6.598477363586426,175.23782885074615,19.55117297,19.551172971725464,1.4530856609344482,"null, null, null, psutil",512,0,0.7895388603210449,6.93703556060791,2,0,0,0.0,0,0.0,0,0.9915783703327179,0.0,0,0,0.0,0,0.0,0,0,0,5.609583854675293,143.17599093914032,16.36290526,16.362905263900757,0.7436239719390869,False,,100,type:lambda-function|arch:aarch64|lambda:True|mem:512,False,,stage1,0,8.401838690042496,62.42457890510559,16.0,0.0,0,0.0,0,0.0,0,117.43603119254112,8,0.0,0,0,2.6,0,0.0,0,0,0,47.07882532477379,1246.0175010994076,141.67351087875,141.67351087927818,7.932626962661743,8
arm,0,1.1371006237135992,6.896463404099147,2.0,0.0,0,0.0,0,0.0,0,13.27277867992719,0.0,0,0,0.23888888888888887,0,0.0,0,0,0,5.470705310503642,144.47549988263182,16.22355800527778,16.223558005359436,0.9056099653244019,,type:lambda-function|arch:aarch64|lambda:True|mem:512,aws,0.4139946981480717,0.031191260559039376,4,aarch64,aarch64,False,,video,video_stage1_aws_512Mb_arm_analysis.json,0,2.637348175048828,8.53753662109375,2,0,0,0.0,0,0.0,0,6.896463404099147,0.0,0,0,2.0,0,0.0,0,0,0,6.331024169921875,165.2211445569992,17.9060142,17.90601420402527,1.5591387748718262,"null, null, null, psutil",512,0,0.8775482177734375,5.736603498458862,2,0,0,0.0,0,0.0,0,0.9056099653244019,0.0,0,0,0.0,0,0.0,0,0,0,4.13454794883728,133.4844122886658,14.77054381,14.770543813705444,0.6804239749908447,False,,100,type:lambda-function|arch:aarch64|lambda:True|mem:512,False,,stage1,0,10.233905613422394,62.06817063689232,18.0,0.0,0,0.0,0,0.0,0,119.45500811934471,8,0.0,0,0,2.15,0,0.0,0,0,0,49.236347794532776,1300.2794989436863,146.0120220475,146.01202204823494,8.150489687919617,9
arm,0,1.0574632257223129,6.208788302540779,2.0,0.0,0,0.0,0,0.0,0,12.650720098614693,0.0,0,0,0.42625,0,0.0,0,0,0,5.550620770454406,138.54334869280459,15.641682410375001,15.641682410240174,0.8913110256195068,,type:lambda-function|arch:aarch64|lambda:True|mem:512,aws,0.41412617977946997,0.03273538395848459,4,aarch64,aarch64,False,,video,video_stage1_aws_512Mb_arm_analysis.json,0,2.5403802394866943,7.7556397914886475,2,0,0,0.0,0,0.0,0,6.208788302540779,0.0,0,0,3.6,0,0.0,0,0,0,6.1384735107421875,158.37947473526,17.82939696,17.829396963119507,1.3771822452545166,"null, null, null, psutil",512,0,0.680844783782959,5.013728141784668,2,0,0,0.0,0,0.0,0,0.8913110256195068,0.0,0,0,0.0,0,0.0,0,0,0,3.9479012489318848,121.76504940986635,14.28896499,14.288964986801147,0.627995491027832,False,,100,type:lambda-function|arch:aarch64|lambda:True|mem:512,False,,stage1,0,10.57463225722313,62.08788302540779,20.0,0.0,0,0.0,0,0.0,0,126.50720098614693,8,0.0,0,0,4.2625,0,0.0,0,0,0,55.50620770454407,1385.4334869280458,156.41682410375,156.41682410240173,8.913110256195068,10
arm,0,1.111248751481374,5.264410605033238,2.0,0.0,0,0.0,0,0.0,0,11.534836500883102,0.0,0,0,0.3520833333333333,0,0.0,0,0,0,5.449311425288518,127.53275854289532,14.531039148645833,14.531039148569107,0.8211144705613455,,type:lambda-function|arch:aarch64|lambda:True|mem:512,aws,0.4213634248268604,0.0365296399991973,4,aarch64,aarch64,False,,video,video_stage1_aws_512Mb_arm_analysis.json,0,2.5413365364074707,6.405610084533691,2,0,0,0.0,0,0.0,0,5.449311425288518,0.0,0,0,3.6,0,0.0,0,0,0,6.427500009536743,144.510871887207,15.96406746,15.964067459106445,1.2124619483947754,"null, null, null, psutil",512,0,0.7228281497955322,3.92452073097229,2,0,0,0.0,0,0.0,0,0.8211144705613455,0.0,0,0,0.0,0,0.0,0,0,0,3.939478874206543,113.30363750457764,12.96547341,12.965473413467407,0.6054351329803467,False,,100,type:lambda-function|arch:aarch64|lambda:True|mem:512,False,,stage1,0,13.33498501777649,63.172927260398865,24.0,0.0,0,0.0,0,0.0,0,138.41803801059723,8,0.0,0,0,4.225,0,0.0,0,0,0,65.39173710346222,1530.393102514744,174.37246978375,174.37246978282928,9.853373646736145,12
arm,0,1.0157509054988623,4.896793542429805,2.0,0.0,0,0.0,0,0.0,0,12.712699122726917,0.0,0,0,0.27890625,0,0.0,0,0,0,7.017934678122401,133.93353710006923,15.685190549140625,15.685190549120307,0.7979709021747112,,type:lambda-function|arch:aarch64|lambda:True|mem:512,aws,0.5225858068481087,0.04110738418357315,4,aarch64,aarch64,False,,video,video_stage1_aws_512Mb_arm_analysis.json,0,1.4633307456970215,12.859022855758667,2,0,0,0.0,0,0.0,0,7.017934678122401,0.0,0,0,3.6,0,0.0,0,0,0,17.760339736938477,278.179380941391,34.4284904,34.42849040031433,1.8716049194335938,"null, null, null, psutil",512,0,0.6629257202148438,3.3037214279174805,2,0,0,0.0,0,0.0,0,0.7979709021747112,0.0,0,0,0.0,0,0.0,0,0,0,5.147427320480347,105.15636801719666,12.16816473,12.168164730072021,0.5420322418212891,False,,100,type:lambda-function|arch:aarch64|lambda:True|mem:512,False,,stage1,0,16.252014487981796,78.34869667887688,32.0,0.0,0,0.0,0,0.0,0,203.40318596363068,8,0.0,0,0,4.4625,0,0.0,0,0,0,112.28695484995842,2142.9365936011077,250.96304878625,250.9630487859249,12.76753443479538,16
arm,0,1.9825003027915955,3.6876757059778487,2.0,0.0,0,0.0,0,0.0,0,10.491804824556624,0.0,0,0,0.4421428571428571,0,0.0,0,0,0,6.057808886255537,115.79414482917103,13.532277645285713,13.532277645383562,0.7463202323232379,,type:lambda-function|arch:aarch64|lambda:True|mem:512,aws,0.491935939177445,0.046887637294399806,4,aarch64,aarch64,False,,video,video_stage1_aws_512Mb_arm_analysis.json,0,6.435833930969238,7.439380168914795,2,0,0,0.0,0,0.0,0,6.057808886255537,0.0,0,0,3.8,0,0.0,0,0,0,13.524498224258423,186.8896156311035,24.04240751,24.042407512664795,2.7882988452911377,"null, null, null, psutil",512,0,0.9264247417449951,2.479343891143799,2,0,0,0.0,0,0.0,0,0.7463202323232379,0.0,0,0,0.0,0,0.0,0,0,0,3.836764335632324,92.13400174379349,10.21291208,10.21291208267212,0.5248889923095703,False,,100,type:lambda-function|arch:aarch64|lambda:True|mem:512,False,,stage1,0,39.65000605583191,73.75351411955697,40.0,0.0,0,0.0,0,0.0,0,209.83609649113248,7,0.0,0,0,8.842857142857142,0,0.0,0,0,0,121.15617772511074,2315.8828965834205,270.6455529057143,270.64555290767123,14.926404646464757,20
arm,0,1.5375230383305323,2.7402344828560237,2.0,0.0,0,0.0,0,0.0,0,8.70658306990351,0.0,0,0,0.28154761904761905,0,0.0,0,0,0,5.328339573882875,101.87207353001551,11.706809768809524,11.706809769074122,0.6380090131646111,,type:lambda-function|arch:aarch64|lambda:True|mem:512,aws,0.43865673601559224,0.050382191554792524,4,aarch64,aarch64,False,,video,video_stage1_aws_512Mb_arm_analysis.json,0,6.155489921569824,3.535731315612793,2,0,0,0.0,0,0.0,0,5.328339573882875,0.0,0,0,2.0,0,0.0,0,0,0,6.426435708999634,118.487330365181,13.24871516,13.248715162277222,1.1889314651489258,"null, null, null, psutil",512,0,0.7206227779388428,1.6453707218170166,2,0,0,0.0,0,0.0,0,0.6380090131646111,0.0,0,0,0.0,0,0.0,0,0,0,4.159801244735718,83.1001006603241,9.60878086,9.608780860900879,0.47820591926574707,False,,100,type:lambda-function|arch:aarch64|lambda:True|mem:512,False,,stage1,0,36.90055291993278,65.76562758854456,48.0,0.0,0,0.0,0,0.0,0,208.95799367768427,7,0.0,0,0,6.757142857142857,0,0.0,0,0,0,127.880149773189,2444.929764720372,280.9634344514286,280.96343445777893,15.312216315950668,24
arm,0,2.5957967724118913,2.7107571299586977,2.0,0.0,0,0.0,0,0.0,0,8.904193769608225,0.0,0,0,0.16964285714285715,0,0.0,0,0,0,5.5444129843797,103.77532856693226,12.182384704642857,12.182384704904896,0.6490236552698272,,type:lambda-function|arch:aarch64|lambda:True|mem:512,aws,0.5062610015910863,0.0568564672659141,4,aarch64,aarch64,False,,video,video_stage1_aws_512Mb_arm_analysis.json,0,3.2077271938323975,5.6431801319122314,2,0,0,0.0,0,0.0,0,5.5444129843797,0.0,0,0,2.0,0,0.0,0,0,0,14.479915380477905,166.76296100616455,24.41249251,24.412492513656616,1.2631161212921143,"null, null, null, psutil",512,0,0.6951735019683838,1.580948829650879,2,0,0,0.0,0,0.0,0,0.6490236552698272,0.0,0,0,0.0,0,0.0,0,0,0,3.8839330673217773,80.84283871650696,9.34288359,9.342883586883545,0.4633934497833252,False,,100,type:lambda-function|arch:aarch64|lambda:True|mem:512,False,,stage1,0,72.68230962753296,75.90119963884354,56.0,0.0,0,0.0,0,0.0,0,249.3174255490303,8,0.0,0,0,4.75,0,0.0,0,0,0,155.2435635626316,2905.7091998741034,341.10677173,341.1067717373371,18.17266234755516,28
x86,0,20.450603610277177,34.66307668685913,8.0,4.0,0,1393.1236981272698,0,928.7491320848465,0,34.66413188576698,396.424,0,0,85.97999999999999,0,1310.8659556,0,0,0,0.0006742119789123535,3978.2720644328297,39.25212906,39.252129060029986,0.0003809869289398193,,type:unknown|arch:Unknown|lambda:False|mem:unknown,NA,4.622667906959534,0.13335594043414056,1,x86_64,Intel(R) Core(TM) i7-10510U CPU @ 1.80GHz,False,,pi,pi_stage_2048Mb_x86_analysis.json,0,41.60960602760315,35.62344408035278,8,4,0,1439.1540548801422,0,959.4360365867615,0,34.66307668685913,410.95,0,0,100.0,0,1363.128712,0,0,0,0.0008895397186279297,4662.212854628562,40.48113966,40.48113965988159,0.0006022453308105469,"perf, rapl, ebpf, psutil",2048,0,0.4939591884613037,33.9994535446167,8,4,0,1359.1600756645203,0,906.1067171096802,0,0.0003809869289398193,384.9,0,0,70.7,0,1274.956758,0,0,0,0.0004794597625732422,3491.749308216572,37.89212632,37.8921263217926,0.00030732154846191406,False,,220,type:unknown|arch:Unknown|lambda:False|mem:unknown,False,,stage,0,81.80241444110871,138.6523067474365,32.0,16.0,0,5572.494792509079,0,3714.996528339386,0,138.6565275430679,10,1585.696,0,0,343.91999999999996,0,5243.4638224,0,0,0,0.002696847915649414,15913.088257731319,157.00851624,157.00851624011995,0.0015239477157592773,4
x86,0,26.984421682357787,27.781924033164977,8.0,4.0,0,1124.406230363846,0,749.6041535758973,0,27.78297759056091,323.9756,0,0,84.834,0,1070.45494538,0,0,0,0.0006696891784667969,3348.7349028797985,32.4006160264,32.400616025924684,0.0003838682174682617,,type:unknown|arch:Unknown|lambda:False|mem:unknown,NA,4.6312467363286025,0.16669367857468376,1,x86_64,Intel(R) Core(TM) i7-10510U CPU @ 1.80GHz,False,,pi,pi_stage_2048Mb_x86_analysis.json,0,67.12523078918457,28.894886255264282,8,4,0,1161.2987115383148,0,774.1991410255432,0,27.781924033164977,336.05,0,0,100.0,0,1114.192707,0,0,0,0.0010492801666259766,3894.7317947387696,33.44024205,33.44024205207825,0.0005340576171875,"perf, rapl, ebpf, psutil",2048,0,0.5026819705963135,26.745587587356567,8,4,0,1072.8965084552765,0,715.2643389701843,0,0.0003838682174682617,307.02,0,0,60.8,0,1013.336637,0,0,0,0.0004391670227050781,2646.2897453457117,30.89204431,30.89204430580139,0.000301361083984375,False,,220,type:unknown|arch:Unknown|lambda:False|mem:unknown,False,,stage,0,134.92210841178894,138.9096201658249,40.0,20.0,0,5622.031151819229,0,3748.0207678794864,0,138.91488795280455,10,1619.878,0,0,424.17,0,5352.2747269,0,0,0,0.0033484458923339847,16743.674514398994,162.003080132,162.0030801296234,0.0019193410873413084,5
x86,0,28.891117203235627,23.207554614543916,8.0,4.0,0,947.0231090903283,0,631.3487393935521,0,23.20861086845398,274.95533333333333,0,0,86.03166666666667,0,909.2671701333333,0,0,0,0.0006705562273661296,2970.9930633930267,27.877889148,27.877889148394267,0.0003856976826985677,,type:unknown|arch:Unknown|lambda:False|mem:unknown,NA,4.642439225093366,0.20003089592076984,1,x86_64,Intel(R) Core(TM) i7-10510U CPU @ 1.80GHz,False,,pi,pi_stage_2048Mb_x86_analysis.json,0,57.86543154716492,24.09257674217224,8,4,0,972.1183097362518,0,648.0788731575012,0,23.207554614543916,284.21,0,0,96.1,0,940.434972,0,0,0,0.001070261001586914,3552.3157079172133,28.87492585,28.8749258518219,0.0007064342498779297,"perf, rapl, ebpf, psutil",2048,0,0.42495083808898926,22.60779595375061,8,4,0,916.0458977222443,0,610.6972651481628,0,0.0003856976826985677,266.52,0,0,70.3,0,878.156748,0,0,0,0.00047659873962402344,2655.4281555265184,26.98235488,26.982354879379272,0.0003037452697753906,False,,220,type:unknown|arch:Unknown|lambda:False|mem:unknown,False,,stage,0,173.34670321941377,139.2453276872635,48.0,24.0,0,5682.13865454197,0,3788.092436361313,0,139.2516652107239,10,1649.732,0,0,516.19,0,5455.603020799999,0,0,0,0.004023337364196778,17825.95838035816,167.267334888,167.2673348903656,0.002314186096191406,6
x86,0,32.565890829903736,19.77189483983176,8.0,4.0,0,811.2559156077249,0,540.8372770718166,0,19.772950758252826,239.5052857142857,0,0,84.94142857142856,0,790.5396867714286,0,0,0,0.0006654058183942522,2573.3535215841785,24.407063579285715,24.407063579559328,0.0003905126026698521,,type:unknown|arch:Unknown|lambda:False|mem:unknown,NA,4.614364817719936,0.23336753700223498,1,x86_64,Intel(R) Core(TM) i7-10510U CPU @ 1.80GHz,False,,pi,pi_stage_2048Mb_x86_analysis.json,0,77.0520031452179,22.58632516860962,8,4,0,916.3775503635406,0,610.9183669090271,0,19.77189483983176,269.71,0,0,99.5,0,907.89819,0,0,0,0.0019788742065429688,4573.2480153048045,27.87205005,27.872050046920776,0.0005390644073486328,"perf, rapl, ebpf, psutil",2048,0,0.48862242698669434,18.9619619846344,8,4,0,779.7124121189117,0,519.8082747459412,0,0.0003905126026698521,229.65,0,0,66.0,0,755.282733,0,0,0,0.00042700767517089844,2009.3540591353176,23.33676791,23.33676791191101,0.0003097057342529297,False,,220,type:unknown|arch:Unknown|lambda:False|mem:unknown,False,,stage,0,227.96123580932615,138.40326387882232,56.0,28.0,0,5678.791409254074,0,3785.8609395027165,0,138.4106553077698,10,1676.5369999999998,0,0,594.5899999999999,0,5533.7778074,0,0,0,0.004657840728759765,18013.47465108925,170.84944505500002,170.8494450569153,0.002733588218688965,7
x86,0,34.54162702262401,17.600869646668436,8.0,4.0,0,726.2775054395199,0,484.1850036263466,0,17.60195577442646,215.32575000000003,0,0,85.0375,0,712.1289253625,0,0,0,0.0006639361381530762,2429.0020962406024,22.17157344775,22.171573448181153,0.00042219161987304686,,type:unknown|arch:Unknown|lambda:False|mem:unknown,NA,4.694503952159405,0.26670354205638663,1,x86_64,Intel(R) Core(TM) i7-10510U CPU @ 1.80GHz,False,,pi,pi_stage_2048Mb_x86_analysis.json,0,70.03600025177002,18.781551837921143,8,4,0,770.5635673999786,0,513.7090449333191,0,17.600869646668436,228.59,0,0,98.3,0,759.914988,0,0,0,0.000865936279296875,3146.74286542058,23.36675787,23.36675786972046,0.0012395381927490234,"perf, rapl, ebpf, psutil",2048,0,0.5007956027984619,16.991689920425415,8,4,0,695.5426669120789,0,463.69511127471924,0,0.00042219161987304686,207.51,0,0,69.4,0,682.503194,0,0,0,0.0004706382751464844,2093.1957775056358,20.85375619,20.853756189346313,0.00030875205993652344,False,,220,type:unknown|arch:Unknown|lambda:False|mem:unknown,False,,stage,0,276.3330161809921,140.80695717334748,64.0,32.0,0,5810.220043516159,0,3873.480029010773,0,140.8156461954117,10,1722.6060000000002,0,0,680.3,0,5697.0314029,0,0,0,0.005311489105224609,19432.01676992482,177.372587582,177.37258758544922,0.003377532958984375,8
x86,0,37.001435277197096,15.51596966849433,8.0,4.0,0,644.8236668189367,0,429.88244454595775,0,15.517153488265143,192.4081111111111,0,0,85.23777777777778,0,635.9489660444444,0,0,0,0.0007083124584621853,2154.4340740346906,20.057790109888888,20.057790109846326,0.00047550731235080295,,type:unknown|arch:Unknown|lambda:False|mem:unknown,NA,4.655721858728408,0.3000371081106661,1,x86_64,Intel(R) Core(TM) i7-10510U CPU @ 1.80GHz,False,,pi,pi_stage_2048Mb_x86_analysis.json,0,83.52848434448242,16.51915979385376,8,4,0,681.4474017620087,0,454.2982678413391,0,15.51596966849433,202.74,0,0,100.0,0,673.06157,0,0,0,0.004828453063964844,2895.70216929555,21.34761882,21.34761881828308,0.004147768020629883,"perf, rapl, ebpf, psutil",2048,0,0.4640967845916748,14.808179378509521,8,4,0,620.0710394382477,0,413.3806929588318,0,0.00047550731235080295,183.76,0,0,66.7,0,604.026346,0,0,0,0.00043773651123046875,1632.5316797590256,18.68580055,18.685800552368164,0.0002880096435546875,False,,220,type:unknown|arch:Unknown|lambda:False|mem:unknown,False,,stage,0,333.0129174947739,139.64372701644896,72.0,36.0,0,5803.41300137043,0,3868.9420009136197,0,139.6543813943863,10,1731.673,0,0,767.14,0,5723.5406944,0,0,0,0.006374812126159668,19389.906666312214,180.520110989,180.52011098861695,0.004279565811157226,9
x86,0,39.01937818288803,14.141999270915985,8.0,4.0,0,593.5481827139854,0,395.6987884759903,0,14.1431605386734,178.6954,0,0,87.59200000000001,0,592.36990373,0,0,0,0.0007473611831665039,2099.1949196053447,18.750404450799998,18.750404450893402,0.00041390657424926757,,type:unknown|arch:Unknown|lambda:False|mem:unknown,NA,4.71494255692339,0.3333726251661174,1,x86_64,Intel(R) Core(TM) i7-10510U CPU @ 1.80GHz,False,,pi,pi_stage_2048Mb_x86_analysis.json,0,80.35135984420776,15.998794794082642,8,4,0,669.7713747024536,0,446.51424980163574,0,14.141999270915985,192.54,0,0,98.7,0,652.127176,0,0,0,0.0044515132904052734,3195.4895600414275,20.85420322,20.85420322418213,0.001592397689819336,"perf, rapl, ebpf, psutil",2048,0,0.46019649505615234,13.660326480865479,8,4,0,566.3446319103241,0,377.56308794021606,0,0.00041390657424926757,167.49,0,0,67.1,0,553.195056,0,0,0,0.0004706382751464844,1770.9244204956294,17.34314489,17.34314489364624,0.0003070831298828125,False,,220,type:unknown|arch:Unknown|lambda:False|mem:unknown,False,,stage,0,390.19378182888033,141.41999270915986,80.0,40.0,0,5935.481827139854,0,3956.987884759903,0,141.431605386734,10,1786.9540000000002,0,0,875.9200000000001,0,5923.699037300001,0,0,0,0.007473611831665039,20991.949196053447,187.504044508,187.50404450893402,0.004139065742492676,10
x86,0,42.4567447523276,11.697204877932867,8.0,4.0,0,497.3125043451786,0,331.5416695634524,0,11.698344274361927,152.69683333333333,0,0,86.60333333333332,0,505.5027921333333,0,0,0,0.000744710365931193,1797.0116962495445,16.27425109725,16.274251097440718,0.00039468606313069663,,type:unknown|arch:Unknown|lambda:False|mem:unknown,NA,4.679817727563381,0.4000410329707651,1,x86_64,Intel(R) Core(TM) i7-10510U CPU @ 1.80GHz,False,,pi,pi_stage_2048Mb_x86_analysis.json,0,85.57429432868958,12.576732635498047,8,4,0,539.6994087696075,0,359.79960584640503,0,11.697204877932867,165.09,0,0,100.0,0,551.997122,0,0,0,0.003999233245849609,2446.9407844501734,17.37787652,17.37787652015686,0.00107574462890625,"perf, rapl, ebpf, psutil",2048,0,0.4729194641113281,11.213799238204956,8,4,0,474.5110867023468,0,316.3407244682312,0,0.00039468606313069663,144.12,0,0,64.8,0,473.715888,0,0,0,0.000453948974609375,1478.4985642254353,14.86413717,14.864137172698975,0.0003139972686767578,False,,220,type:unknown|arch:Unknown|lambda:False|mem:unknown,False,,stage,0,509.4809370279312,140.3664585351944,96.0,48.0,0,5967.7500521421425,0,3978.5000347614287,0,140.38013129234312,10,1832.362,0,0,1039.2399999999998,0,6066.033505599999,0,0,0,0.008936524391174316,21564.14035499453,195.29101316700002,195.29101316928862,0.0047362327575683595,12
x86,0,49.04480385929346,8.796257553994655,8.0,4.0,0,379.07373663232084,0,252.7158244215472,0,8.797392643988132,121.73112499999999,0,0,86.14937499999999,0,403.14163921875,0,0,0,0.0007455229759216308,1508.2412355815657,13.377342377125,13.377342377603053,0.00038956701755523684,,type:unknown|arch:Unknown|lambda:False|mem:unknown,NA,4.692275629602909,0.5333711725154686,1,x86_64,Intel(R) Core(TM) i7-10510U CPU @ 1.80GHz,False,,pi,pi_stage_2048Mb_x86_analysis.json,0,99.61675643920898,10.446281433105469,8,4,0,456.4530894756317,0,304.30205965042114,0,8.796257553994655,141.87,0,0,100.0,0,478.522578,0,0,0,0.005295276641845703,2497.4431388247017,15.34315157,15.343151569366455,0.0017461776733398438,"perf, rapl, ebpf, psutil",2048,0,0.4531571865081787,8.406490325927734,8,4,0,340.0362645384401,0,226.69084302562675,0,0.00038956701755523684,111.71,0,0,67.3,0,369.684784,0,0,0,0.0004668235778808594,1216.9737357437612,11.85702538,11.857025384902954,0.0003008842468261719,False,,220,type:unknown|arch:Unknown|lambda:False|mem:unknown,False,,stage,0,784.7168617486954,140.74012086391448,128.0,64.0,0,6065.1797861171335,0,4043.4531907447554,0,140.75828230381012,10,1947.6979999999999,0,0,1378.3899999999999,0,6450.2662275,0,0,0,0.011928367614746093,24131.85976930505,214.037478034,214.03747804164885,0.006233072280883789,16
x86,0,54.96460957169533,7.0971481120586395,8.0,4.0,0,271.9573865359227,0,181.3049243572818,0,7.098239744901656,103.10065,0,0,83.96600000000001,0,341.74239692000003,0,0,0,0.0006672203540802002,1323.5464700315683,11.6242658199,11.62426581978798,0.00042441248893737793,,type:unknown|arch:Unknown|lambda:False|mem:unknown,NA,4.732378361120701,0.6666974533397176,1,x86_64,Intel(R) Core(TM) i7-10510U CPU @ 1.80GHz,False,,pi,pi_stage_2048Mb_x86_analysis.json,0,111.40908241271973,8.276486158370972,8,4,0,347.845722822417,0,231.89714854827798,0,7.0971481120586395,117.34,0,0,100.0,0,395.337674,0,0,0,0.002448558807373047,2199.6173151826856,13.37707305,13.377073049545288,0.007614850997924805,"perf, rapl, ebpf, psutil",2048,0,0.5224008560180664,6.754720449447632,8,4,0,244.80577554207116,0,163.20385036138077,0,0.00042441248893737793,94.5,0,0,64.4,0,311.768978,0,0,0,0.00044798851013183594,1052.3833990824223,10.29705548,10.29705548286438,0.00029468536376953125,False,,220,type:unknown|arch:Unknown|lambda:False|mem:unknown,False,,stage,0,1099.2921914339065,141.94296224117278,160.0,80.0,0,5439.147730718454,0,3626.098487145636,0,141.96479489803312,10,2062.013,0,0,1679.3200000000002,0,6834.8479384,0,0,0,0.013344407081604004,26470.929400631365,232.485316398,232.48531639575958,0.00848824977874756,20
x86,0,61.60653258164724,6.007769153515498,8.0,4.0,0,212.41931916589837,0,141.61287944393226,0,6.008988229433696,91.73462500000001,0,0,86.43875,0,305.56663255,0,0,0,0.0007821152607599894,1342.5961809084017,10.613475609833333,10.613475609819094,0.00043696065743764243,,type:unknown|arch:Unknown|lambda:False|mem:unknown,NA,4.807176565876961,0.7999976672162668,1,x86_64,Intel(R) Core(TM) i7-10510U CPU @ 1.80GHz,False,,pi,pi_stage_2048Mb_x86_analysis.json,0,135.6663908958435,7.734896183013916,8,4,0,313.4605317210263,0,208.97368781401758,0,6.007769153515498,112.1,0,0,100.0,0,385.28838,0,0,0,0.008227109909057617,2498.62840112865,12.86264396,12.862643957138062,0.008168220520019531,"perf, rapl, ebpf, psutil",2048,0,0.46802783012390137,5.632802724838257,8,4,0,182.30666326404275,0,121.53777550936184,0,0.00043696065743764243,82.99,0,0,63.5,0,274.109037,0,0,0,0.0004374980926513672,978.0658555722237,9.33251691,9.33251690864563,0.00030684471130371094,False,,220,type:unknown|arch:Unknown|lambda:False|mem:unknown,False,,stage,0,1478.5567819595337,144.18645968437195,192.0,96.0,0,5098.063659981561,0,3398.7091066543744,0,144.21571750640868,10,2201.6310000000003,0,0,2074.5299999999997,0,7333.5991812,0,0,0,0.018770766258239747,32222.30834180164,254.723414636,254.72341463565826,0.010487055778503418,24
x86,0,66.8396376992975,5.12210499218532,8.0,4.0,0,169.64481779940994,0,113.09654519960661,0,5.123192179203033,82.40146428571428,0,0,85.69178571428571,0,273.5960954964286,0,0,0,0.0006655752658843994,1228.2073689377394,9.713511553785715,9.713511553832463,0.0004216117518288749,,type:unknown|arch:Unknown|lambda:False|mem:unknown,NA,4.78158745230484,0.9333218987402238,1,x86_64,Intel(R) Core(TM) i7-10510U CPU @ 1.80GHz,False,,pi,pi_stage_2048Mb_x86_analysis.json,0,144.044602394104,6.3648505210876465,8,4,0,230.63399335578902,0,153.755995570526,0,5.12210499218532,97.15,0,0,100.0,0,342.102336,0,0,0,0.003871440887451172,2227.596652019024,11.87734818,11.877348184585571,0.00456547737121582,"perf, rapl, ebpf, psutil",2048,0,0.5449860095977783,4.791525840759277,8,4,0,145.52212887205224,0,97.01475258136816,0,0.0004216117518288749,74.41,0,0,59.7,0,245.97404,0,0,0,0.0004267692565917969,837.4161105036735,8.33856797,8.338567972183228,0.00030159950256347656,False,,220,type:unknown|arch:Unknown|lambda:False|mem:unknown,False,,stage,0,1871.50985558033,143.41893978118895,224.0,112.0,0,4750.054898383478,0,3166.7032655889852,0,143.44938101768494,10,2307.241,0,0,2399.37,0,7660.690673900001,0,0,0,0.018636107444763184,34389.8063302567,271.97832350600004,271.97832350730897,0.011805129051208497,28
x86,0,1.509217917919159,3.196087193489075,2.0,2.0,0,0.0,0,0.0,0,5.456853348016739,0.0,0,0,2.4625,0,0.0,0,0,0,1.759096372127533,437.3850435481072,9.18073523675,9.180735236406326,0.5016697824001313,,type:lambda-function|arch:x86_64|lambda:True|mem:1024,aws,0.21311509406185153,0.039054576047807286,4,x86_64,Intel(R) Xeon(R) Processor @ 2.50GHz,False,,ml,ml_stage2_aws_1024Mb_x86_analysis.json,0,1.7664406299591064,3.568357467651367,2,2,0,0.0,0,0.0,0,3.196087193489075,0.0,0,0,5.6,0,0.0,0,0,0,2.0313000679016113,503.76687503814696,10.0504992,10.050499200820923,0.9907021522521973,"null, null, null, psutil",1024,0,1.3343374729156494,2.789276123046875,2,2,0,0.0,0,0.0,0,0.5016697824001313,0.0,0,0,0.0,0,0.0,0,0,0,1.4029138088226318,359.46795183420187,8.48690629,8.486906290054321,0.3835415840148926,False,,220,type:lambda-function|arch:x86_64|lambda:True|mem:1024,False,,stage2,0,6.036871671676636,12.7843487739563,8.0,8.0,0,0.0,0,0.0,0,21.827413392066955,10,0.0,0,0,9.85,0,0.0,0,0,0,7.036385488510132,1749.5401741924288,36.722940947,36.722940945625304,2.006679129600525,4
x86,0,1.549817337989807,3.161398296356201,2.0,2.0,0,0.0,0,0.0,0,5.654566717147826,0.0,0,0,2.426,0,0.0,0,0,0,2.0072063302993772,442.31202557897575,9.3579830546,9.357983055114746,0.48596209049224853,,type:lambda-function|arch:x86_64|lambda:True|mem:1024,aws,0.26350254800128936,0.04659995383946951,4,x86_64,Intel(R) Xeon(R) Processor @ 2.50GHz,False,,ml,ml_stage2_aws_1024Mb_x86_analysis.json,0,1.7767367362976074,3.506638288497925,2,2,0,0.0,0,0.0,0,3.161398296356201,0.0,0,0,11.8,0,0.0,0,0,0,2.3637025356292725,513.521252360344,10.02758217,10.027582168579102,0.6943895816802979,"null, null, null, psutil",1024,0,1.32228422164917,2.7262237071990967,2,2,0,0.0,0,0.0,0,0.48596209049224853,0.0,0,0,0.0,0,0.0,0,0,0,1.709970474243164,364.58165325164794,8.48525524,8.485255241394043,0.3950810432434082,False,,220,type:lambda-function|arch:x86_64|lambda:True|mem:1024,False,,stage2,0,7.749086689949035,15.806991481781004,10.0,10.0,0,0.0,0,0.0,0,28.272833585739132,10,0.0,0,0,12.13,0,0.0,0,0,0,10.036031651496886,2211.560127894879,46.789915273,46.789915275573726,2.4298104524612425,5
x86,0,1.4872710386912027,3.186437920729319,2.0,2.0,0,0.0,0,0.0,0,5.961221333344778,0.0,0,0,2.643333333333333,0,0.0,0,0,0,2.3015257239341738,457.90620968349776,9.671584793166666,9.671584792931874,0.4732576886812846,,type:lambda-function|arch:x86_64|lambda:True|mem:1024,aws,0.31870752083134657,0.05346346042355773,4,x86_64,Intel(R) Xeon(R) Processor @ 2.50GHz,False,,ml,ml_stage2_aws_1024Mb_x86_analysis.json,0,1.8056480884552002,3.5836172103881836,2,2,0,0.0,0,0.0,0,3.186437920729319,0.0,0,0,11.5,0,0.0,0,0,0,2.9168272018432617,529.5321060919762,10.36973405,10.369734048843384,0.7284011840820312,"null, null, null, psutil",1024,0,1.3449821472167969,2.7425007820129395,2,2,0,0.0,0,0.0,0,0.4732576886812846,0.0,0,0,0.0,0,0.0,0,0,0,1.9734621047973633,380.18665499687194,8.99110413,8.991104125976562,0.38175010681152344,False,,220,type:lambda-function|arch:x86_64|lambda:True|mem:1024,False,,stage2,0,8.923626232147216,19.118627524375917,12.0,12.0,0,0.0,0,0.0,0,35.767328000068666,10,0.0,0,0,15.86,0,0.0,0,0,0,13.809154343605043,2747.4372581009866,58.029508758999995,58.029508757591245,2.8395461320877073,6
x86,0,1.5735950299671717,3.122504908697946,2.0,2.0,0,0.0,0,0.0,0,6.1684459209442135,0.0,0,0,2.4899999999999998,0,0.0,0,0,0,2.5758612871170046,460.58464290237424,9.905437006571429,9.905437006269182,0.4700797251292637,,type:lambda-function|arch:x86_64|lambda:True|mem:1024,aws,0.3643650977959633,0.05906918897656306,4,x86_64,Intel(R) Xeon(R) Processor @ 2.50GHz,False,,ml,ml_stage2_aws_1024Mb_x86_analysis.json,0,1.801711082458496,3.4975812435150146,2,2,0,0.0,0,0.0,0,3.122504908697946,0.0,0,0,9.8,0,0.0,0,0,0,2.8387341499328613,538.3726386260986,10.56309891,10.563098907470703,0.7192685604095459,"null, null, null, psutil",1024,0,1.34548020362854,2.6858222484588623,2,2,0,0.0,0,0.0,0,0.4700797251292637,0.0,0,0,0.0,0,0.0,0,0,0,2.3363564014434814,376.0631771826744,8.99290681,8.99290680885315,0.36295175552368164,False,,220,type:lambda-function|arch:x86_64|lambda:True|mem:1024,False,,stage2,0,11.015165209770203,21.857534360885623,14.0,14.0,0,0.0,0,0.0,0,43.17912144660949,10,0.0,0,0,17.43,0,0.0,0,0,0,18.031029009819033,3224.09250031662,69.338059046,69.33805904388427,3.290558075904846,7
x86,0,1.4983998030424117,3.1509671926498415,2.0,2.0,0,0.0,0,0.0,0,6.4355028748512275,0.0,0,0,2.6224999999999996,0,0.0,0,0,0,2.802275997400284,474.38898766598106,10.119670361625001,10.119670361280441,0.4822596848011017,,type:lambda-function|arch:x86_64|lambda:True|mem:1024,aws,0.4202129848117829,0.0652960604607759,4,x86_64,Intel(R) Xeon(R) Processor @ 2.50GHz,False,,ml,ml_stage2_aws_1024Mb_x86_analysis.json,0,1.8364193439483643,3.495936632156372,2,2,0,0.0,0,0.0,0,3.1509671926498415,0.0,0,0,8.0,0,0.0,0,0,0,3.2824347019195557,564.9482047319411,11.03209925,11.03209924697876,0.7444508075714111,"null, null, null, psutil",1024,0,1.3282623291015625,2.7669365406036377,2,2,0,0.0,0,0.0,0,0.4822596848011017,0.0,0,0,0.0,0,0.0,0,0,0,2.2993147373199463,371.9113872528076,9.48653436,9.486534357070923,0.38977575302124023,False,,220,type:lambda-function|arch:x86_64|lambda:True|mem:1024,False,,stage2,0,11.987198424339294,25.207737541198732,16.0,16.0,0,0.0,0,0.0,0,51.48402299880982,10,0.0,0,0,20.979999999999997,0,0.0,0,0,0,22.418207979202272,3795.1119013278485,80.95736289300001,80.95736289024353,3.8580774784088137,8
x86,0,1.5585227330525717,3.074681451585558,2.0,2.0,0,0.0,0,0.0,0,6.669724983639187,0.0,0,0,2.678888888888889,0,0.0,0,0,0,3.000168169869317,479.7725230076578,10.279231680555556,10.279231680764092,0.5948753621843126,,type:lambda-function|arch:x86_64|lambda:True|mem:1024,aws,0.4612944581813813,0.06916244062730248,4,x86_64,Intel(R) Xeon(R) Processor @ 2.50GHz,False,,ml,ml_stage2_aws_1024Mb_x86_analysis.json,0,1.851287841796875,3.609898328781128,2,2,0,0.0,0,0.0,0,3.074681451585558,0.0,0,0,9.8,0,0.0,0,0,0,3.594909906387329,604.709334423542,11.06761789,11.067617893218994,0.8264222145080566,"null, null, null, psutil",1024,0,1.329024314880371,2.551825761795044,2,2,0,0.0,0,0.0,0,0.5948753621843126,0.0,0,0,0.0,0,0.0,0,0,0,2.354799747467041,392.3514151763916,9.48625278,9.486252784729004,0.3656632900238037,False,,220,type:lambda-function|arch:x86_64|lambda:True|mem:1024,False,,stage2,0,14.026704597473145,27.67213306427002,18.0,18.0,0,0.0,0,0.0,0,60.027524852752684,10,0.0,0,0,24.11,0,0.0,0,0,0,27.00151352882385,4317.95270706892,92.513085125,92.51308512687683,5.3538782596588135,9
x86,0,1.4968703722953796,3.1356251788139344,2.0,2.0,0,0.0,0,0.0,0,7.119603226184845,0.0,0,0,2.533,0,0.0,0,0,0,3.437069442272186,487.36489772725105,10.7868168096,10.786816809177399,0.5469086050987244,,type:lambda-function|arch:x86_64|lambda:True|mem:1024,aws,0.5227087173082829,0.07341823704245734,4,x86_64,Intel(R) Xeon(R) Processor @ 2.90GHz,False,,ml,ml_stage2_aws_1024Mb_x86_analysis.json,0,1.8095910549163818,3.624119997024536,2,2,0,0.0,0,0.0,0,3.437069442272186,0.0,0,0,11.5,0,0.0,0,0,0,4.027411222457886,600.341450548172,11.82665014,11.826650142669678,0.8014249801635742,"null, null, null, psutil",1024,0,1.3244211673736572,2.7035977840423584,2,2,0,0.0,0,0.0,0,0.5469086050987244,0.0,0,0,0.0,0,0.0,0,0,0,2.822510004043579,397.8273392486572,9.98581505,9.985815048217773,0.34824609756469727,False,,220,type:lambda-function|arch:x86_64|lambda:True|mem:1024,False,,stage2,0,14.968703722953796,31.356251788139346,20.0,20.0,0,0.0,0,0.0,0,71.19603226184844,10,0.0,0,0,25.33,0,0.0,0,0,0,34.37069442272186,4873.648977272511,107.86816809599999,107.86816809177398,5.469086050987244,10
x86,0,1.5774356881777445,3.046588438749313,2.0,2.0,0,0.0,0,0.0,0,7.613382093111674,0.0,0,0,2.4141666666666666,0,0.0,0,0,0,3.997542784611384,496.4949737226765,11.223850312,11.223850311835607,0.5692508697509766,,type:lambda-function|arch:x86_64|lambda:True|mem:1024,aws,0.6094395512874126,0.08004846516751242,4,x86_64,Intel(R) Xeon(R) Processor @ 2.50GHz,False,,ml,ml_stage2_aws_1024Mb_x86_analysis.json,0,1.924999713897705,3.637871026992798,2,2,0,0.0,0,0.0,0,3.997542784611384,0.0,0,0,3.8,0,0.0,0,0,0,5.055225849151611,628.1494429636002,12.84823036,12.848230361938477,0.8751285076141357,"null, null, null, psutil",1024,0,1.3293631076812744,2.726625919342041,2,2,0,0.0,0,0.0,0,0.5692508697509766,0.0,0,0,0.0,0,0.0,0,0,0,3.4676904678344727,404.85643939018246,10.48020101,10.480201005935669,0.37535786628723145,False,,220,type:lambda-function|arch:x86_64|lambda:True|mem:1024,False,,stage2,0,18.929228258132934,36.559061264991755,24.0,24.0,0,0.0,0,0.0,0,91.36058511734008,10,0.0,0,0,28.97,0,0.0,0,0,0,47.97051341533661,5957.939684672117,134.686203744,134.6862037420273,6.831010437011719,12
x86,0,1.6259429603815079,2.9912141501903533,2.0,2.0,0,0.0,0,0.0,0,8.722987005114556,0.0,0,0,2.598125,0,0.0,0,0,0,5.195238508284092,528.8297519901246,12.3245705816875,12.324570581316948,0.53653434664011,,type:lambda-function|arch:x86_64|lambda:True|mem:1024,aws,0.7978166381387711,0.0914614039515348,4,x86_64,Intel(R) Xeon(R) Processor @ 2.50GHz,False,,ml,ml_stage2_aws_1024Mb_x86_analysis.json,0,2.1278011798858643,3.4500439167022705,2,2,0,0.0,0,0.0,0,5.195238508284092,0.0,0,0,17.0,0,0.0,0,0,0,7.6915271282196045,657.9823129653929,15.90866327,15.908663272857666,1.3827497959136963,"null, null, null, psutil",1024,0,1.3227269649505615,2.636963367462158,2,2,0,0.0,0,0.0,0,0.53653434664011,0.0,0,0,0.0,0,0.0,0,0,0,4.505479335784912,429.29787802696234,11.22839117,11.228391170501709,0.356781005859375,False,,220,type:lambda-function|arch:x86_64|lambda:True|mem:1024,False,,stage2,0,26.015087366104126,47.85942640304565,32.0,32.0,0,0.0,0,0.0,0,139.5677920818329,10,0.0,0,0,41.57,0,0.0,0,0,0,83.12381613254547,8461.276031841993,197.193129307,197.19312930107117,8.58454954624176,16
x86,0,1.7944265079498292,2.943069477081299,2.0,2.0,0,0.0,0,0.0,0,10.072350541353225,0.0,0,0,2.3545,0,0.0,0,0,0,6.517437031269074,563.0828063509465,13.6736762556,13.673676255941391,0.6118440330028534,,type:lambda-function|arch:x86_64|lambda:True|mem:1024,aws,0.981219363658905,0.09741711824170465,4,x86_64,Intel(R) Xeon(R) Processor @ 2.50GHz,False,,ml,ml_stage2_aws_1024Mb_x86_analysis.json,0,2.4618940353393555,3.512364149093628,2,2,0,0.0,0,0.0,0,6.517437031269074,0.0,0,0,11.3,0,0.0,0,0,0,8.380109548568726,704.9502463269234,15.52024651,15.520246505737305,0.8875837326049805,"null, null, null, psutil",1024,0,1.3124725818634033,2.7036948204040527,2,2,0,0.0,0,0.0,0,0.6118440330028534,0.0,0,0,0.0,0,0.0,0,0,0,6.046419143676758,441.7575808572769,12.97041249,12.970412492752075,0.37618088722229004,False,,220,type:lambda-function|arch:x86_64|lambda:True|mem:1024,False,,stage2,0,35.88853015899658,58.861389541625975,40.0,40.0,0,0.0,0,0.0,0,201.4470108270645,10,0.0,0,0,47.089999999999996,0,0.0,0,0,0,130.34874062538148,11261.65612701893,273.473525112,273.4735251188278,12.236880660057068,20
x86,0,1.69537300268809,3.000536620616913,2.0,2.0,0,0.0,0,0.0,0,11.021165239810944,0.0,0,0,2.4029166666666666,0,0.0,0,0,0,7.530150431394577,597.2967549009223,14.604972800583333,14.60497280061245,0.49047818779945374,,type:lambda-function|arch:x86_64|lambda:True|mem:1024,aws,1.2004546911764147,0.10892266516793528,4,x86_64,Intel(R) Xeon(R) Processor @ 2.50GHz,False,,ml,ml_stage2_aws_1024Mb_x86_analysis.json,0,2.2212448120117188,3.564944267272949,2,2,0,0.0,0,0.0,0,7.530150431394577,0.0,0,0,10.4,0,0.0,0,0,0,8.64176321029663,791.8348696303368,16.21442389,16.214423894882202,2.262477159500122,"null, null, null, psutil",1024,0,1.311838150024414,2.751347303390503,2,2,0,0.0,0,0.0,0,0.49047818779945374,0.0,0,0,0.0,0,0.0,0,0,0,6.877567768096924,475.30944914817803,13.68378091,13.683780908584595,0.34705209732055664,False,,220,type:lambda-function|arch:x86_64|lambda:True|mem:1024,False,,stage2,0,40.68895206451416,72.01287889480591,48.0,48.0,0,0.0,0,0.0,0,264.5079657554627,10,0.0,0,0,57.67,0,0.0,0,0,0,180.72361035346984,14335.122117622137,350.519347214,350.51934721469877,11.77147650718689,24
x86,0,1.8626202268259866,2.9879913815430235,2.0,2.0,0,0.0,0,0.0,0,12.202704894542695,0.0,0,0,2.5007142857142854,0,0.0,0,0,0,8.609180527925492,621.6700185846261,15.70323024167857,15.703230241366795,0.6055329850741795,,type:lambda-function|arch:x86_64|lambda:True|mem:1024,aws,1.3946748572490217,0.11429227120560373,4,x86_64,Intel(R) Xeon(R) Processor @ 2.50GHz,False,,ml,ml_stage2_aws_1024Mb_x86_analysis.json,0,2.20820689201355,3.6994636058807373,2,2,0,0.0,0,0.0,0,8.609180527925492,0.0,0,0,12.0,0,0.0,0,0,0,9.38174843788147,859.4745718693733,17.07859612,17.078596115112305,0.9905819892883301,"null, null, null, psutil",1024,0,1.3199102878570557,2.710949420928955,2,2,0,0.0,0,0.0,0,0.6055329850741795,0.0,0,0,0.0,0,0.0,0,0,0,7.808745384216309,496.39815083026883,14.49131823,14.491318225860596,0.38954806327819824,False,,220,type:lambda-function|arch:x86_64|lambda:True|mem:1024,False,,stage2,0,52.15336635112762,83.66375868320466,56.0,56.0,0,0.0,0,0.0,0,341.67573704719547,10,0.0,0,0,70.02,0,0.0,0,0,0,241.0570547819138,17406.76052036953,439.69044676699997,439.69044675827024,16.954923582077026,28
x86,0,1.0154449462890625,74.09639563560486,2.0,2.0,0,0.0,0,0.0,0,82.901176071167,0.0,0,0,2.3099999999999996,0,0.0,0,0,0,1.735250973701477,4034.3935504584315,85.100986434,85.10098643302918,7.069529461860657,,type:lambda-function|arch:x86_64|lambda:True|mem:1024,aws,4.940747660982132,0.05959804064469144,4,x86_64,Intel(R) Xeon(R) Processor @ 2.50GHz,False,,video,video_stage0_aws_1024Mb_x86_analysis.json,0,1.3152594566345215,78.96249628067017,2,2,0,0.0,0,0.0,0,74.09639563560486,0.0,0,0,5.6,0,0.0,0,0,0,1.869511604309082,4631.993746757507,89.77290225,89.77290225028992,7.568018674850464,"null, null, null, psutil",1024,0,0.7641985416412354,69.8845329284668,2,2,0,0.0,0,0.0,0,1.735250973701477,0.0,0,0,0.0,0,0.0,0,0,0,1.5306072235107422,3531.0734325027474,80.56372786,80.56372785568237,6.691972017288208,False,,220,type:lambda-function|arch:x86_64|lambda:True|mem:1024,False,,stage0,0,4.06177978515625,296.38558254241946,8.0,8.0,0,0.0,0,0.0,0,331.604704284668,10,0.0,0,0,9.239999999999998,0,0.0,0,0,0,6.941003894805908,16137.574201833726,340.403945736,340.4039457321167,28.278117847442626,4
x86,0,1.1197045644124348,74.68931868341234,2.0,2.0,0,0.0,0,0.0,0,84.1024469004737,0.0,0,0,2.3666666666666667,0,0.0,0,0,0,1.9757294654846191,4245.722468044493,86.34018296666666,86.34018296665616,7.437398751576741,,type:lambda-function|arch:x86_64|lambda:True|mem:1024,aws,6.225354712262419,0.0740210890609338,4,x86_64,Intel(R) Xeon(R) Processor @ 2.50GHz,False,,video,video_stage0_aws_1024Mb_x86_analysis.json,0,2.0453457832336426,78.11006832122803,2,2,0,0.0,0,0.0,0,74.68931868341234,0.0,0,0,5.6,0,0.0,0,0,0,3.510748863220215,5087.042432641983,89.65712571,89.65712571144104,8.311046600341797,"null, null, null, psutil",1024,0,0.800513744354248,70.99632906913757,2,2,0,0.0,0,0.0,0,1.9757294654846191,0.0,0,0,1.9,0,0.0,0,0,0,1.654977798461914,3621.308112642765,82.47951126,82.47951126098633,6.110270023345947,False,,220,type:lambda-function|arch:x86_64|lambda:True|mem:1024,False,,stage0,0,5.598522822062174,373.4465934170617,10.0,10.0,0,0.0,0,0.0,0,420.51223450236847,9,0.0,0,0,11.833333333333334,0,0.0,0,0,0,9.878647327423096,21228.612340222466,431.7009148333333,431.70091483328076,37.186993757883705,5
x86,0,1.0718537171681721,73.72684285375807,2.0,2.0,0,0.0,0,0.0,0,83.15993049409654,0.0,0,0,1.711111111111111,0,0.0,0,0,0,1.9376579125722249,4339.39129430188,85.3513866788889,85.3513866795434,7.495429727766249,,type:lambda-function|arch:x86_64|lambda:True|mem:1024,aws,7.374158822232884,0.08867442262660825,4,x86_64,Intel(R) Xeon(R) Processor @ 2.50GHz,False,,video,video_stage0_aws_1024Mb_x86_analysis.json,0,1.203777551651001,78.91972208023071,2,2,0,0.0,0,0.0,0,73.72684285375807,0.0,0,0,3.8,0,0.0,0,0,0,2.5864076614379883,4599.912056765556,89.81520534,89.81520533561707,9.080757856369019,"null, null, null, psutil",1024,0,0.8284912109375,67.85236978530884,2,2,0,0.0,0,0.0,0,1.9376579125722249,0.0,0,0,0.0,0,0.0,0,0,0,1.5916855335235596,3613.3268341541293,78.58415127,78.58415126800537,6.745683431625366,False,,220,type:lambda-function|arch:x86_64|lambda:True|mem:1024,False,,stage0,0,6.431122303009033,442.36105712254846,12.0,12.0,0,0.0,0,0.0,0,498.9595829645792,9,0.0,0,0,10.266666666666666,0,0.0,0,0,0,11.62594747543335,26036.347765811282,512.1083200733334,512.1083200772604,44.97257836659749,6
x86,0,1.5822049776713054,74.84274045626323,2.0,2.0,0,0.0,0,0.0,0,84.00277437104118,0.0,0,0,2.5555555555555554,0,0.0,0,0,0,1.9003072844611273,4342.704379387167,86.22692476222223,86.22692476378546,7.25972663031684,,type:lambda-function|arch:x86_64|lambda:True|mem:1024,aws,8.733399383841357,0.10396560648420772,4,x86_64,Intel(R) Xeon(R) Processor @ 2.50GHz,False,,video,video_stage0_aws_1024Mb_x86_analysis.json,0,6.003239393234253,78.92049074172974,2,2,0,0.0,0,0.0,0,74.84274045626323,0.0,0,0,3.8,0,0.0,0,0,0,2.9993598461151123,4875.73115380764,90.3923068,90.39230680465698,8.08501672744751,"null, null, null, psutil",1024,0,0.7256286144256592,71.75836658477783,2,2,0,0.0,0,0.0,0,1.9003072844611273,0.0,0,0,0.0,0,0.0,0,0,0,1.4415850639343262,3578.637319478989,83.05716133,83.05716133117676,6.048046827316284,False,,220,type:lambda-function|arch:x86_64|lambda:True|mem:1024,False,,stage0,0,11.075434843699139,523.8991831938426,14.0,14.0,0,0.0,0,0.0,0,588.0194205972883,9,0.0,0,0,17.888888888888886,0,0.0,0,0,0,13.30215099122789,30398.93065571017,603.5884733355556,603.5884733464982,50.81808641221788,7
x86,0,0.9798210382461547,73.07779877185821,2.0,2.0,0,0.0,0,0.0,0,82.50958769321441,0.0,0,0,2.4799999999999995,0,0.0,0,0,0,1.9632265090942382,4351.422300051451,84.71910088,84.71910088062286,7.468562412261963,,type:lambda-function|arch:x86_64|lambda:True|mem:1024,aws,9.745655244215012,0.11811542775430078,4,x86_64,Intel(R) Xeon(R) Processor @ 2.50GHz,False,,video,video_stage0_aws_1024Mb_x86_analysis.json,0,1.2747085094451904,76.66791534423828,2,2,0,0.0,0,0.0,0,73.07779877185821,0.0,0,0,5.6,0,0.0,0,0,0,3.694312572479248,5004.778360164166,87.79141879,87.79141879081726,7.942646265029907,"null, null, null, psutil",1024,0,0.7955257892608643,69.87475109100342,2,2,0,0.0,0,0.0,0,1.9632265090942382,0.0,0,0,0.0,0,0.0,0,0,0,1.446284532546997,3538.1363682794563,81.45905137,81.45905137062073,7.028076171875,False,,220,type:lambda-function|arch:x86_64|lambda:True|mem:1024,False,,stage0,0,7.838568305969238,584.6223901748657,16.0,16.0,0,0.0,0,0.0,0,660.0767015457153,10,0.0,0,0,19.839999999999996,0,0.0,0,0,0,15.705812072753906,34811.37840041161,677.75280704,677.7528070449829,59.7484992980957,8
x86,0,0.9285556836561724,73.94957845861262,2.0,2.0,0,0.0,0,0.0,0,82.91758957776158,0.0,0,0,2.4545454545454546,0,0.0,0,0,0,1.7040759866887873,4296.921706879139,85.18751976818182,85.18751976706766,7.263935132460161,,type:lambda-function|arch:x86_64|lambda:True|mem:1024,aws,11.094655256145654,0.13380339820106432,4,x86_64,Intel(R) Xeon(R) Processor @ 2.50GHz,False,,video,video_stage0_aws_1024Mb_x86_analysis.json,0,1.1657371520996094,79.49850821495056,2,2,0,0.0,0,0.0,0,73.94957845861262,0.0,0,0,3.8,0,0.0,0,0,0,2.168083429336548,5091.36366355896,91.13689685,91.13689684867859,7.837477684020996,"null, null, null, psutil",1024,0,0.7573926448822021,68.32316422462463,2,2,0,0.0,0,0.0,0,1.7040759866887873,0.0,0,0,1.9,0,0.0,0,0,0,1.5161223411560059,3560.36580501318,79.3901062,79.39010620117188,6.743101596832275,False,,220,type:lambda-function|arch:x86_64|lambda:True|mem:1024,False,,stage0,0,8.357001152905552,665.5462061275136,18.0,18.0,0,0.0,0,0.0,0,746.2583061998541,11,0.0,0,0,22.09090909090909,0,0.0,0,0,0,15.336683880199086,38672.29536191225,766.6876779136363,766.6876779036089,65.37541619214144,9
x86,0,0.8614612023035685,73.44107528527577,2.0,2.0,0,0.0,0,0.0,0,82.32609218358992,0.0,0,0,2.3916666666666666,0,0.0,0,0,0,1.6031912167867024,4200.763494843443,84.63680607166667,84.6368060708046,7.281825681527455,,type:lambda-function|arch:x86_64|lambda:True|mem:1024,aws,12.242627250055472,0.14870895636287468,4,x86_64,Intel(R) Xeon(R) Processor @ 2.50GHz,False,,video,video_stage0_aws_1024Mb_x86_analysis.json,0,1.149967908859253,76.36698508262634,2,2,0,0.0,0,0.0,0,73.44107528527577,0.0,0,0,3.8,0,0.0,0,0,0,1.8989603519439697,4758.712387199402,88.53990388,88.53990387916565,8.04920768737793,"null, null, null, psutil",1024,0,0.7396318912506104,70.2881441116333,2,2,0,0.0,0,0.0,0,1.6031912167867024,0.0,0,0,0.0,0,0.0,0,0,0,1.4092903137207031,3495.5390566349033,81.30373979,81.30373978614807,6.47127366065979,False,,220,type:lambda-function|arch:x86_64|lambda:True|mem:1024,False,,stage0,0,8.614612023035685,734.4107528527577,20.0,20.0,0,0.0,0,0.0,0,823.2609218358992,12,0.0,0,0,23.916666666666664,0,0.0,0,0,0,16.031912167867024,42007.63494843443,846.3680607166667,846.368060708046,72.81825681527455,10
x86,0,1.0531236041675915,72.06570725007491,2.0,2.0,0,0.0,0,0.0,0,80.86682326143439,0.0,0,0,2.4363636363636365,0,0.0,0,0,0,1.6965565031225032,4368.755061326027,83.15683785545455,83.1568378535184,7.104559508236972,,type:lambda-function|arch:x86_64|lambda:True|mem:1024,aws,14.416024078304986,0.17826870769610195,4,x86_64,Intel(R) Xeon(R) Processor @ 2.50GHz,False,,video,video_stage0_aws_1024Mb_x86_analysis.json,0,1.9465293884277344,77.63677859306335,2,2,0,0.0,0,0.0,0,72.06570725007491,0.0,0,0,3.8,0,0.0,0,0,0,1.8706977367401123,4996.169591400623,88.77319789,88.773197889328,7.9266626834869385,"null, null, null, psutil",1024,0,0.7241165637969971,66.06152749061584,2,2,0,0.0,0,0.0,0,1.6965565031225032,0.0,0,0,0.0,0,0.0,0,0,0,1.3847723007202148,3661.89441293478,77.07919145,77.07919144630432,6.252243757247925,False,,220,type:lambda-function|arch:x86_64|lambda:True|mem:1024,False,,stage0,0,12.637483250011098,864.7884870008988,24.0,24.0,0,0.0,0,0.0,0,970.4018791372127,11,0.0,0,0,29.236363636363638,0,0.0,0,0,0,20.35867803747004,52425.060735912324,997.8820542654546,997.8820542422208,85.25471409884366,12
x86,0,0.8886951406796774,73.29513563712437,2.0,2.0,0,0.0,0,0.0,0,82.52886313199997,0.0,0,0,2.408333333333333,0,0.0,0,0,0,1.7083278894424438,4268.384349073966,84.7317777275,84.73177772760391,7.5253996054331465,,type:lambda-function|arch:x86_64|lambda:True|mem:1024,aws,19.549278577133816,0.23687807919837592,4,x86_64,Intel(R) Xeon(R) Processor @ 2.50GHz,False,,video,video_stage0_aws_1024Mb_x86_analysis.json,0,1.091376543045044,76.96335172653198,2,2,0,0.0,0,0.0,0,73.29513563712437,0.0,0,0,3.8,0,0.0,0,0,0,2.276946783065796,4749.003702700138,89.23620701,89.23620700836182,8.844863653182983,"null, null, null, psutil",1024,0,0.7468464374542236,68.9539544582367,2,2,0,0.0,0,0.0,0,1.7083278894424438,0.0,0,0,1.9,0,0.0,0,0,0,1.4227468967437744,3504.6784703946114,79.98247099,79.9824709892273,6.556497812271118,False,,220,type:lambda-function|arch:x86_64|lambda:True|mem:1024,False,,stage0,0,14.219122250874838,1172.72217019399,32.0,32.0,0,0.0,0,0.0,0,1320.4618101119995,12,0.0,0,0,38.53333333333333,0,0.0,0,0,0,27.3332462310791,68294.14958518346,1355.70844364,1355.7084436416626,120.40639368693034,16
x86,0,1.073071369758019,72.96466972277715,2.0,2.0,0,0.0,0,0.0,0,82.02305282079257,0.0,0,0,1.9153846153846152,0,0.0,0,0,0,1.7302114413334773,4311.339515231756,84.25215365384616,84.25215365336491,7.328171656681941,,type:lambda-function|arch:x86_64|lambda:True|mem:1024,aws,24.326420885573903,0.29658029113745976,4,x86_64,Intel(R) Xeon(R) Processor @ 2.50GHz,False,,video,video_stage0_aws_1024Mb_x86_analysis.json,0,1.57285475730896,78.14803290367126,2,2,0,0.0,0,0.0,0,72.96466972277715,0.0,0,0,3.8,0,0.0,0,0,0,2.2526066303253174,4750.54531279564,89.37945914,89.37945914268494,8.108274936676025,"null, null, null, psutil",1024,0,0.8097875118255615,69.25392556190491,2,2,0,0.0,0,0.0,0,1.7302114413334773,0.0,0,0,0.0,0,0.0,0,0,0,1.4740097522735596,3554.9853882193565,80.44437122,80.4443712234497,6.462485313415527,False,,220,type:lambda-function|arch:x86_64|lambda:True|mem:1024,False,,stage0,0,21.461427395160378,1459.293394455543,40.0,40.0,0,0.0,0,0.0,0,1640.4610564158515,13,0.0,0,0,38.30769230769231,0,0.0,0,0,0,34.60422882666955,86226.79030463513,1685.0430730769233,1685.0430730672983,146.56343313363882,20
x86,0,0.8844618797302246,73.79234093427658,2.0,2.0,0,0.0,0,0.0,0,83.07756034533183,0.0,0,0,2.6916666666666664,0,0.0,0,0,0,1.7008593479792278,4140.655447999239,85.39237731499999,85.39237731695175,7.584360063076019,,type:lambda-function|arch:x86_64|lambda:True|mem:1024,aws,29.522839760985377,0.3553647897009325,4,x86_64,Intel(R) Xeon(R) Processor @ 2.50GHz,False,,video,video_stage0_aws_1024Mb_x86_analysis.json,0,1.2240490913391113,77.49180507659912,2,2,0,0.0,0,0.0,0,73.79234093427658,0.0,0,0,3.8,0,0.0,0,0,0,2.586273431777954,4639.041985774041,88.53683209,88.5368320941925,9.33494257926941,"null, null, null, psutil",1024,0,0.7465236186981201,70.0606677532196,2,2,0,0.0,0,0.0,0,1.7008593479792278,0.0,0,0,1.9,0,0.0,0,0,0,1.41579270362854,3526.4317157387736,81.68214774,81.68214774131775,6.21301007270813,False,,220,type:lambda-function|arch:x86_64|lambda:True|mem:1024,False,,stage0,0,21.22708511352539,1771.016182422638,48.0,48.0,0,0.0,0,0.0,0,1993.8614482879639,12,0.0,0,0,64.6,0,0.0,0,0,0,40.820624351501465,99375.73075198174,2049.41705556,2049.417055606842,182.02464151382446,24
x86,0,1.3233133895056588,73.51733492101941,2.0,2.0,0,0.0,0,0.0,0,82.46855774947575,0.0,0,0,2.207142857142857,0,0.0,0,0,0,1.8350022179739816,4241.708376529217,85.85503244428571,85.85503244400024,7.116220610482352,,type:lambda-function|arch:x86_64|lambda:True|mem:1024,aws,34.314951247735024,0.4160973852844318,4,x86_64,Intel(R) Xeon(R) Processor @ 2.50GHz,False,,video,video_stage0_aws_1024Mb_x86_analysis.json,0,2.8182313442230225,78.05341792106628,2,2,0,0.0,0,0.0,0,73.51733492101941,0.0,0,0,3.8,0,0.0,0,0,0,2.4936811923980713,4694.989689931869,99.88170767,99.88170766830444,8.169110298156738,"null, null, null, psutil",1024,0,0.7929179668426514,68.3878390789032,2,2,0,0.0,0,0.0,0,1.8350022179739816,0.0,0,0,0.0,0,0.0,0,0,0,1.4193005561828613,3520.649334497452,79.11134028,79.11134028434753,6.143023490905762,False,,220,type:lambda-function|arch:x86_64|lambda:True|mem:1024,False,,stage0,0,37.05277490615845,2058.4853777885437,56.0,56.0,0,0.0,0,0.0,0,2309.119616985321,14,0.0,0,0,61.79999999999999,0,0.0,0,0,0,51.380062103271484,118767.83454281808,2403.94090844,2403.940908432007,199.25417709350586,28
arm,0,2.51655859152476,33.55135869582494,2.0,0.0,0,0.0,0,0.0,0,34.938097572326654,0.0,0,0,1.07,0,0.0,0,0,0,0.5994590401649476,549.161338686943,42.38515280816667,42.385152808825175,0.7872798363367717,,type:lambda-function|arch:aarch64|lambda:True|mem:512,aws,2.685450750013828,0.07686310751335491,1,aarch64,aarch64,False,,titanic,titanic_stage_aws_512Mb_arm_analysis.json,0,4.984273672103882,34.661574602127075,2,0,0,0.0,0,0.0,0,33.55135869582494,0.0,0,0,9.4,0,0.0,0,0,0,0.9441947937011719,570.8743138313293,48.02276921,48.02276921272278,5.5411601066589355,"null, null, null, psutil",512,0,2.308863878250122,32.136709451675415,2,0,0,0.0,0,0.0,0,0.5994590401649476,0.0,0,0,0.0,0,0.0,0,0,0,0.4994075298309326,524.4859580993652,40.3450737,40.34507369995117,0.5177838802337646,False,,100,type:lambda-function|arch:aarch64|lambda:True|mem:512,False,,stage,0,30.198703098297123,402.6163043498992,24.0,0.0,0,0.0,0,0.0,0,419.25717086791985,5,0.0,0,0,12.84,0,0.0,0,0,0,7.193508481979371,6589.936064243317,508.62183369800005,508.6218337059021,9.44735803604126,12
arm,0,2.769240227341652,23.72417632639408,2.0,0.0,0,0.0,0,0.0,0,25.20398716032505,0.0,0,0,1.1775,0,0.0,0,0,0,0.5758643805980682,420.69857652917506,32.2544340015,32.25443400144577,0.903946453332901,,type:lambda-function|arch:aarch64|lambda:True|mem:512,aws,2.531844097552776,0.10045410995678843,1,aarch64,aarch64,False,,titanic,titanic_stage_aws_512Mb_arm_analysis.json,0,7.579637050628662,24.581995248794556,2,0,0,0.0,0,0.0,0,23.72417632639408,0.0,0,0,3.6,0,0.0,0,0,0,0.9407601356506348,438.6788137435913,33.87643886,33.87643885612488,1.1203830242156982,"null, null, null, psutil",512,0,2.308976888656616,22.803107261657715,2,0,0,0.0,0,0.0,0,0.5758643805980682,0.0,0,0,0.0,0,0.0,0,0,0,0.4833822250366211,394.22703795433046,30.72322154,30.72322154045105,0.47916221618652344,False,,100,type:lambda-function|arch:aarch64|lambda:True|mem:512,False,,stage,0,44.30784363746643,379.5868212223053,32.0,0.0,0,0.0,0,0.0,0,403.2637945652008,5,0.0,0,0,18.84,0,0.0,0,0,0,9.213830089569091,6731.177224466801,516.070944024,516.0709440231324,14.463143253326416,16
arm,0,2.4337985157966613,18.363620302677155,2.0,0.0,0,0.0,0,0.0,0,19.795136144161226,0.0,0,0,0.99,0,0.0,0,0,0,0.5670180678367615,345.71585914587973,26.723476901399998,26.723476901054383,0.8644977736473084,,type:lambda-function|arch:aarch64|lambda:True|mem:512,aws,2.4497069483771328,0.12375297297966291,1,aarch64,aarch64,False,,titanic,titanic_stage_aws_512Mb_arm_analysis.json,0,3.467005968093872,19.240500926971436,2,0,0,0.0,0,0.0,0,18.363620302677155,0.0,0,0,3.6,0,0.0,0,0,0,1.4169948101043701,369.06912136077887,27.80748367,27.807483673095703,1.132770299911499,"null, null, null, psutil",512,0,2.187152624130249,17.80102014541626,2,0,0,0.0,0,0.0,0,0.5670180678367615,0.0,0,0,0.0,0,0.0,0,0,0,0.4462296962738037,327.58203173875813,25.6429739,25.64297389984131,0.4580557346343994,False,,100,type:lambda-function|arch:aarch64|lambda:True|mem:512,False,,stage,0,48.67597031593323,367.27240605354314,40.0,0.0,0,0.0,0,0.0,0,395.90272288322456,5,0.0,0,0,19.8,0,0.0,0,0,0,11.34036135673523,6914.317182917594,534.469538028,534.4695380210876,17.28995547294617,20
arm,0,2.5860013484954836,14.820417867104213,2.0,0.0,0,0.0,0,0.0,0,16.128845755259196,0.0,0,0,0.935,0,0.0,0,0,0,0.7815982063611349,311.7235638910532,22.521212770416664,22.52121277054151,0.5268296817938487,,type:lambda-function|arch:aarch64|lambda:True|mem:512,aws,2.3724524921660426,0.14709375538497216,1,aarch64,aarch64,False,,titanic,titanic_stage_aws_512Mb_arm_analysis.json,0,2.9246256351470947,15.497230529785156,2,0,0,0.0,0,0.0,0,14.820417867104213,0.0,0,0,3.6,0,0.0,0,0,0,1.0080749988555908,337.30290691852576,23.83766127,23.837661266326904,1.0321016311645508,"null, null, null, psutil",512,0,2.2607412338256836,14.116822719573975,2,0,0,0.0,0,0.0,0,0.5268296817938487,0.0,0,0,0.0,0,0.0,0,0,0,0.4641854763031006,280.9091781139374,21.27326941,21.273269414901733,0.41298699378967285,False,,100,type:lambda-function|arch:aarch64|lambda:True|mem:512,False,,stage,0,62.064032363891606,355.69002881050113,48.0,0.0,0,0.0,0,0.0,0,387.0922981262207,5,0.0,0,0,22.44,0,0.0,0,0,0,18.758356952667235,7481.365533385277,540.5091064899999,540.5091064929962,12.643912363052369,24
arm,0,3.7184796707970755,12.554001694066184,2.0,0.0,0,0.0,0,0.0,0,13.689860992772239,0.0,0,0,0.9185714285714285,0,0.0,0,0,0,0.5828470570700509,260.4061087890182,21.51095934107143,21.510959340844835,0.5530122416360038,,type:lambda-function|arch:aarch64|lambda:True|mem:512,aws,2.3445853563838,0.1712643654761475,1,aarch64,aarch64,False,,titanic,titanic_stage_aws_512Mb_arm_analysis.json,0,4.663940668106079,13.137054204940796,2,0,0,0.0,0,0.0,0,12.554001694066184,0.0,0,0,9.1,0,0.0,0,0,0,1.0408804416656494,284.8669921875,22.97314453,22.97314453125,1.0144739151000977,"null, null, null, psutil",512,0,2.2608275413513184,11.894805908203125,2,0,0,0.0,0,0.0,0,0.5530122416360038,0.0,0,0,0.0,0,0.0,0,0,0,0.4574594497680664,242.29729710817338,20.27592444,20.27592444419861,0.4151458740234375,False,,100,type:lambda-function|arch:aarch64|lambda:True|mem:512,False,,stage,0,104.11743078231811,351.5120474338531,56.0,0.0,0,0.0,0,0.0,0,383.3161077976227,5,0.0,0,0,25.72,0,0.0,0,0,0,16.319717597961425,7291.37104609251,602.30686155,602.3068615436554,15.484342765808107,28
arm,0,0.757552020251751,8.67260517179966,2.0,0.0,0,0.0,0,0.0,0,16.18419211357832,0.0,0,0,2.171875,0,0.0,0,0,0,5.976224064826965,296.1412044044584,18.531480290625,18.53148028999567,1.5353628769516945,,type:lambda-function|arch:aarch64|lambda:True|mem:1024,aws,0.46277021196722984,0.028593964327633743,4,aarch64,aarch64,False,,video,video_stage1_aws_1024Mb_arm_analysis.json,0,0.9972407817840576,15.62014389038086,2,0,0,0.0,0,0.0,0,8.67260517179966,0.0,0,0,3.8,0,0.0,0,0,0,10.471412420272827,495.3990896344185,30.80454254,30.804542541503906,2.5442399978637695,"null, null, null, psutil",1024,0,0.4859485626220703,6.8473310470581055,2,0,0,0.0,0,0.0,0,1.5353628769516945,0.0,0,0,1.9,0,0.0,0,0,0,4.86294150352478,247.99121379852295,15.54803848,15.548038482666016,0.9011149406433105,False,,100,type:lambda-function|arch:aarch64|lambda:True|mem:1024,False,,stage1,0,3.030208081007004,34.69042068719864,8.0,0.0,0,0.0,0,0.0,0,64.73676845431328,8,0.0,0,0,8.6875,0,0.0,0,0,0,23.90489625930786,1184.5648176178336,74.1259211625,74.12592115998268,6.141451507806778,4
arm,0,0.8598984571603628,8.045232879198515,2.0,0.0,0,0.0,0,0.0,0,16.00087787554814,0.0,0,0,2.366153846153846,0,0.0,0,0,0,6.568308426783635,290.1694128192388,18.323986831846153,18.323986831078162,1.3873365695659932,,type:lambda-function|arch:aarch64|lambda:True|mem:1024,aws,0.5366170330425409,0.033536724498258695,4,aarch64,aarch64,False,,video,video_stage1_aws_1024Mb_arm_analysis.json,0,2.199190616607666,13.249921321868896,2,0,0,0.0,0,0.0,0,8.045232879198515,0.0,0,0,5.6,0,0.0,0,0,0,11.112188577651978,443.4375299692154,27.84656572,27.84656572341919,2.306894302368164,"null, null, null, psutil",1024,0,0.489011287689209,5.62973952293396,2,0,0,0.0,0,0.0,0,1.3873365695659932,0.0,0,0,0.0,0,0.0,0,0,0,4.105893850326538,214.44774173498155,13.99227595,13.992275953292847,0.8517224788665771,False,,100,type:lambda-function|arch:aarch64|lambda:True|mem:1024,False,,stage1,0,4.299492285801814,40.226164395992576,10.0,0.0,0,0.0,0,0.0,0,80.00438937774071,13,0.0,0,0,11.83076923076923,0,0.0,0,0,0,32.841542133918175,1450.8470640961941,91.61993415923077,91.61993415539081,6.936682847829966,5
arm,0,0.8423370884524451,5.585627377033234,2.0,0.0,0,0.0,0,0.0,0,12.233193546533585,0.0,0,0,2.4763888888888888,0,0.0,0,0,0,5.619278424315983,224.32499849961863,14.568813927083333,14.568813926643795,1.0282877451843686,,type:lambda-function|arch:aarch64|lambda:True|mem:1024,aws,0.44707361525774,0.03654594473283907,4,aarch64,aarch64,False,,video,video_stage1_aws_1024Mb_arm_analysis.json,0,1.9931652545928955,10.503907918930054,2,0,0,0.0,0,0.0,0,5.619278424315983,0.0,0,0,5.6,0,0.0,0,0,0,19.846441745758057,383.05939350128176,28.56364942,28.56364941596985,2.0187485218048096,"null, null, null, psutil",1024,0,0.48150634765625,4.73326849937439,2,0,0,0.0,0,0.0,0,1.0282877451843686,0.0,0,0,0.0,0,0.0,0,0,0,3.666221857070923,193.96818056106565,12.09243584,12.092435836791992,0.6392562389373779,False,,100,type:lambda-function|arch:aarch64|lambda:True|mem:1024,False,,stage1,0,5.054022530714671,33.5137642621994,12.0,0.0,0,0.0,0,0.0,0,73.39916127920151,12,0.0,0,0,14.858333333333333,0,0.0,0,0,0,33.7156705458959,1345.9499909977117,87.4128835625,87.41288355986276,6.169726471106212,6
arm,0,1.5512157139324008,4.434538046518962,2.0,0.0,0,0.0,0,0.0,0,10.294369609582992,0.0,0,0,2.4678571428571425,0,0.0,0,0,0,5.03429944458462,192.05922081953003,12.567469026785712,12.567469026361193,0.8255321184794108,,type:lambda-function|arch:aarch64|lambda:True|mem:1024,aws,0.4140971627839406,0.04022559695141109,4,aarch64,aarch64,False,,video,video_stage1_aws_1024Mb_arm_analysis.json,0,54.26025915145874,5.387575387954712,2,0,0,0.0,0,0.0,0,5.03429944458462,0.0,0,0,5.7,0,0.0,0,0,0,6.015268802642822,222.98252394199375,14.29027772,14.29027771949768,1.2706108093261719,"null, null, null, psutil",1024,0,0.4793515205383301,3.896550416946411,2,0,0,0.0,0,0.0,0,0.8255321184794108,0.0,0,0,0.0,0,0.0,0,0,0,3.5216195583343506,176.31438238620757,11.0769074,11.076907396316528,0.5984268188476562,False,,100,type:lambda-function|arch:aarch64|lambda:True|mem:1024,False,,stage1,0,10.858509997526806,31.041766325632732,14.0,0.0,0,0.0,0,0.0,0,72.06058726708095,12,0.0,0,0,17.275,0,0.0,0,0,0,35.24009611209234,1344.4145457367101,87.97228318749998,87.97228318452835,5.778724829355875,7
arm,0,1.3972641039978375,3.583903220566836,2.0,0.0,0,0.0,0,0.0,0,9.087480485439302,0.0,0,0,2.3499999999999996,0,0.0,0,0,0,4.7716091627424415,169.2931116585027,11.412634267272727,11.412634267048402,0.731968102130023,,type:lambda-function|arch:aarch64|lambda:True|mem:1024,aws,0.38247415169889276,0.04208803004438071,4,aarch64,aarch64,False,,video,video_stage1_aws_1024Mb_arm_analysis.json,0,56.19189763069153,4.507579803466797,2,0,0,0.0,0,0.0,0,4.7716091627424415,0.0,0,0,3.8,0,0.0,0,0,0,5.788328409194946,194.9140943288803,13.27087116,13.27087116241455,1.1626782417297363,"null, null, null, psutil",1024,0,0.48110222816467285,0.4764411449432373,2,0,0,0.0,0,0.0,0,0.731968102130023,0.0,0,0,0.0,0,0.0,0,0,0,0.7370908260345459,60.94117901325225,3.99269152,3.9926915168762207,0.24398589134216309,False,,100,type:lambda-function|arch:aarch64|lambda:True|mem:1024,False,,stage1,0,11.1781128319827,28.67122576453469,16.0,0.0,0,0.0,0,0.0,0,72.69984388351442,11,0.0,0,0,18.799999999999997,0,0.0,0,0,0,38.17287330193953,1354.3448932680217,91.30107413818182,91.30107413638721,5.855744817040184,8
arm,0,0.8765203013564601,3.7612433626194193,2.0,0.0,0,0.0,0,0.0,0,10.115199823572178,0.0,0,0,2.4555555555555557,0,0.0,0,0,0,5.595045458186757,179.59337917373637,12.469608487373737,12.469608487504901,0.7589110027660023,,type:lambda-function|arch:aarch64|lambda:True|mem:1024,aws,0.45157487811608743,0.04464319894736533,4,aarch64,aarch64,False,,video,video_stage1_aws_1024Mb_arm_analysis.json,0,2.265469551086426,7.602277994155884,2,0,0,0.0,0,0.0,0,5.595045458186757,0.0,0,0,7.3,0,0.0,0,0,0,14.058473110198975,306.27052764892574,21.05322409,21.053224086761475,1.5171692371368408,"null, null, null, psutil",1024,0,0.5414001941680908,1.2874603271484375e-05,2,0,0,0.0,0,0.0,0,0.7589110027660023,0.0,0,0,0.0,0,0.0,0,0,0,0.16845393180847168,45.595072746276855,2.44979715,2.4497971534729004,0.15512514114379883,False,,100,type:lambda-function|arch:aarch64|lambda:True|mem:1024,False,,stage1,0,7.888682712208141,33.85119026357477,18.0,0.0,0,0.0,0,0.0,0,91.03679841214961,11,0.0,0,0,22.1,0,0.0,0,0,0,50.355409123680815,1616.3404125636273,112.22647638636363,112.22647638754411,6.8301990248940205,9
arm,0,1.3703346472520095,3.9471064182428215,2.0,0.0,0,0.0,0,0.0,0,10.609416325275715,0.0,0,0,2.2,0,0.0,0,0,0,5.85671094931089,192.7927019751989,12.950030976076922,12.950030976075393,0.8055989577220036,,type:lambda-function|arch:aarch64|lambda:True|mem:1024,aws,0.5265439961935924,0.04962987407131548,4,aarch64,aarch64,False,,video,video_stage1_aws_1024Mb_arm_analysis.json,0,57.47549366950989,6.900998830795288,2,0,0,0.0,0,0.0,0,5.85671094931089,0.0,0,0,5.6,0,0.0,0,0,0,9.962719440460205,306.92544186115265,19.74932289,19.74932289123535,1.7556517124176025,"null, null, null, psutil",1024,0,0.4849226474761963,0.9672048091888428,2,0,0,0.0,0,0.0,0,0.8055989577220036,0.0,0,0,0.0,0,0.0,0,0,0,1.8260037899017334,80.59141371250153,5.71145344,5.711453437805176,0.28424501419067383,False,,100,type:lambda-function|arch:aarch64|lambda:True|mem:1024,False,,stage1,0,13.703346472520096,39.471064182428215,20.0,0.0,0,0.0,0,0.0,0,106.09416325275716,13,0.0,0,0,22.0,0,0.0,0,0,0,58.5671094931089,1927.927019751989,129.50030976076923,129.50030976075394,8.055989577220036,10
arm,0,0.8770432657665677,3.128476452827454,2.0,0.0,0,0.0,0,0.0,0,9.821573321024578,0.0,0,0,2.1955555555555555,0,0.0,0,0,0,6.007759596241845,168.31450810299978,12.155610469,12.155610468652513,0.6853372719552782,,type:lambda-function|arch:aarch64|lambda:True|mem:1024,aws,0.5008065105686189,0.050990456844278303,4,aarch64,aarch64,False,,video,video_stage1_aws_1024Mb_arm_analysis.json,0,2.3535733222961426,5.637352466583252,2,0,0,0.0,0,0.0,0,6.007759596241845,0.0,0,0,5.6,0,0.0,0,0,0,12.304424047470093,268.62372307777406,20.56213427,20.562134265899658,1.617748737335205,"null, null, null, psutil",1024,0,0.46074342727661133,2.053082227706909,2,0,0,0.0,0,0.0,0,0.6853372719552782,0.0,0,0,0.0,0,0.0,0,0,0,3.415605068206787,128.3829514026642,8.54904485,8.549044847488403,0.3949460983276367,False,,100,type:lambda-function|arch:aarch64|lambda:True|mem:1024,False,,stage1,0,10.524519189198813,37.54171743392945,24.0,0.0,0,0.0,0,0.0,0,117.85887985229493,15,0.0,0,0,26.346666666666664,0,0.0,0,0,0,72.09311515490214,2019.7740972359975,145.867325628,145.86732562383017,8.224047263463337,12
arm,0,1.0946780975375856,2.1212609580584934,2.0,0.0,0,0.0,0,0.0,0,7.768177742404597,0.0,0,0,2.421875,0,0.0,0,0,0,5.124910539814404,139.73165728348707,10.133397981294644,10.133397981524467,0.5220062445316996,,type:lambda-function|arch:aarch64|lambda:True|mem:1024,aws,0.4527619388880048,0.05828418889239458,4,aarch64,aarch64,False,,video,video_stage1_aws_1024Mb_arm_analysis.json,0,2.499537706375122,4.282607555389404,2,0,0,0.0,0,0.0,0,5.124910539814404,0.0,0,0,7.1,0,0.0,0,0,0,13.85382890701294,233.50913094282154,20.6924448,20.692444801330566,1.1545114517211914,"null, null, null, psutil",1024,0,0.46726036071777344,1.6273577213287354,2,0,0,0.0,0,0.0,0,0.5220062445316996,0.0,0,0,0.0,0,0.0,0,0,0,3.394338369369507,118.56030210256579,8.06728196,8.06728196144104,0.35806989669799805,False,,100,type:lambda-function|arch:aarch64|lambda:True|mem:1024,False,,stage1,0,17.51484956060137,33.940175328935894,32.0,0.0,0,0.0,0,0.0,0,124.29084387847355,14,0.0,0,0,38.75,0,0.0,0,0,0,81.99856863703046,2235.706516535793,162.1343677007143,162.13436770439148,8.352099912507194,16
arm,0,1.0054823239644368,1.8152146776517233,2.0,0.0,0,0.0,0,0.0,0,7.758050477504731,0.0,0,0,2.3003333333333336,0,0.0,0,0,0,5.455765946706136,133.5716876978477,10.110732628533333,10.110732628504435,0.48706985314687096,,type:lambda-function|arch:aarch64|lambda:True|mem:1024,aws,0.4842992759974798,0.06242538346479642,4,aarch64,aarch64,False,,video,video_stage1_aws_1024Mb_arm_analysis.json,0,2.69561505317688,3.638068675994873,2,0,0,0.0,0,0.0,0,5.455765946706136,0.0,0,0,7.3,0,0.0,0,0,0,12.76293683052063,215.0042239308357,17.52783871,17.527838706970215,1.2225985527038574,"null, null, null, psutil",1024,0,0.46347808837890625,1.1983788013458252,2,0,0,0.0,0,0.0,0,0.48706985314687096,0.0,0,0,0.0,0,0.0,0,0,0,3.5254623889923096,105.70016006231306,8.0641768,8.064176797866821,0.31519579887390137,False,,100,type:lambda-function|arch:aarch64|lambda:True|mem:1024,False,,stage1,0,20.109646479288735,36.30429355303447,40.0,0.0,0,0.0,0,0.0,0,155.1610095500946,15,0.0,0,0,46.006666666666675,0,0.0,0,0,0,109.11531893412273,2671.4337539569538,202.21465257066666,202.2146525700887,9.74139706293742,20
arm,0,1.1250654894572039,1.5059817249958332,2.0,0.0,0,0.0,0,0.0,0,7.115513017544379,0.0,0,0,2.4,0,0.0,0,0,0,5.18276475637387,124.63008369971544,9.464986554871794,9.464986555087261,0.42676653617467636,,type:lambda-function|arch:aarch64|lambda:True|mem:1024,aws,0.4821551090746659,0.0677611168563446,4,aarch64,aarch64,False,,video,video_stage1_aws_1024Mb_arm_analysis.json,0,2.6343605518341064,3.0480546951293945,2,0,0,0.0,0,0.0,0,5.18276475637387,0.0,0,0,5.6,0,0.0,0,0,0,10.038523197174072,203.81431627273562,15.4813261,15.48132610321045,1.5686445236206055,"null, null, null, psutil",1024,0,0.46120667457580566,0.7929356098175049,2,0,0,0.0,0,0.0,0,0.42676653617467636,0.0,0,0,0.0,0,0.0,0,0,0,3.4039790630340576,93.43998956680298,7.54996347,7.549963474273682,0.2659437656402588,False,,100,type:lambda-function|arch:aarch64|lambda:True|mem:1024,False,,stage1,0,27.001571746972893,36.143561399899994,48.0,0.0,0,0.0,0,0.0,0,170.7723124210651,13,0.0,0,0,57.599999999999994,0,0.0,0,0,0,124.38635415297287,2991.1220087931706,227.15967731692308,227.15967732209427,10.242396868192232,24
arm,0,1.9855551055499485,1.285734600680215,2.0,0.0,0,0.0,0,0.0,0,5.891753998824528,0.0,0,0,2.176190476190476,0,0.0,0,0,0,4.218327220280965,121.94569542822384,8.352734655857143,8.352734655993325,0.3876921778633481,,type:lambda-function|arch:aarch64|lambda:True|mem:1024,aws,0.4802475880460739,0.08151181942455316,4,aarch64,aarch64,False,,video,video_stage1_aws_1024Mb_arm_analysis.json,0,7.018895149230957,2.773070812225342,2,0,0,0.0,0,0.0,0,4.218327220280965,0.0,0,0,5.7,0,0.0,0,0,0,7.761356592178345,206.88936188220976,13.59793949,13.597939491271973,0.9367554187774658,"null, null, null, psutil",1024,0,0.5032203197479248,0.758528470993042,2,0,0,0.0,0,0.0,0,0.3876921778633481,0.0,0,0,0.0,0,0.0,0,0,0,3.0942065715789795,98.23022890090944,7.05039954,7.050399541854858,0.26595187187194824,False,,100,type:lambda-function|arch:aarch64|lambda:True|mem:1024,False,,stage1,0,55.59554295539856,36.00056881904602,56.0,0.0,0,0.0,0,0.0,0,164.9691119670868,15,0.0,0,0,60.93333333333333,0,0.0,0,0,0,118.11316216786703,3414.4794719902675,233.876570364,233.87657036781312,10.855380980173747,28
arm,0,1.431229246549676,1.8048333195326978,2.0,0.0,0,0.0,0,0.0,0,3.0384049841916037,0.0,0,0,2.0083333333333333,0,0.0,0,0,0,0.8184927293362013,151.37951601484377,6.616944595,6.649788797484404,0.4150789353227043,,type:lambda-function|arch:aarch64|lambda:True|mem:1024,aws,0.09630590593026475,0.03169620456500398,4,aarch64,aarch64,False,,ml,ml_stage3_aws_1024Mb_arm_analysis.json,0,1.505004766207405,1.948240641952367,2,0,0,0.0,0,0.0,0,1.8048333195326978,0.0,0,0,2.1,0,0.0,0,0,0,0.9047631660066833,159.62436446287748,7.10274453,6.993973970413208,0.4400978590603553,"null, null, null, psutil",1024,0,1.3252346817210665,1.7102963437398464,2,0,0,0.0,0,0.0,0,0.4150789353227043,0.0,0,0,2.0,0,0.0,0,0,0,0.7663266165557506,143.74165280772246,6.29731235,6.423905941838453,0.3958225803936615,False,,100,type:lambda-function|arch:aarch64|lambda:True|mem:1024,False,,stage3,0,5.724916986198704,7.219333278130791,8.0,0.0,0,0.0,0,0.0,0,12.153619936766415,12,0.0,0,0,8.033333333333333,0,0.0,0,0,0,3.2739709173448053,605.5180640593751,26.46777838,26.599155189937616,1.6603157412908172,4
arm,0,1.353324246661568,1.8354140467124995,2.0,0.0,0,0.0,0,0.0,0,3.2166055244960616,0.0,0,0,1.4333333333333333,0,0.0,0,0,0,0.9710952333098208,154.2892426238832,6.599718005,6.620331901388725,0.41009624447374154,,type:lambda-function|arch:aarch64|lambda:True|mem:1024,aws,0.12242211691572373,0.03805941262719908,4,aarch64,aarch64,False,,ml,ml_stage3_aws_1024Mb_arm_analysis.json,0,1.3922773522205092,1.9229344917480953,2,0,0,0.0,0,0.0,0,1.8354140467124995,0.0,0,0,3.8,0,0.0,0,0,0,1.1319598099536425,161.1172850872026,7.06999278,7.196864846656815,0.4402712132450056,"null, null, null, psutil",1024,0,1.3055159133991003,1.749126193728274,2,0,0,0.0,0,0.0,0,0.41009624447374154,0.0,0,0,0.0,0,0.0,0,0,0,0.871721067557199,146.98302577169645,6.32049607,6.292422156069446,0.3906373249477568,False,,100,type:lambda-function|arch:aarch64|lambda:True|mem:1024,False,,stage3,0,6.76662123330784,9.177070233562498,10.0,0.0,0,0.0,0,0.0,0,16.08302762248031,12,0.0,0,0,7.166666666666667,0,0.0,0,0,0,4.855476166549105,771.446213119416,32.998590025,33.101659506943626,2.050481222368708,5
arm,0,1.341414601398319,1.8890193679709284,2.0,0.0,0,0.0,0,0.0,0,3.307880290633025,0.0,0,0,2.433333333333333,0,0.0,0,0,0,1.0193190903151266,153.11031477229733,6.753344524166667,6.75903283560848,0.3995418323469701,,type:lambda-function|arch:aarch64|lambda:True|mem:1024,aws,0.1511971102123931,0.04570815656193492,4,aarch64,aarch64,False,,ml,ml_stage3_aws_1024Mb_arm_analysis.json,0,1.4048926710077383,2.04969742215313,2,0,0,0.0,0,0.0,0,1.8890193679709284,0.0,0,0,3.9,0,0.0,0,0,0,1.0957064628601074,163.28729596137998,7.20145781,7.035601077161126,0.40773987770080566,"null, null, null, psutil",1024,0,1.2783767535122408,1.757700314379577,2,0,0,0.0,0,0.0,0,0.3995418323469701,0.0,0,0,1.8,0,0.0,0,0,0,0.9560047608541693,142.2060714892481,6.3270579,6.485756231083143,0.3868637773992365,False,,100,type:lambda-function|arch:aarch64|lambda:True|mem:1024,False,,stage3,0,8.048487608389914,11.33411620782557,12.0,0.0,0,0.0,0,0.0,0,19.84728174379815,12,0.0,0,0,14.599999999999998,0,0.0,0,0,0,6.11591454189076,918.661888633784,40.520067145,40.55419701365088,2.3972509940818205,6
arm,0,1.5451510044964818,1.9608704319180907,2.0,0.0,0,0.0,0,0.0,0,3.475076893046268,0.0,0,0,2.841666666666667,0,0.0,0,0,0,1.1772440663528008,152.63819140594873,6.720519086666666,6.7255383774384,0.33696239477537676,,type:lambda-function|arch:aarch64|lambda:True|mem:1024,aws,0.1831060809325113,0.052691231465672596,4,aarch64,aarch64,False,,ml,ml_stage3_aws_1024Mb_arm_analysis.json,0,1.5981268838956648,2.0994284533979037,2,0,0,0.0,0,0.0,0,1.9608704319180907,0.0,0,0,3.8,0,0.0,0,0,0,1.4418786191313049,161.90229008197784,7.07253892,7.026435094667181,0.4262120268412749,"null, null, null, psutil",1024,0,1.5128772626779547,1.8730850219726562,2,0,0,0.0,0,0.0,0,0.33696239477537676,0.0,0,0,1.9,0,0.0,0,0,0,0.9830057474199573,146.62704384890267,6.33186079,6.440339792180427,0.2406678766171208,False,,100,type:lambda-function|arch:aarch64|lambda:True|mem:1024,False,,stage3,0,10.816057031475372,13.726093023426635,14.0,0.0,0,0.0,0,0.0,0,24.325538251323877,12,0.0,0,0,19.891666666666666,0,0.0,0,0,0,8.240708464469606,1068.4673398416412,47.04363360666666,47.0787686420688,2.3587367634276375,7
arm,0,1.4639199952243278,2.0536012495198066,2.0,0.0,0,0.0,0,0.0,0,3.6684169873870425,0.0,0,0,1.875,0,0.0,0,0,0,1.2852573080560206,166.66748693108906,7.1383903745833335,7.12592754083117,0.32955842981121525,,type:lambda-function|arch:aarch64|lambda:True|mem:1024,aws,0.21916032534875377,0.05974247914080736,4,aarch64,aarch64,False,,ml,ml_stage3_aws_1024Mb_arm_analysis.json,0,1.6598704551633385,2.280557347891065,2,0,0,0.0,0,0.0,0,2.0536012495198066,0.0,0,0,3.8,0,0.0,0,0,0,1.7498572304235696,182.3323353079492,7.5684813,7.615674950635213,0.4521379741056058,"null, null, null, psutil",1024,0,1.322777783005131,1.9067423907081549,2,0,0,0.0,0,0.0,0,0.32955842981121525,0.0,0,0,0.0,0,0.0,0,0,0,1.0490311101082903,158.24524588394254,6.80784817,6.796573156087516,0.23388459684277166,False,,100,type:lambda-function|arch:aarch64|lambda:True|mem:1024,False,,stage3,0,11.711359961794622,16.428809996158453,16.0,0.0,0,0.0,0,0.0,0,29.34733589909634,24,0.0,0,0,15.0,0,0.0,0,0,0,10.282058464448165,1333.3398954487125,57.10712299666667,57.00742032664936,2.636467438489722,8
arm,0,1.4659957694013857,2.044967403300108,2.0,0.0,0,0.0,0,0.0,0,3.688020542999776,0.0,0,0,1.8916666666666666,0,0.0,0,0,0,1.3332152684313683,164.94020315262847,7.008042716666666,6.9949915442877115,0.3098378712682997,,type:lambda-function|arch:aarch64|lambda:True|mem:1024,aws,0.245518786440211,0.0665719682354345,4,aarch64,aarch64,False,,ml,ml_stage3_aws_1024Mb_arm_analysis.json,0,1.5969527194576405,2.128732608810989,2,0,0,0.0,0,0.0,0,2.044967403300108,0.0,0,0,2.0,0,0.0,0,0,0,1.4797697665962153,173.88827042292291,7.20332138,7.206467010819695,0.4428474037255937,"null, null, null, psutil",1024,0,1.2918999469487618,1.9364204406738281,2,0,0,0.0,0,0.0,0,0.3098378712682997,0.0,0,0,1.8,0,0.0,0,0,0,1.1452496956981,153.82561985124374,6.81820882,6.82347636906618,0.22216799767088002,False,,100,type:lambda-function|arch:aarch64|lambda:True|mem:1024,False,,stage3,0,13.19396192461247,18.404706629700975,18.0,0.0,0,0.0,0,0.0,0,33.192184886997985,24,0.0,0,0,17.025,0,0.0,0,0,0,11.998937415882315,1484.4618283736563,63.072384449999994,62.954923898589406,2.7885408414146973,9
arm,0,1.452690008621519,2.206246519830555,2.0,0.0,0,0.0,0,0.0,0,4.027623426534363,0.0,0,0,1.9124999999999999,0,0.0,0,0,0,1.5813211067013402,165.91618519111248,7.37186273875,7.368995161301812,0.2400558000024672,,type:lambda-function|arch:aarch64|lambda:True|mem:1024,aws,0.29431328574539606,0.07307368504374873,4,aarch64,aarch64,False,,ml,ml_stage3_aws_1024Mb_arm_analysis.json,0,1.6587381507673835,2.382395018579644,2,0,0,0.0,0,0.0,0,2.206246519830555,0.0,0,0,2.0,0,0.0,0,0,0,1.9529183776221617,174.34056401158549,7.68561412,7.711952872119228,0.25796881985787073,"null, null, null, psutil",1024,0,1.3128238956446052,2.040402281431092,2,0,0,0.0,0,0.0,0,0.2400558000024672,0.0,0,0,1.8,0,0.0,0,0,0,1.4530275356668758,158.7225549642586,6.81155597,6.87713482145225,0.230634630532285,False,,100,type:lambda-function|arch:aarch64|lambda:True|mem:1024,False,,stage3,0,14.526900086215191,22.062465198305553,20.0,0.0,0,0.0,0,0.0,0,40.276234265343625,24,0.0,0,0,19.125,0,0.0,0,0,0,15.813211067013402,1659.1618519111248,73.71862738749999,73.68995161301812,2.400558000024672,10
arm,0,1.5144844871411973,2.177038545897752,2.0,0.0,0,0.0,0,0.0,0,4.061735248467229,0.0,0,0,1.9833333333333334,0,0.0,0,0,0,1.6499151776289913,168.3516760902169,7.2683946766666665,7.250101938257786,0.23478152494048543,,type:lambda-function|arch:aarch64|lambda:True|mem:1024,aws,0.34850033042731215,0.08580084843265579,4,aarch64,aarch64,False,,ml,ml_stage3_aws_1024Mb_arm_analysis.json,0,1.5998692512512207,2.375585536244079,2,0,0,0.0,0,0.0,0,2.177038545897752,0.0,0,0,2.1,0,0.0,0,0,0,1.7997707813670778,177.448267693769,7.66528797,7.720686640160056,0.25759181785887825,"null, null, null, psutil",1024,0,1.4466588780195175,2.0398712004595865,2,0,0,0.0,0,0.0,0,0.23478152494048543,0.0,0,0,1.9,0,0.0,0,0,0,1.4824366569519043,160.23464285065768,6.8267492,6.7969804373255,0.21574607448701755,False,,100,type:lambda-function|arch:aarch64|lambda:True|mem:1024,False,,stage3,0,18.17381384569437,26.124462550773025,24.0,0.0,0,0.0,0,0.0,0,48.74082298160674,12,0.0,0,0,23.8,0,0.0,0,0,0,19.798982131547895,2020.220113082603,87.22073612,87.00122325909344,2.817378299285825,12
arm,0,1.4191578286256357,2.4173342082560016,2.0,0.0,0,0.0,0,0.0,0,4.457417178630082,0.0,0,0,2.5555555555555554,0,0.0,0,0,0,1.7999769849774268,173.89897824652613,8.078453529444444,8.043036855458418,0.2401059853966537,,type:lambda-function|arch:aarch64|lambda:True|mem:1024,aws,0.515955813410161,0.11575219297035419,4,aarch64,aarch64,False,,ml,ml_stage3_aws_1024Mb_arm_analysis.json,0,1.630509239864838,2.570670052099445,2,0,0,0.0,0,0.0,0,2.4173342082560016,0.0,0,0,3.9,0,0.0,0,0,0,2.0102924983228077,179.4894152337907,8.37436225,8.402820970229326,0.2525951480531118,"null, null, null, psutil",1024,0,1.300303566448532,2.1966292868888075,2,0,0,0.0,0,0.0,0,0.2401059853966537,0.0,0,0,1.9,0,0.0,0,0,0,1.6845232765060976,167.0523125886917,7.76493443,7.760804041494617,0.22590254732210077,False,,100,type:lambda-function|arch:aarch64|lambda:True|mem:1024,False,,stage3,0,22.70652525801017,38.677347332096026,32.0,0.0,0,0.0,0,0.0,0,71.31867485808131,18,0.0,0,0,40.888888888888886,0,0.0,0,0,0,28.799631759638828,2782.383651944418,129.2552564711111,128.68858968733468,3.8416957663464593,16
arm,0,1.529357835318454,2.8165365337995913,2.0,0.0,0,0.0,0,0.0,0,7.106974259065024,0.0,0,0,1.94,0,0.0,0,0,0,3.890449866708857,198.01755192264216,10.546629661,10.530810122329818,0.3999878585565758,,type:lambda-function|arch:aarch64|lambda:True|mem:1024,aws,0.751451947217731,0.1057344405404657,4,aarch64,aarch64,False,,ml,ml_stage3_aws_1024Mb_arm_analysis.json,0,1.6139383362927415,4.480756219895619,2,0,0,0.0,0,0.0,0,3.890449866708857,0.0,0,0,2.0,0,0.0,0,0,0,9.894849128201171,292.890191298166,18.45024846,18.47988457554475,0.4624713815427822,"null, null, null, psutil",1024,0,1.3249188140387111,2.3195700645446777,2,0,0,0.0,0,0.0,0,0.3999878585565758,0.0,0,0,1.8,0,0.0,0,0,0,2.097208019344684,165.0089771693021,8.28564235,8.27673762688126,0.23294825557596768,False,,100,type:lambda-function|arch:aarch64|lambda:True|mem:1024,False,,stage3,0,30.58715670636908,56.33073067599183,40.0,0.0,0,0.0,0,0.0,0,142.13948518130047,20,0.0,0,0,38.8,0,0.0,0,0,0,77.80899733417714,3960.351038452843,210.93259322,210.61620244659636,7.999757171131517,20
arm,0,1.4771422378074126,2.794236199972648,2.0,0.0,0,0.0,0,0.0,0,6.998941287359789,0.0,0,0,2.5823529411764703,0,0.0,0,0,0,3.8245423819836533,191.85823638363024,10.482369305294117,10.509391597072863,0.38016270540348807,,type:lambda-function|arch:aarch64|lambda:True|mem:1024,aws,0.8946026617832429,0.12781971230404676,4,aarch64,aarch64,False,,ml,ml_stage3_aws_1024Mb_arm_analysis.json,0,1.6430527779556725,4.17259615384287,2,0,0,0.0,0,0.0,0,3.8245423819836533,0.0,0,0,3.9,0,0.0,0,0,0,7.932515396087464,249.5526164038294,16.03626943,16.104374296820907,0.44186329682916353,"null, null, null, psutil",1024,0,1.3352790898606268,2.384055057425905,2,0,0,0.0,0,0.0,0,0.38016270540348807,0.0,0,0,1.8,0,0.0,0,0,0,2.613063791154734,169.06722563830098,8.84304707,8.74691403116364,0.2478618621826172,False,,100,type:lambda-function|arch:aarch64|lambda:True|mem:1024,False,,stage3,0,35.4514137073779,67.06166879934355,48.0,0.0,0,0.0,0,0.0,0,167.97459089663494,17,0.0,0,0,61.97647058823529,0,0.0,0,0,0,91.78901716760768,4604.597673207126,251.57686332705882,252.2253983297487,9.123904929683714,24
arm,0,1.508645415333703,2.8069901274443056,2.0,0.0,0,0.0,0,0.0,0,6.499106256991054,0.0,0,0,2.205,0,0.0,0,0,0,3.2501512053520876,201.0150742579079,9.752064681499998,9.836405201641607,0.44196492419466094,,type:lambda-function|arch:aarch64|lambda:True|mem:1024,aws,1.048466952402997,0.16132479004711867,4,aarch64,aarch64,False,,ml,ml_stage3_aws_1024Mb_arm_analysis.json,0,1.6529165868034803,3.0070994886483193,2,0,0,0.0,0,0.0,0,3.2501512053520876,0.0,0,0,3.9,0,0.0,0,0,0,4.307407855987549,211.4663310861331,11.14348404,11.00394582748413,0.4821517798601176,"null, null, null, psutil",1024,0,1.311657895177815,2.609933067931247,2,0,0,0.0,0,0.0,0,0.44196492419466094,0.0,0,0,1.8,0,0.0,0,0,0,2.810324600624456,185.1115843669259,8.98175864,8.947880344095202,0.405410350798647,False,,100,type:lambda-function|arch:aarch64|lambda:True|mem:1024,False,,stage3,0,42.242071629343684,78.59572356844056,56.0,0.0,0,0.0,0,0.0,0,181.9749751957495,20,0.0,0,0,61.74,0,0.0,0,0,0,91.00423374985846,5628.422079221422,273.05781108199994,275.419345645965,12.375017877450507,28
x86,0,0.44696089354428375,7.065859707919034e-06,8.0,4.0,0,0.0,0,0.0,0,0.0006706552072004838,11.561136363636363,0,0,63.00454545454545,0,36.544756522727276,0,0,0,0.0005190480839122425,429.18386739149685,3.2689860143181817,3.268986013802615,0.00014454126358032227,,type:unknown|arch:Unknown|lambda:False|mem:unknown,NA,4.7115152532404125e-07,0.0007025242185038258,4,x86_64,Intel(R) Core(TM) i7-10510U CPU @ 1.80GHz,False,,video,video_stage2_local_1024_x86_analysis.json,0,0.8157479763031006,1.2636184692382812e-05,8,4,0,0.0,0,0.0,0,0.0005190480839122425,15.51,0,0,97.5,0,47.81372,0,0,0,0.0038437843322753906,536.1663198083638,3.34315228,3.3431522846221924,0.00027108192443847656,"perf, rapl, null, psutil",1024,0,0.2602200508117676,4.0531158447265625e-06,8,4,0,0.0,0,0.0,0,7.065859707919034e-06,6.47,0,0,51.9,0,22.492435,0,0,0,0.0002796649932861328,287.9378620058298,2.34500957,2.3450095653533936,8.749961853027344e-05,False,,220,type:unknown|arch:Unknown|lambda:False|mem:unknown,False,,stage2,0,1.787843574177135,2.8263438831676137e-05,32.0,16.0,0,0.0,0,0.0,0,0.002682620828801935,11,46.24454545454545,0,0,252.0181818181818,0,146.1790260909091,0,0,0,0.00207619233564897,1716.7354695659874,13.075944057272727,13.07594405521046,0.0005781650543212891,4
x86,0,0.49431183554909447,7.386641068892045e-06,8.0,4.0,0,0.0,0,0.0,0,0.0006517800417813388,12.682181818181817,0,0,65.50545454545455,0,39.91729765454546,0,0,0,0.0004885153336958452,460.62797933518885,3.3355453014545455,3.335545301437378,0.00015587806701660155,,type:unknown|arch:Unknown|lambda:False|mem:unknown,NA,6.15676533092152e-07,0.0009446078333566112,4,x86_64,Intel(R) Core(TM) i7-10510U CPU @ 1.80GHz,False,,video,video_stage2_local_1024_x86_analysis.json,0,1.1510801315307617,1.9073486328125e-05,8,4,0,0.0,0,0.0,0,0.0004885153336958452,18.6,0,0,100.0,0,60.26718,0,0,0,0.0014963150024414062,808.987428252697,3.91245174,3.91245174407959,0.0004374980926513672,"perf, rapl, null, psutil",1024,0,0.2742881774902344,4.0531158447265625e-06,8,4,0,0.0,0,0.0,0,7.386641068892045e-06,9.74,0,0,52.0,0,33.783425,0,0,0,0.00028204917907714844,262.513651227355,2.66572213,2.665722131729126,8.940696716308594e-05,False,,220,type:unknown|arch:Unknown|lambda:False|mem:unknown,False,,stage2,0,2.471559177745472,3.693320534446023e-05,40.0,20.0,0,0.0,0,0.0,0,0.0032589002089066944,11,63.41090909090909,0,0,327.52727272727276,0,199.58648827272728,0,0,0,0.002442576668479226,2303.1398966759443,16.677726507272727,16.67772650718689,0.0007793903350830078,5
x86,0,0.5433464014168942,7.423487576571378e-06,8.0,4.0,0,0.0,0,0.0,0,0.0006691253546512488,13.351969696969697,0,0,67.33030303030303,0,41.88206427272727,0,0,0,0.0005027669848817768,464.835424318115,3.257252653333333,3.25725265343984,0.0001589348821929007,,type:unknown|arch:Unknown|lambda:False|mem:unknown,NA,7.424972274086692e-07,0.001109653403876262,4,x86_64,Intel(R) Core(TM) i7-10510U CPU @ 1.80GHz,False,,video,video_stage2_local_1024_x86_analysis.json,0,1.1345796585083008,1.5020370483398438e-05,8,4,0,0.0,0,0.0,0,0.0005027669848817768,19.59,0,0,100.0,0,59.321013,0,0,0,0.0020139217376708984,675.6360165596009,3.86298466,3.8629846572875977,0.00034809112548828125,"perf, rapl, null, psutil",1024,0,0.28151845932006836,3.5762786865234375e-06,8,4,0,0.0,0,0.0,0,7.423487576571378e-06,6.81,0,0,52.0,0,23.083131,0,0,0,0.0002655982971191406,275.4961735892296,2.27887774,2.2788777351379395,8.368492126464844e-05,False,,220,type:unknown|arch:Unknown|lambda:False|mem:unknown,False,,stage2,0,3.260078408501365,4.4540925459428266e-05,48.0,24.0,0,0.0,0,0.0,0,0.004014752127907493,11,80.11181818181818,0,0,403.9818181818182,0,251.29238563636363,0,0,0,0.003016601909290661,2789.01254590869,19.543515919999997,19.543515920639038,0.0009536092931574042,6
x86,0,0.7556131257639302,8.403480827034293e-06,8.0,4.0,0,0.0,0,0.0,0,0.0007219748063520951,13.126493506493507,0,0,69.95714285714286,0,42.14814746753247,0,0,0,0.0005341628929237266,474.85357832593576,3.2957641858441558,3.2957641861655493,0.00017940843260133422,,type:unknown|arch:Unknown|lambda:False|mem:unknown,NA,9.806021777066317e-07,0.001358222155508856,4,x86_64,Intel(R) Core(TM) i7-10510U CPU @ 1.80GHz,False,,video,video_stage2_local_1024_x86_analysis.json,0,1.6226322650909424,1.811981201171875e-05,8,4,0,0.0,0,0.0,0,0.0005341628929237266,15.66,0,0,100.0,0,49.078304,0,0,0,0.0011746883392333984,831.4685775250197,3.92449141,3.9244914054870605,0.0004391670227050781,"perf, rapl, null, psutil",1024,0,0.33119678497314453,4.0531158447265625e-06,8,4,0,0.0,0,0.0,0,8.403480827034293e-06,9.42,0,0,54.5,0,32.977699,0,0,0,0.00029468536376953125,248.40021550655365,2.33766437,2.3376643657684326,9.036064147949219e-05,False,,220,type:unknown|arch:Unknown|lambda:False|mem:unknown,False,,stage2,0,5.289291880347512,5.882436578924005e-05,56.0,28.0,0,0.0,0,0.0,0,0.005053823644464666,11,91.88545454545455,0,0,489.7,0,295.0370322727273,0,0,0,0.0037391402504660864,3323.9750482815502,23.07034930090909,23.070349303158846,0.0012558590282093396,7
x86,0,0.7890511046756398,8.252533999356357e-06,8.0,4.0,0,0.0,0,0.0,0,0.0007373148744756526,12.828295454545456,0,0,73.66931818181818,0,41.34206630681818,0,0,0,0.0005506575107574463,471.027414406836,3.252003843068182,3.2520038431340996,0.00017840482971884987,,type:unknown|arch:Unknown|lambda:False|mem:unknown,NA,1.100557934154164e-06,0.001492656627789904,4,x86_64,Intel(R) Core(TM) i7-10510U CPU @ 1.80GHz,False,,video,video_stage2_local_1024_x86_analysis.json,0,1.531576156616211,1.8358230590820312e-05,8,4,0,0.0,0,0.0,0,0.0005506575107574463,16.57,0,0,100.0,0,50.836785,0,0,0,0.0020668506622314453,784.305031427145,3.92785883,3.927858829498291,0.00043892860412597656,"perf, rapl, null, psutil",1024,0,0.33925461769104004,4.291534423828125e-06,8,4,0,0.0,0,0.0,0,8.252533999356357e-06,6.83,0,0,52.6,0,23.511536,0,0,0,0.0003058910369873047,250.94727919340136,2.3799336,2.3799335956573486,9.560585021972656e-05,False,,220,type:unknown|arch:Unknown|lambda:False|mem:unknown,False,,stage2,0,6.312408837405118,6.602027199485086e-05,64.0,32.0,0,0.0,0,0.0,0,0.0058985189958052206,11,102.62636363636365,0,0,589.3545454545455,0,330.73653045454546,0,0,0,0.00440526008605957,3768.219315254688,26.016030744545457,26.016030745072797,0.001427238637750799,8
x86,0,1.0101892370166201,8.058066319937658e-06,8.0,4.0,0,0.0,0,0.0,0,0.0007369397866605508,13.131818181818181,0,0,73.17777777777778,0,42.06666101010101,0,0,0,0.0005569891496138139,463.721928194099,3.247090700909091,3.247090700900916,0.00017189257072679925,,type:unknown|arch:Unknown|lambda:False|mem:unknown,NA,1.2089516899802468e-06,0.0016405026731676712,4,x86_64,Intel(R) Core(TM) i7-10510U CPU @ 1.80GHz,False,,video,video_stage2_local_1024_x86_analysis.json,0,5.280777931213379,2.1696090698242188e-05,8,4,0,0.0,0,0.0,0,0.0005569891496138139,18.08,0,0,100.0,0,57.595371,0,0,0,0.005037546157836914,802.2860075783731,3.94640589,3.9464058876037598,0.0005202293395996094,"perf, rapl, null, psutil",1024,0,0.29906654357910156,4.0531158447265625e-06,8,4,0,0.0,0,0.0,0,8.058066319937658e-06,6.51,0,0,51.9,0,22.601628,0,0,0,0.00029277801513671875,234.10498268008234,2.27922583,2.2792258262634277,8.940696716308594e-05,False,,220,type:unknown|arch:Unknown|lambda:False|mem:unknown,False,,stage2,0,9.091703133149581,7.252259687943892e-05,72.0,36.0,0,0.0,0,0.0,0,0.006632458079944957,11,118.18636363636362,0,0,658.6,0,378.5999490909091,0,0,0,0.0050129023465243245,4173.497353746891,29.223816308181817,29.223816308108244,0.0015470331365411932,9
x86,0,1.4135157173330133,7.66190615567294e-06,8.0,4.0,0,0.0,0,0.0,0,0.0006900332190773704,12.82590909090909,0,0,72.61636363636364,0,41.155161854545455,0,0,0,0.0005211418325250799,443.8761243789196,3.236703759909091,3.2367037599736994,0.00016122948039661754,,type:unknown|arch:Unknown|lambda:False|mem:unknown,NA,1.277239756150679e-06,0.0018509829973960537,4,x86_64,Intel(R) Core(TM) i7-10510U CPU @ 1.80GHz,False,,video,video_stage2_local_1024_x86_analysis.json,0,5.334534168243408,2.5272369384765625e-05,8,4,0,0.0,0,0.0,0,0.0005211418325250799,16.38,0,0,100.0,0,50.789664,0,0,0,0.0036242008209228516,770.091683986783,3.91600251,3.9160025119781494,0.00038123130798339844,"perf, rapl, null, psutil",1024,0,0.3043701648712158,4.0531158447265625e-06,8,4,0,0.0,0,0.0,0,7.66190615567294e-06,5.94,0,0,51.3,0,20.715953,0,0,0,0.00026607513427734375,249.13927493155006,2.32285309,2.3228530883789062,8.535385131835938e-05,False,,220,type:unknown|arch:Unknown|lambda:False|mem:unknown,False,,stage2,0,14.135157173330132,7.661906155672939e-05,80.0,40.0,0,0.0,0,0.0,0,0.0069003321907737045,11,128.2590909090909,0,0,726.1636363636364,0,411.5516185454545,0,0,0,0.005211418325250799,4438.761243789196,32.367037599090914,32.367037599736996,0.0016122948039661755,10
x86,0,2.0298306598807825,8.498177383885238e-06,8.0,4.0,0,0.0,0,0.0,0,0.0007450183232625326,12.444090909090908,0,0,80.19015151515151,0,40.20069597727273,0,0,0,0.0005514404990456321,505.8736283868551,3.2362951544696967,3.2362951546004326,0.0001850796468330152,,type:unknown|arch:Unknown|lambda:False|mem:unknown,NA,1.6999754038724031e-06,0.0022817900591061823,4,x86_64,Intel(R) Core(TM) i7-10510U CPU @ 1.80GHz,False,,video,video_stage2_local_1024_x86_analysis.json,0,6.468691110610962,1.8835067749023438e-05,8,4,0,0.0,0,0.0,0,0.0005514404990456321,17.5,0,0,100.0,0,57.899512,0,0,0,0.0012161731719970703,825.7392395454644,3.92149425,3.921494245529175,0.0005776882171630859,"perf, rapl, null, psutil",1024,0,0.3243694305419922,4.0531158447265625e-06,8,4,0,0.0,0,0.0,0,8.498177383885238e-06,6.13,0,0,50.6,0,21.358465,0,0,0,0.00028204917907714844,237.33618837118146,2.31875706,2.3187570571899414,9.012222290039062e-05,False,,220,type:unknown|arch:Unknown|lambda:False|mem:unknown,False,,stage2,0,24.35796791856939,0.00010197812860662286,96.0,48.0,0,0.0,0,0.0,0,0.00894021987915039,11,149.3290909090909,0,0,962.2818181818182,0,482.40835172727276,0,0,0,0.0066172859885475855,6070.483540642261,38.83554185363636,38.83554185520519,0.0022209557619961824,12
x86,0,2.8597278757528826,9.594993157820268e-06,8.0,4.0,0,0.0,0,0.0,0,0.0008491819555109197,13.412784090909092,0,0,80.87159090909091,0,43.30351374431818,0,0,0,0.0006313391707160256,508.6515275707841,3.2313063457954545,3.2313063456253572,0.00020824779163707387,,type:unknown|arch:Unknown|lambda:False|mem:unknown,NA,2.559176575053822e-06,0.0030136963679522196,4,x86_64,Intel(R) Core(TM) i7-10510U CPU @ 1.80GHz,False,,video,video_stage2_local_1024_x86_analysis.json,0,5.956155061721802,0.0002486705780029297,8,4,0,0.0,0,0.0,0,0.0006313391707160256,19.47,0,0,100.0,0,64.38399,0,0,0,0.005985260009765625,835.5691691100596,3.92613173,3.9261317253112793,0.005115032196044922,"perf, rapl, null, psutil",1024,0,0.3973531723022461,4.291534423828125e-06,8,4,0,0.0,0,0.0,0,9.594993157820268e-06,8.59,0,0,55.7,0,29.065903,0,0,0,0.0002903938293457031,248.83451344668867,2.2982614,2.2982614040374756,9.250640869140625e-05,False,,220,type:unknown|arch:Unknown|lambda:False|mem:unknown,False,,stage2,0,45.75564601204612,0.00015351989052512428,128.0,64.0,0,0.0,0,0.0,0,0.013586911288174715,11,214.60454545454547,0,0,1293.9454545454546,0,692.8562199090909,0,0,0,0.01010142673145641,8138.424441132545,51.70090153272727,51.700901530005716,0.003331964666193182,16
x86,0,3.775456677783619,7.754022424871271e-06,8.0,4.0,0,0.0,0,0.0,0,0.0006702639839865945,13.039954545454545,0,0,83.22999999999999,0,42.03081712727273,0,0,0,0.0005019718950445001,471.21045437812813,3.2126127427727273,3.212612742727453,0.00016053806651722302,,type:unknown|arch:Unknown|lambda:False|mem:unknown,NA,2.5851910764520823e-06,0.0038569744730664016,4,x86_64,Intel(R) Core(TM) i7-10510U CPU @ 1.80GHz,False,,video,video_stage2_local_1024_x86_analysis.json,0,9.00637936592102,4.38690185546875e-05,8,4,0,0.0,0,0.0,0,0.0005019718950445001,20.16,0,0,100.0,0,66.850109,0,0,0,0.00446772575378418,842.427971380949,3.86674285,3.8667428493499756,0.00027060508728027344,"perf, rapl, null, psutil",1024,0,0.3311030864715576,3.814697265625e-06,8,4,0,0.0,0,0.0,0,7.754022424871271e-06,8.2,0,0,52.9,0,26.61944,0,0,0,0.00026702880859375,257.28852561116213,2.29961348,2.2996134757995605,8.606910705566406e-05,False,,220,type:unknown|arch:Unknown|lambda:False|mem:unknown,False,,stage2,0,75.50913355567238,0.00015508044849742544,160.0,80.0,0,0.0,0,0.0,0,0.01340527967973189,11,260.7990909090909,0,0,1664.6,0,840.6163425454545,0,0,0,0.010039437900890003,9424.209087562562,64.25225485545455,64.25225485454905,0.0032107613303444605,20
x86,0,4.798120801195954,7.953607674800988e-06,8.0,4.0,0,0.0,0,0.0,0,0.0006914039452870687,13.19965909090909,0,0,84.49621212121212,0,42.63956451136364,0,0,0,0.0005123398520729759,485.021426747938,3.2522066345454546,3.2522066343914378,0.00017111048553929186,,type:unknown|arch:Unknown|lambda:False|mem:unknown,NA,3.18207935853438e-06,0.004602344809029388,4,x86_64,Intel(R) Core(TM) i7-10510U CPU @ 1.80GHz,False,,video,video_stage2_local_1024_x86_analysis.json,0,9.811647891998291,2.1696090698242188e-05,8,4,0,0.0,0,0.0,0,0.0005123398520729759,17.09,0,0,100.0,0,56.051676,0,0,0,0.0009887218475341797,741.7371818971634,3.8708756,3.870875597000122,0.0007529258728027344,"perf, rapl, null, psutil",1024,0,0.3436453342437744,4.291534423828125e-06,8,4,0,0.0,0,0.0,0,7.953607674800988e-06,8.35,0,0,55.3,0,27.00115,0,0,0,0.00028705596923828125,263.0883323472738,2.31314421,2.3131442070007324,9.274482727050781e-05,False,,220,type:unknown|arch:Unknown|lambda:False|mem:unknown,False,,stage2,0,115.1548992287029,0.00019088658419522372,192.0,96.0,0,0.0,0,0.0,0,0.01659369468688965,11,316.79181818181814,0,0,2027.909090909091,0,1023.3495482727274,0,0,0,0.012296156449751421,11640.514241950512,78.0529592290909,78.0529592253945,0.004106651652943005,24
x86,0,5.885882557986618,8.751819660137226e-06,8.0,4.0,0,0.0,0,0.0,0,0.0008234528752116415,12.916818181818183,0,0,83.88571428571429,0,41.76530831493506,0,0,0,0.0006251907967901849,502.32093332805806,3.282408876850649,3.2824088768525557,0.00018951025876131925,,type:unknown|arch:Unknown|lambda:False|mem:unknown,NA,4.084999344565653e-06,0.00496081739166402,4,x86_64,Intel(R) Core(TM) i7-10510U CPU @ 1.80GHz,False,,video,video_stage2_local_1024_x86_analysis.json,0,15.991606712341309,4.76837158203125e-05,8,4,0,0.0,0,0.0,0,0.0006251907967901849,18.52,0,0,100.0,0,60.626124,0,0,0,0.012781620025634766,863.231342689991,4.01306963,4.0130696296691895,0.001352548599243164,"perf, rapl, null, psutil",1024,0,0.38065528869628906,4.0531158447265625e-06,8,4,0,0.0,0,0.0,0,8.751819660137226e-06,7.12,0,0,49.3,0,24.946045,0,0,0,0.0002853870391845703,238.20140153765675,2.28595996,2.2859599590301514,8.916854858398438e-05,False,,220,type:unknown|arch:Unknown|lambda:False|mem:unknown,False,,stage2,0,164.8047116236253,0.00024505095048384237,224.0,112.0,0,0.0,0,0.0,0,0.02305668050592596,11,361.6709090909091,0,0,2348.8,0,1169.4286328181818,0,0,0,0.017505342310125176,14064.986133185626,91.90744855181818,91.90744855187155,0.005306287245316939,28
arm,0,2.445144334283279,3.90792308527689,2.0,0.0,0,0.0,0,0.0,0,6.517580280518355,0.0,0,0,1.19375,0,0.0,0,0,0,1.991745641784149,125.36318374025956,11.802167439375,11.81925696896035,0.6179115534573157,,type:lambda-function|arch:aarch64|lambda:True|mem:512,aws,0.10426338791518741,0.015997254107761472,4,aarch64,aarch64,False,,ml,ml_stage3_aws_512Mb_arm_analysis.json,0,2.5805139950621983,4.73148502467536,2,0,0,0.0,0,0.0,0,3.90792308527689,0.0,0,0,3.6,0,0.0,0,0,0,4.428513465680018,132.24840731956033,15.37292147,15.728379647567454,0.8269579410552979,"null, null, null, psutil",512,0,2.3345278404809746,3.6378233432769775,2,0,0,0.0,0,0.0,0,0.6179115534573157,0.0,0,0,0.0,0,0.0,0,0,0,1.334208935823107,117.5525698629301,10.77062273,10.770622730255127,0.41959190368652344,False,,100,type:lambda-function|arch:aarch64|lambda:True|mem:512,False,,stage3,0,9.780577337133115,15.63169234110756,8.0,0.0,0,0.0,0,0.0,0,26.07032112207342,16,0.0,0,0,4.775,0,0.0,0,0,0,7.966982567136596,501.45273496103823,47.2086697575,47.2770278758414,2.471646213829263,4
arm,0,2.154146438716873,4.021372438874367,2.0,0.0,0,0.0,0,0.0,0,6.67671787905428,0.0,0,0,1.71875,0,0.0,0,0,0,1.9780014001270831,136.78742597168164,12.128220654375,12.071684671840714,0.67734404005283,,type:lambda-function|arch:aarch64|lambda:True|mem:512,aws,0.13411277083646012,0.02008663137575261,4,aarch64,aarch64,False,,ml,ml_stage3_aws_512Mb_arm_analysis.json,0,2.603999200395787,4.746605436029741,2,0,0,0.0,0,0.0,0,4.021372438874367,0.0,0,0,2.1,0,0.0,0,0,0,5.035197159111862,148.0042592525482,16.06710319,15.83606243133545,0.8693557918007098,"null, null, null, psutil",512,0,1.9520030774011141,3.793997821501153,2,0,0,0.0,0,0.0,0,0.67734404005283,0.0,0,0,0.0,0,0.0,0,0,0,1.377802181319094,120.26785553693773,10.97422097,10.945621179795886,0.43407154083251953,False,,100,type:lambda-function|arch:aarch64|lambda:True|mem:512,False,,stage3,0,10.770732193584365,20.106862194371832,10.0,0.0,0,0.0,0,0.0,0,33.3835893952714,16,0.0,0,0,8.59375,0,0.0,0,0,0,9.890007000635416,683.9371298584082,60.641103271875,60.35842335920357,3.38672020026415,5
arm,0,2.1385492542734754,4.116115017614776,2.0,0.0,0,0.0,0,0.0,0,7.074904969198629,0.0,0,0,1.6937499999999999,0,0.0,0,0,0,2.1863668887630014,138.00656522422796,12.530709455625,12.587873136317949,0.772423062820851,,type:lambda-function|arch:aarch64|lambda:True|mem:512,aws,0.16472692300494332,0.02328327005409966,4,aarch64,aarch64,False,,ml,ml_stage3_aws_512Mb_arm_analysis.json,0,2.5047083255747777,5.203279404217306,2,0,0,0.0,0,0.0,0,4.116115017614776,0.0,0,0,2.0,0,0.0,0,0,0,6.267036717252463,172.6474791110161,17.31988811,17.3198881149292,0.863998423465727,"null, null, null, psutil",512,0,1.969063584758756,3.830940455001455,2,0,0,0.0,0,0.0,0,0.772423062820851,0.0,0,0,0.0,0,0.0,0,0,0,1.49474201682709,116.75357954182786,11.23050793,11.272239208221436,0.4333366887017318,False,,100,type:lambda-function|arch:aarch64|lambda:True|mem:512,False,,stage3,0,12.831295525640853,24.696690105688656,12.0,0.0,0,0.0,0,0.0,0,42.44942981519178,16,0.0,0,0,10.1625,0,0.0,0,0,0,13.118201332578009,828.0393913453677,75.18425673375,75.52723881790769,4.634538376925106,6
arm,0,2.177895284651712,4.337741551875755,2.0,0.0,0,0.0,0,0.0,0,7.355515816350161,0.0,0,0,1.23125,0,0.0,0,0,0,2.331089169833754,142.49482682389177,12.708761059375,12.831883446661138,0.6866850946406513,,type:lambda-function|arch:aarch64|lambda:True|mem:512,aws,0.202529153057079,0.027534323644154004,4,aarch64,aarch64,False,,ml,ml_stage3_aws_512Mb_arm_analysis.json,0,2.5256505377289407,6.129921457217939,2,0,0,0.0,0,0.0,0,4.337741551875755,0.0,0,0,2.0,0,0.0,0,0,0,7.032458543777466,176.5694164276123,19.40323257,19.54249562612234,0.892114060128367,"null, null, null, psutil",512,0,1.930318634195189,3.9181346893310547,2,0,0,0.0,0,0.0,0,0.6866850946406513,0.0,0,0,0.0,0,0.0,0,0,0,1.500848387672174,130.5165208725518,11.5168345,11.74651217200052,0.4225771427154541,False,,100,type:lambda-function|arch:aarch64|lambda:True|mem:512,False,,stage3,0,15.245266992561984,30.364190863130286,14.0,0.0,0,0.0,0,0.0,0,51.48861071445113,16,0.0,0,0,8.61875,0,0.0,0,0,0,16.31762418883628,997.4637877672424,88.961327415625,89.82318412662796,4.806795662484559,7
arm,0,2.2809343979416865,4.327051896667032,2.0,0.0,0,0.0,0,0.0,0,7.757472612518707,0.0,0,0,1.4125,0,0.0,0,0,0,2.761878569594397,141.12133806494876,13.158335176875,13.171102364900188,0.6685421462572781,,type:lambda-function|arch:aarch64|lambda:True|mem:512,aws,0.23089148920615282,0.029763751770589448,4,aarch64,aarch64,False,,ml,ml_stage3_aws_512Mb_arm_analysis.json,0,3.040847591066793,6.455399513244629,2,0,0,0.0,0,0.0,0,4.327051896667032,0.0,0,0,2.0,0,0.0,0,0,0,8.419802188873291,181.0689428488509,21.24922008,21.327658756170372,0.8627405166625977,"null, null, null, psutil",512,0,1.9707221984863281,3.89136845589928,2,0,0,0.0,0,0.0,0,0.6685421462572781,0.0,0,0,0.0,0,0.0,0,0,0,1.779473066329956,125.93625977957419,11.6686628,11.550880288877664,0.42858147621154785,False,,100,type:lambda-function|arch:aarch64|lambda:True|mem:512,False,,stage3,0,18.247475183533492,34.61641517333626,16.0,0.0,0,0.0,0,0.0,0,62.059780900149654,16,0.0,0,0,11.3,0,0.0,0,0,0,22.095028556755175,1128.97070451959,105.266681415,105.3688189192015,5.348337170058225,8
arm,0,2.264429568805804,4.522528209212869,2.0,0.0,0,0.0,0,0.0,0,8.024508454061543,0.0,0,0,1.3333333333333333,0,0.0,0,0,0,2.84884239809485,140.679625680625,13.457318441111111,13.42889152383657,0.653137846753825,,type:lambda-function|arch:aarch64|lambda:True|mem:512,aws,0.27148736839904847,0.033832273958367784,4,aarch64,aarch64,False,,ml,ml_stage3_aws_512Mb_arm_analysis.json,0,2.4875431060791016,7.913825703057745,2,0,0,0.0,0,0.0,0,4.522528209212869,0.0,0,0,2.1,0,0.0,0,0,0,9.689428567886353,209.16762863880112,23.80802859,23.329407453536987,0.8403737545013428,"null, null, null, psutil",512,0,2.0024678707122803,4.021471977233887,2,0,0,0.0,0,0.0,0,0.653137846753825,0.0,0,0,0.0,0,0.0,0,0,0,1.792435370772389,120.86327183246613,11.54963094,11.534408837274064,0.404685178974778,False,,100,type:lambda-function|arch:aarch64|lambda:True|mem:512,False,,stage3,0,20.379866119252235,40.702753882915815,18.0,0.0,0,0.0,0,0.0,0,72.22057608655389,18,0.0,0,0,12.0,0,0.0,0,0,0,25.639581582853648,1266.1166311256252,121.11586597,120.86002371452913,5.8782406207844256,9
arm,0,2.1701926361318944,4.837994617250214,2.0,0.0,0,0.0,0,0.0,0,8.620183834328362,0.0,0,0,1.45,0,0.0,0,0,0,3.2940663059075668,144.6557729399136,14.004720858125,14.068810850312529,0.48812291117058115,,type:lambda-function|arch:aarch64|lambda:True|mem:512,aws,0.32269424097058924,0.037434728443437176,4,aarch64,aarch64,False,,ml,ml_stage3_aws_512Mb_arm_analysis.json,0,2.4660794734954834,7.791164398193359,2,0,0,0.0,0,0.0,0,4.837994617250214,0.0,0,0,2.0,0,0.0,0,0,0,12.053782151007685,219.30823349952698,26.12101603,26.227318462971766,0.846466165584915,"null, null, null, psutil",512,0,1.9829142093658447,4.002581804188425,2,0,0,0.0,0,0.0,0,0.48812291117058115,0.0,0,0,0.0,0,0.0,0,0,0,1.8242254257439625,123.65931237874861,11.62294116,11.754121541976929,0.4144868490858897,False,,100,type:lambda-function|arch:aarch64|lambda:True|mem:512,False,,stage3,0,21.701926361318943,48.37994617250214,20.0,0.0,0,0.0,0,0.0,0,86.20183834328361,16,0.0,0,0,14.5,0,0.0,0,0,0,32.94066305907567,1446.557729399136,140.04720858125,140.68810850312528,4.881229111705812,10
arm,0,2.2680626987978014,4.926812018006565,2.0,0.0,0,0.0,0,0.0,0,9.311727141644214,0.0,0,0,1.4833333333333334,0,0.0,0,0,0,3.8222434911470904,147.6715585509154,14.624647261666667,14.58965981391216,0.5626716324905573,,type:lambda-function|arch:aarch64|lambda:True|mem:512,aws,0.39434203392124545,0.04234896791140453,4,aarch64,aarch64,False,,ml,ml_stage3_aws_512Mb_arm_analysis.json,0,2.484499870206884,9.537765741348267,2,0,0,0.0,0,0.0,0,4.926812018006565,0.0,0,0,3.6,0,0.0,0,0,0,14.496276140213013,254.71402507742812,30.41804099,30.798554750263666,0.8284256458282471,"null, null, null, psutil",512,0,1.994216036267,4.016017794906167,2,0,0,0.0,0,0.0,0,0.5626716324905573,0.0,0,0,0.0,0,0.0,0,0,0,2.063443899154663,124.07527195215226,11.92557611,11.865732989321598,0.4156695686193357,False,,100,type:lambda-function|arch:aarch64|lambda:True|mem:512,False,,stage3,0,27.216752385573617,59.12174421607878,24.0,0.0,0,0.0,0,0.0,0,111.74072569973058,18,0.0,0,0,17.8,0,0.0,0,0,0,45.86692189376508,1772.0587026109847,175.49576714,175.0759177669459,6.752059589886688,12
arm,0,2.3266147238829356,4.616627676484479,2.0,0.0,0,0.0,0,0.0,0,7.806819709499975,0.0,0,0,1.475,0,0.0,0,0,0,2.684363325197367,134.30996824435738,12.96010779125,13.043427500694682,0.5058287078181287,,type:lambda-function|arch:aarch64|lambda:True|mem:512,aws,0.4926865056344236,0.06310975838661709,4,aarch64,aarch64,False,,ml,ml_stage3_aws_512Mb_arm_analysis.json,0,2.4411237306104963,5.061662673950195,2,0,0,0.0,0,0.0,0,4.616627676484479,0.0,0,0,2.0,0,0.0,0,0,0,3.014685916225551,148.6624199185942,13.81559522,13.806501388549805,0.7964902646477506,"null, null, null, psutil",512,0,2.0674911217073992,4.379434480041944,2,0,0,0.0,0,0.0,0,0.5058287078181287,0.0,0,0,0.0,0,0.0,0,0,0,2.4464648897661383,124.028326378236,11.98601711,12.103413383080415,0.4273294216653925,False,,100,type:lambda-function|arch:aarch64|lambda:True|mem:512,False,,stage3,0,37.22583558212697,73.86604282375167,32.0,0.0,0,0.0,0,0.0,0,124.9091153519996,16,0.0,0,0,23.6,0,0.0,0,0,0,42.94981320315787,2148.959491909718,207.36172466,208.6948400111149,8.09325932509006,16
arm,0,2.2997793702645324,5.110511788484234,2.0,0.0,0,0.0,0,0.0,0,9.059623904157679,0.0,0,0,0.9550000000000001,0,0.0,0,0,0,3.2554246637975055,152.35095024739098,14.370958375999999,14.520810711214875,0.6936874518759384,,type:lambda-function|arch:aarch64|lambda:True|mem:512,aws,0.6817422725837968,0.07525061523480339,4,aarch64,aarch64,False,,ml,ml_stage3_aws_512Mb_arm_analysis.json,0,2.7879645747529094,5.460274934768677,2,0,0,0.0,0,0.0,0,5.110511788484234,0.0,0,0,2.1,0,0.0,0,0,0,3.8074179197795877,163.95612246990203,15.3230021,15.775695432058926,0.9615774154663086,"null, null, null, psutil",512,0,1.9154770623577833,4.900748809793169,2,0,0,0.0,0,0.0,0,0.6936874518759384,0.0,0,0,0.0,0,0.0,0,0,0,2.8359655729014963,140.80388650135833,13.46565368,13.527320633095949,0.4392876353903042,False,,100,type:lambda-function|arch:aarch64|lambda:True|mem:512,False,,stage3,0,45.99558740529065,102.21023576968469,40.0,0.0,0,0.0,0,0.0,0,181.19247808315356,20,0.0,0,0,19.1,0,0.0,0,0,0,65.10849327595011,3047.0190049478197,287.41916752,290.4162142242975,13.873749037518767,20
arm,0,2.1795784001153886,5.4536299044518985,2.0,0.0,0,0.0,0,0.0,0,9.467602597511826,0.0,0,0,0.91875,0,0.0,0,0,0,3.4168282318713565,158.25768674303703,14.85816755,14.897104107803827,0.5971444611885721,,type:lambda-function|arch:aarch64|lambda:True|mem:512,aws,0.87301707510466,0.09221099704101406,4,aarch64,aarch64,False,,ml,ml_stage3_aws_512Mb_arm_analysis.json,0,2.4791720672720756,6.008874295137308,2,0,0,0.0,0,0.0,0,5.4536299044518985,0.0,0,0,1.9,0,0.0,0,0,0,3.595473527908325,164.32424935500705,16.00639143,16.240806348880604,0.8533041865025459,"null, null, null, psutil",512,0,1.9820413227896083,5.038587579257113,2,0,0,0.0,0,0.0,0,0.5971444611885721,0.0,0,0,0.0,0,0.0,0,0,0,3.260258674621582,147.4916678719637,14.33421969,14.334219694137573,0.433935690734842,False,,100,type:lambda-function|arch:aarch64|lambda:True|mem:512,False,,stage3,0,52.30988160276932,130.88711770684557,48.0,0.0,0,0.0,0,0.0,0,227.2224623402838,16,0.0,0,0,22.049999999999997,0,0.0,0,0,0,82.00387756491256,3798.1844818328887,356.5960212,357.53049858729185,14.33146706852573,24
arm,0,2.428540846371023,5.490081299742169,2.0,0.0,0,0.0,0,0.0,0,10.594255205970702,0.0,0,0,0.9375,0,0.0,0,0,0,4.255301794226011,157.83891031378607,15.625125695,15.701604728499657,0.8488721120025233,,type:lambda-function|arch:aarch64|lambda:True|mem:512,aws,1.0253275835398472,0.09678146916472183,4,aarch64,aarch64,False,,ml,ml_stage3_aws_512Mb_arm_analysis.json,0,2.562864065170288,6.009928367059517,2,0,0,0.0,0,0.0,0,5.490081299742169,0.0,0,0,1.9,0,0.0,0,0,0,4.619510787527977,169.76725100445555,16.59408538,16.708248074767596,0.9241304397583008,"null, null, null, psutil",512,0,2.297643884482297,5.028918654616981,2,0,0,0.0,0,0.0,0,0.8488721120025233,0.0,0,0,0.0,0,0.0,0,0,0,3.5147714614868164,150.3882252285319,14.78696561,14.786965608596802,0.7869773767393147,False,,100,type:lambda-function|arch:aarch64|lambda:True|mem:512,False,,stage3,0,67.99914369838865,153.7222763927807,56.0,0.0,0,0.0,0,0.0,0,296.6391457671797,16,0.0,0,0,26.25,0,0.0,0,0,0,119.14845023832832,4419.48948878601,437.50351946,439.6449323979904,23.768419136070655,28
x86,0,0.38745591857216577,5.9387900612571025e-06,8.0,4.0,0,0.0,0,0.0,0,0.0004986849698153409,10.600909090909092,0,0,57.89772727272727,0,33.8078955,0,0,0,0.0003715916113419966,387.1356831052899,3.1905966947727276,3.1905966942960564,0.00012115456841208719,,type:unknown|arch:Unknown|lambda:False|mem:unknown,NA,1.9799926064231182e-07,0.00039704276773296256,4,x86_64,Intel(R) Core(TM) i7-10510U CPU @ 1.80GHz,False,,video,video_stage2_local_512_x86_analysis.json,0,0.5063068866729736,9.5367431640625e-06,8,4,0,0.0,0,0.0,0,0.0003715916113419966,12.84,0,0,62.7,0,39.318869,0,0,0,0.00048422813415527344,459.7871179640292,3.33473396,3.3347339630126953,0.00016355514526367188,"perf, rapl, null, psutil",512,0,0.2592432498931885,4.0531158447265625e-06,8,4,0,0.0,0,0.0,0,5.9387900612571025e-06,8.27,0,0,53.0,0,28.073416,0,0,0,0.0002856254577636719,266.72463574409494,2.26198864,2.261988639831543,8.869171142578125e-05,False,,220,type:unknown|arch:Unknown|lambda:False|mem:unknown,False,,stage2,0,1.549823674288663,2.375516024502841e-05,32.0,16.0,0,0.0,0,0.0,0,0.0019947398792613635,11,42.403636363636366,0,0,231.5909090909091,0,135.231582,0,0,0,0.0014863664453679864,1548.5427324211596,12.76238677909091,12.762386777184226,0.00048461827364834875,4
x86,0,0.5029748223044656,6.628036499023438e-06,8.0,4.0,0,0.0,0,0.0,0,0.0005656199021772905,12.794181818181817,0,0,67.28727272727274,0,39.88769981818182,0,0,0,0.0004216974431818182,419.20587263929843,3.2200281485454547,3.2200281489979137,0.00013729442249644887,,type:unknown|arch:Unknown|lambda:False|mem:unknown,NA,2.762234210968018e-07,0.0004883552011403959,4,x86_64,Intel(R) Core(TM) i7-10510U CPU @ 1.80GHz,False,,video,video_stage2_local_512_x86_analysis.json,0,0.8387336730957031,1.0967254638671875e-05,8,4,0,0.0,0,0.0,0,0.0004216974431818182,17.83,0,0,100.0,0,54.401595,0,0,0,0.0006794929504394531,562.4080497783422,3.37402725,3.3740272521972656,0.0002562999725341797,"perf, rapl, null, psutil",512,0,0.2633538246154785,4.0531158447265625e-06,8,4,0,0.0,0,0.0,0,6.628036499023438e-06,7.5,0,0,54.5,0,25.384031,0,0,0,0.0002760887145996094,264.28700078845026,2.29147267,2.2914726734161377,9.1552734375e-05,False,,220,type:unknown|arch:Unknown|lambda:False|mem:unknown,False,,stage2,0,2.5148741115223276,3.314018249511719e-05,40.0,20.0,0,0.0,0,0.0,0,0.0028280995108864527,11,63.97090909090909,0,0,336.4363636363637,0,199.43849909090912,0,0,0,0.002108487215909091,2096.0293631964923,16.100140742727273,16.100140744989567,0.0006864721124822444,5
x86,0,0.5224082469940186,6.4373016357421875e-06,8.0,4.0,0,0.0,0,0.0,0,0.0005625197381684275,13.561666666666667,0,0,58.56666666666667,0,42.68975357575758,0,0,0,0.00042101108666622275,440.066114672025,3.2518320522727273,3.251832051710649,0.00013507134986646247,,type:unknown|arch:Unknown|lambda:False|mem:unknown,NA,3.2192945480346687e-07,0.0005722989487474233,4,x86_64,Intel(R) Core(TM) i7-10510U CPU @ 1.80GHz,False,,video,video_stage2_local_512_x86_analysis.json,0,0.748032808303833,8.58306884765625e-06,8,4,0,0.0,0,0.0,0,0.00042101108666622275,16.51,0,0,67.3,0,51.576284,0,0,0,0.0006787776947021484,567.0342899835109,3.39197397,3.3919739723205566,0.00018262863159179688,"perf, rapl, null, psutil",512,0,0.2965874671936035,3.814697265625e-06,8,4,0,0.0,0,0.0,0,6.4373016357421875e-06,9.89,0,0,50.0,0,32.166544,0,0,0,0.0002808570861816406,272.81695296049116,2.32195306,2.321953058242798,8.678436279296875e-05,False,,220,type:unknown|arch:Unknown|lambda:False|mem:unknown,False,,stage2,0,3.1344494819641113,3.8623809814453125e-05,48.0,24.0,0,0.0,0,0.0,0,0.003375118429010565,11,81.37,0,0,351.40000000000003,0,256.13852145454547,0,0,0,0.0025260665199973364,2640.39668803215,19.510992313636365,19.510992310263894,0.0008104280991987748,6
x86,0,0.6674634171770765,7.372397881049614e-06,8.0,4.0,0,0.0,0,0.0,0,0.0006619397695962484,13.58948051948052,0,0,66.97662337662338,0,43.415754064935065,0,0,0,0.0004942974486908356,462.46599100989954,3.2655519568831166,3.26555195721713,0.00016026992302436334,,type:unknown|arch:Unknown|lambda:False|mem:unknown,NA,4.301425543698398e-07,0.0006498212890762042,4,x86_64,Intel(R) Core(TM) i7-10510U CPU @ 1.80GHz,False,,video,video_stage2_local_512_x86_analysis.json,0,1.1188383102416992,1.4543533325195312e-05,8,4,0,0.0,0,0.0,0,0.0004942974486908356,16.1,0,0,97.6,0,52.793078,0,0,0,0.0023071765899658203,700.3139428412915,3.36687326,3.366873264312744,0.0007767677307128906,"perf, rapl, null, psutil",512,0,0.3364431858062744,4.0531158447265625e-06,8,4,0,0.0,0,0.0,0,7.372397881049614e-06,9.27,0,0,52.6,0,29.329515,0,0,0,0.0002903938293457031,272.90070866346355,2.37408185,2.37408185005188,9.179115295410156e-05,False,,220,type:unknown|arch:Unknown|lambda:False|mem:unknown,False,,stage2,0,4.672243920239535,5.16067851673473e-05,56.0,28.0,0,0.0,0,0.0,0,0.004633578387173739,11,95.12636363636365,0,0,468.83636363636367,0,303.91027845454545,0,0,0,0.003460082140835849,3237.261937069297,22.858863698181818,22.85886370051991,0.0011218894611705434,7
x86,0,0.7239115671678023,8.07101076299494e-06,8.0,4.0,0,0.0,0,0.0,0,0.0006751851602034135,13.396477272727275,0,0,69.99659090909091,0,42.754116,0,0,0,0.0005012425509366122,475.72128774121404,3.200172952613636,3.2001729526303033,0.00016587159850380638,,type:unknown|arch:Unknown|lambda:False|mem:unknown,NA,5.381749976765027e-07,0.0007970776453593357,4,x86_64,Intel(R) Core(TM) i7-10510U CPU @ 1.80GHz,False,,video,video_stage2_local_512_x86_analysis.json,0,1.0032060146331787,1.7642974853515625e-05,8,4,0,0.0,0,0.0,0,0.0005012425509366122,16.27,0,0,100.0,0,51.349783,0,0,0,0.0007197856903076172,671.7151827692985,3.38155055,3.3815505504608154,0.00028204917907714844,"perf, rapl, null, psutil",512,0,0.3605208396911621,4.291534423828125e-06,8,4,0,0.0,0,0.0,0,8.07101076299494e-06,9.49,0,0,52.0,0,29.455249,0,0,0,0.0002949237823486328,254.384514952898,2.30854654,2.308546543121338,9.489059448242188e-05,False,,220,type:unknown|arch:Unknown|lambda:False|mem:unknown,False,,stage2,0,5.791292537342418,6.456808610395952e-05,64.0,32.0,0,0.0,0,0.0,0,0.005401481281627308,11,107.1718181818182,0,0,559.9727272727273,0,342.032928,0,0,0,0.004009940407492898,3805.7703019297123,25.60138362090909,25.601383621042427,0.001326972788030451,8
x86,0,0.987047720437098,7.771482371320629e-06,8.0,4.0,0,0.0,0,0.0,0,0.0007507391650267322,13.847373737373738,0,0,64.65252525252525,0,43.85735325252526,0,0,0,0.0004984874918003275,489.3537846663926,3.2646260457575758,3.2646260454197122,0.00024448019085508406,,type:unknown|arch:Unknown|lambda:False|mem:unknown,NA,5.829777500846169e-07,0.0007765383467956654,4,x86_64,Intel(R) Core(TM) i7-10510U CPU @ 1.80GHz,False,,video,video_stage2_local_512_x86_analysis.json,0,4.3393754959106445,1.5974044799804688e-05,8,4,0,0.0,0,0.0,0,0.0004984874918003275,18.51,0,0,98.1,0,58.26871,0,0,0,0.0017008781433105469,689.7661525529624,3.36707759,3.367077589035034,0.007741451263427734,"perf, rapl, null, psutil",512,0,0.33912134170532227,4.291534423828125e-06,8,4,0,0.0,0,0.0,0,7.771482371320629e-06,6.96,0,0,50.0,0,23.368956,0,0,0,0.00028133392333984375,259.6652211284637,2.32969952,2.3296995162963867,9.131431579589844e-05,False,,220,type:unknown|arch:Unknown|lambda:False|mem:unknown,False,,stage2,0,8.883429483933881,6.994334134188566e-05,72.0,36.0,0,0.0,0,0.0,0,0.00675665248524059,11,124.62636363636365,0,0,581.8727272727273,0,394.71617927272735,0,0,0,0.004486387426202948,4404.184061997534,29.381634411818183,29.38163440877741,0.0022003217176957564,9
x86,0,1.343340119448575,7.495013150301847e-06,8.0,4.0,0,0.0,0,0.0,0,0.0006348566575483843,13.218,0,0,71.90545454545455,0,42.13733709090909,0,0,0,0.00047218366102738814,461.7111459479928,3.232020604,3.2320206035267223,0.00015517798337069425,,type:unknown|arch:Unknown|lambda:False|mem:unknown,NA,6.24709346077659e-07,0.0009840163738537278,4,x86_64,Intel(R) Core(TM) i7-10510U CPU @ 1.80GHz,False,,video,video_stage2_local_512_x86_analysis.json,0,4.513835191726685,1.33514404296875e-05,8,4,0,0.0,0,0.0,0,0.00047218366102738814,15.87,0,0,100.0,0,49.789118,0,0,0,0.000835418701171875,684.2102542519568,3.39151478,3.391514778137207,0.0002627372741699219,"perf, rapl, null, psutil",512,0,0.30539608001708984,3.5762786865234375e-06,8,4,0,0.0,0,0.0,0,7.495013150301847e-06,7.18,0,0,49.0,0,24.557556,0,0,0,0.0002467632293701172,266.18761979937557,2.31721735,2.3172173500061035,7.891654968261719e-05,False,,220,type:unknown|arch:Unknown|lambda:False|mem:unknown,False,,stage2,0,13.43340119448575,7.495013150301847e-05,80.0,40.0,0,0.0,0,0.0,0,0.006348566575483843,11,132.18,0,0,719.0545454545454,0,421.3733709090909,0,0,0,0.004721836610273882,4617.111459479928,32.32020604,32.32020603526722,0.0015517798337069426,10
x86,0,1.9302749995029334,7.57882089325876e-06,8.0,4.0,0,0.0,0,0.0,0,0.0006740093231201172,12.912424242424242,0,0,70.36136363636365,0,41.563027075757574,0,0,0,0.0004803213206204501,462.2850435131291,3.2540552449242424,3.2540552453561262,0.00018610918160640833,,type:unknown|arch:Unknown|lambda:False|mem:unknown,NA,7.580336657437412e-07,0.001124663472360678,4,x86_64,Intel(R) Core(TM) i7-10510U CPU @ 1.80GHz,False,,video,video_stage2_local_512_x86_analysis.json,0,5.075051307678223,1.8835067749023438e-05,8,4,0,0.0,0,0.0,0,0.0004803213206204501,15.7,0,0,100.0,0,49.810969,0,0,0,0.0007884502410888672,644.0042537480592,3.39334798,3.393347978591919,0.003158092498779297,"perf, rapl, null, psutil",512,0,0.3888230323791504,4.0531158447265625e-06,8,4,0,0.0,0,0.0,0,7.57882089325876e-06,7.74,0,0,50.0,0,26.209648,0,0,0,0.00028228759765625,247.23546965301034,2.31651139,2.316511392593384,8.797645568847656e-05,False,,220,type:unknown|arch:Unknown|lambda:False|mem:unknown,False,,stage2,0,23.1632999940352,9.094585071910512e-05,96.0,48.0,0,0.0,0,0.0,0,0.008088111877441406,11,154.9490909090909,0,0,844.3363636363638,0,498.7563249090909,0,0,0,0.005763855847445401,5547.420522157549,39.04866293909091,39.04866294427352,0.0022333101792769,12
x86,0,2.7362866713242098,7.259574803439054e-06,8.0,4.0,0,0.0,0,0.0,0,0.0006524988196112893,13.44380681818182,0,0,70.37386363636364,0,43.05082078409091,0,0,0,0.0004898296161131425,445.03113044649365,3.2267901694886363,3.2267901694232766,0.0001554096286947077,,type:unknown|arch:Unknown|lambda:False|mem:unknown,NA,9.681368957866323e-07,0.0014837373903042108,4,x86_64,Intel(R) Core(TM) i7-10510U CPU @ 1.80GHz,False,,video,video_stage2_local_512_x86_analysis.json,0,5.419963359832764,1.2874603271484375e-05,8,4,0,0.0,0,0.0,0,0.0004898296161131425,17.85,0,0,100.0,0,55.456158,0,0,0,0.0036852359771728516,655.8670547676088,3.38858294,3.388582944869995,0.0004456043243408203,"perf, rapl, null, psutil",512,0,0.34513401985168457,4.0531158447265625e-06,8,4,0,0.0,0,0.0,0,7.259574803439054e-06,8.86,0,0,46.0,0,28.647569,0,0,0,0.0002770423889160156,247.26478596389293,2.30742168,2.3074216842651367,9.107589721679688e-05,False,,220,type:unknown|arch:Unknown|lambda:False|mem:unknown,False,,stage2,0,43.780586741187356,0.00011615319685502486,128.0,64.0,0,0.0,0,0.0,0,0.010439981113780628,11,215.1009090909091,0,0,1125.9818181818182,0,688.8131325454546,0,0,0,0.00783727385781028,7120.498087143898,51.62864271181818,51.628642710772425,0.002486554059115323,16
x86,0,3.719227920879017,7.301027124578302e-06,8.0,4.0,0,0.0,0,0.0,0,0.0006300373510880904,13.2735,0,0,79.01045454545454,0,42.81280884090909,0,0,0,0.0004713361913507635,455.85130481588834,3.2750633409545453,3.2750633413141426,0.00015140013261274858,,type:unknown|arch:Unknown|lambda:False|mem:unknown,NA,1.217081221667203e-06,0.0019317604258942314,4,x86_64,Intel(R) Core(TM) i7-10510U CPU @ 1.80GHz,False,,video,video_stage2_local_512_x86_analysis.json,0,9.585739374160767,1.430511474609375e-05,8,4,0,0.0,0,0.0,0,0.0004713361913507635,17.83,0,0,100.0,0,60.699003,0,0,0,0.0023069381713867188,860.2930164337158,3.94331479,3.943314790725708,0.0002701282501220703,"perf, rapl, null, psutil",512,0,0.30167531967163086,3.814697265625e-06,8,4,0,0.0,0,0.0,0,7.301027124578302e-06,8.03,0,0,54.0,0,25.007078,0,0,0,0.00028586387634277344,255.64338609695432,2.3084991,2.3084990978240967,8.845329284667969e-05,False,,220,type:unknown|arch:Unknown|lambda:False|mem:unknown,False,,stage2,0,74.38455841758034,0.00014602054249156603,160.0,80.0,0,0.0,0,0.0,0,0.012600747021761808,11,265.47,0,0,1580.2090909090907,0,856.2561768181819,0,0,0,0.00942672382701527,9117.026096317766,65.5012668190909,65.50126682628286,0.0030280026522549715,20
x86,0,4.743979560606407,8.187510750510476e-06,8.0,4.0,0,0.0,0,0.0,0,0.0006978322159160266,13.274772727272728,0,0,79.0401515151515,0,42.73802620833333,0,0,0,0.000505505186138731,474.27050530247396,3.2287661182575755,3.228766118035172,0.0001841395190267852,,type:unknown|arch:Unknown|lambda:False|mem:unknown,NA,1.6378296505321158e-06,0.002347024991361539,4,x86_64,Intel(R) Core(TM) i7-10510U CPU @ 1.80GHz,False,,video,video_stage2_local_512_x86_analysis.json,0,9.857612371444702,2.9325485229492188e-05,8,4,0,0.0,0,0.0,0,0.000505505186138731,18.79,0,0,100.0,0,60.078886,0,0,0,0.0008003711700439453,735.7520729184151,3.40527344,3.4052734375,0.002622842788696289,"perf, rapl, null, psutil",512,0,0.3782367706298828,4.0531158447265625e-06,8,4,0,0.0,0,0.0,0,8.187510750510476e-06,8.48,0,0,51.3,0,27.875843,0,0,0,0.0002777576446533203,255.71463755667207,2.28607297,2.2860729694366455,9.226799011230469e-05,False,,220,type:unknown|arch:Unknown|lambda:False|mem:unknown,False,,stage2,0,113.85550945455377,0.00019650025801225144,192.0,96.0,0,0.0,0,0.0,0,0.01674797318198464,11,318.5945454545455,0,0,1896.9636363636362,0,1025.7126289999999,0,0,0,0.012132124467329544,11382.492127259375,77.49038683818182,77.49038683284414,0.004419348456642845,24
x86,0,5.739527264198699,7.96999250139509e-06,8.0,4.0,0,0.0,0,0.0,0,0.0007111345018659319,13.513928571428572,0,0,81.56396103896104,0,43.33160144155844,0,0,0,0.0005360354076732289,486.41997709001816,3.264600074253247,3.264600074136412,0.00016712910169130795,,type:unknown|arch:Unknown|lambda:False|mem:unknown,NA,1.8600368499755862e-06,0.002615590784999282,4,x86_64,Intel(R) Core(TM) i7-10510U CPU @ 1.80GHz,False,,video,video_stage2_local_512_x86_analysis.json,0,13.054101705551147,1.5974044799804688e-05,8,4,0,0.0,0,0.0,0,0.0005360354076732289,17.9,0,0,100.0,0,60.202421,0,0,0,0.006277799606323242,713.729912776947,3.40206218,3.402062177658081,0.0002777576446533203,"perf, rapl, null, psutil",512,0,0.32216930389404297,4.0531158447265625e-06,8,4,0,0.0,0,0.0,0,7.96999250139509e-06,8.09,0,0,49.3,0,26.039849,0,0,0,0.0002925395965576172,244.55782637000084,2.28954983,2.2895498275756836,9.036064147949219e-05,False,,220,type:unknown|arch:Unknown|lambda:False|mem:unknown,False,,stage2,0,160.70676339756358,0.0002231597900390625,224.0,112.0,0,0.0,0,0.0,0,0.019911766052246094,11,378.39,0,0,2283.7909090909093,0,1213.2848403636362,0,0,0,0.015008991414850409,13619.759358520509,91.40880207909092,91.40880207581954,0.004679614847356623,28
x86,0,0.41580878604542126,7.510185241699219e-06,8.0,4.0,0,0.0,0,0.0,0,0.0005554069172252308,11.628863636363636,0,0,63.01363636363636,0,36.38254040909091,0,0,0,0.00040971690958196467,407.38444813296195,3.147681290227273,3.1476812904531304,0.00013817982240156695,,type:unknown|arch:Unknown|lambda:False|mem:unknown,NA,5.00779151916504e-07,0.0009016437073170732,4,x86_64,Intel(R) Core(TM) i7-10510U CPU @ 1.80GHz,False,,video,video_stage1_local_1024_x86_analysis.json,0,0.6164267063140869,1.3828277587890625e-05,8,4,0,0.0,0,0.0,0,0.00040971690958196467,21.97,0,0,100.0,0,68.331736,0,0,0,0.0008573532104492188,584.0305762070418,3.3601265,3.360126495361328,0.0003409385681152344,"perf, rapl, null, psutil",1024,0,0.26453113555908203,4.76837158203125e-06,8,4,0,0.0,0,0.0,0,7.510185241699219e-06,7.62,0,0,51.3,0,25.606806,0,0,0,0.00026869773864746094,253.49144743978974,2.28601623,2.2860162258148193,8.749961853027344e-05,False,,220,type:unknown|arch:Unknown|lambda:False|mem:unknown,False,,stage1,0,1.663235144181685,3.0040740966796875e-05,32.0,16.0,0,0.0,0,0.0,0,0.0022216276689009233,11,46.515454545454546,0,0,252.05454545454543,0,145.53016163636363,0,0,0,0.0016388676383278587,1629.5377925318478,12.590725160909091,12.590725161812522,0.0005527192896062678,4
x86,0,0.46168668920343575,7.755106145685368e-06,8.0,4.0,0,0.0,0,0.0,0,0.0005823785608465022,11.857999999999999,0,0,63.981818181818184,0,37.59588063636364,0,0,0,0.00043038888411088425,428.8784650294781,3.206090029272727,3.2060900298031894,0.00014423457058993254,,type:unknown|arch:Unknown|lambda:False|mem:unknown,NA,6.463880972428756e-07,0.0011099105301941986,4,x86_64,Intel(R) Core(TM) i7-10510U CPU @ 1.80GHz,False,,video,video_stage1_local_1024_x86_analysis.json,0,0.6101701259613037,1.5020370483398438e-05,8,4,0,0.0,0,0.0,0,0.00043038888411088425,15.69,0,0,91.0,0,50.191585,0,0,0,0.0008218288421630859,597.5818878114223,3.36492968,3.364929676055908,0.0003323554992675781,"perf, rapl, null, psutil",1024,0,0.2857828140258789,4.5299530029296875e-06,8,4,0,0.0,0,0.0,0,7.755106145685368e-06,7.79,0,0,55.0,0,26.367488,0,0,0,0.0002789497375488281,257.9207195663452,2.30742478,2.307424783706665,8.7738037109375e-05,False,,220,type:unknown|arch:Unknown|lambda:False|mem:unknown,False,,stage1,0,2.3084334460171787,3.8775530728426844e-05,40.0,20.0,0,0.0,0,0.0,0,0.002911892804232511,11,59.28999999999999,0,0,319.90909090909093,0,187.97940318181818,0,0,0,0.0021519444205544214,2144.3923251473907,16.030450146363634,16.030450149015948,0.0007211728529496627,5
x86,0,0.5373228318763502,7.708867390950521e-06,8.0,4.0,0,0.0,0,0.0,0,0.0006159074378736091,13.879393939393939,0,0,63.17727272727272,0,43.03998239393939,0,0,0,0.000465573686541933,401.6929913642009,3.167015906060606,3.167015906536218,0.00014262488394072562,,type:unknown|arch:Unknown|lambda:False|mem:unknown,NA,7.710409164428712e-07,0.001251877910591327,4,x86_64,Intel(R) Core(TM) i7-10510U CPU @ 1.80GHz,False,,video,video_stage1_local_1024_x86_analysis.json,0,0.962040901184082,1.8358230590820312e-05,8,4,0,0.0,0,0.0,0,0.000465573686541933,18.59,0,0,100.0,0,56.947546,0,0,0,0.0034456253051757812,648.1916580158471,3.41258025,3.4125802516937256,0.0003898143768310547,"perf, rapl, null, psutil",1024,0,0.31673240661621094,4.291534423828125e-06,8,4,0,0.0,0,0.0,0,7.708867390950521e-06,7.41,0,0,53.8,0,25.489924,0,0,0,0.00026869773864746094,249.6397194516659,2.28021812,2.2802181243896484,8.559226989746094e-05,False,,220,type:unknown|arch:Unknown|lambda:False|mem:unknown,False,,stage1,0,3.2239369912581015,4.6253204345703125e-05,48.0,24.0,0,0.0,0,0.0,0,0.0036954446272416544,11,83.27636363636364,0,0,379.0636363636363,0,258.2398943636363,0,0,0,0.002793442119251598,2410.1579481852054,19.002095436363636,19.002095439217307,0.0008557493036443537,6
x86,0,0.5551716135693835,8.471600421063312e-06,8.0,4.0,0,0.0,0,0.0,0,0.0007651657253116757,15.236883116883117,0,0,65.84285714285714,0,47.228742363636364,0,0,0,0.0005435293371027166,470.23627118885514,3.2786249683116884,3.2786249680952593,0.0002131647877878957,,type:unknown|arch:Unknown|lambda:False|mem:unknown,NA,9.88551053133878e-07,0.0012919437194226263,4,x86_64,Intel(R) Core(TM) i7-10510U CPU @ 1.80GHz,False,,video,video_stage1_local_1024_x86_analysis.json,0,0.8797397613525391,2.2649765014648438e-05,8,4,0,0.0,0,0.0,0,0.0005435293371027166,22.51,0,0,96.7,0,69.040899,0,0,0,0.0045320987701416016,837.7044599729776,3.93108535,3.9310853481292725,0.004232168197631836,"perf, rapl, null, psutil",1024,0,0.28734564781188965,4.76837158203125e-06,8,4,0,0.0,0,0.0,0,8.471600421063312e-06,9.99,0,0,51.3,0,33.908236,0,0,0,0.00027561187744140625,249.12619326949118,2.26818585,2.26818585395813,8.58306884765625e-05,False,,220,type:unknown|arch:Unknown|lambda:False|mem:unknown,False,,stage1,0,3.8862012949856846,5.930120294744319e-05,56.0,28.0,0,0.0,0,0.0,0,0.00535616007718173,11,106.65818181818182,0,0,460.9,0,330.60119654545457,0,0,0,0.003804705359719016,3291.653898321986,22.950374778181818,22.950374776666816,0.0014921535145152698,7
x86,0,0.6619069576263428,8.56139443137429e-06,8.0,4.0,0,0.0,0,0.0,0,0.000634854490106756,14.623863636363637,0,0,64.91704545454546,0,46.19249284090909,0,0,0,0.0004703267054124312,459.21102212786667,3.241724456022727,3.241724455898458,0.00015596639026295054,,type:unknown|arch:Unknown|lambda:False|mem:unknown,NA,1.1417475613680753e-06,0.0017984397671600009,4,x86_64,Intel(R) Core(TM) i7-10510U CPU @ 1.80GHz,False,,video,video_stage1_local_1024_x86_analysis.json,0,1.1368722915649414,1.9311904907226562e-05,8,4,0,0.0,0,0.0,0,0.0004703267054124312,19.02,0,0,94.1,0,60.085846,0,0,0,0.0011219978332519531,726.5017832612992,3.8702383,3.8702383041381836,0.0004241466522216797,"perf, rapl, null, psutil",1024,0,0.3010866641998291,4.5299530029296875e-06,8,4,0,0.0,0,0.0,0,8.56139443137429e-06,6.97,0,0,49.0,0,24.338866,0,0,0,0.0002834796905517578,240.59419187307358,2.29022884,2.290228843688965,8.940696716308594e-05,False,,220,type:unknown|arch:Unknown|lambda:False|mem:unknown,False,,stage1,0,5.295255661010742,6.849115545099431e-05,64.0,32.0,0,0.0,0,0.0,0,0.005078835920854048,11,116.9909090909091,0,0,519.3363636363637,0,369.5399427272727,0,0,0,0.0037626136432994495,3673.6881770229334,25.933795648181817,25.933795647187665,0.0012477311221036043,8
x86,0,1.0712881136422205,8.400040443497475e-06,8.0,4.0,0,0.0,0,0.0,0,0.0006101540844849866,13.94828282828283,0,0,68.77070707070708,0,44.34637136363636,0,0,0,0.00045343601342403525,444.65920564512413,3.2664466746464647,3.266446674712981,0.00014831803061745384,,type:unknown|arch:Unknown|lambda:False|mem:unknown,NA,1.2602580677379263e-06,0.0020654750984772535,4,x86_64,Intel(R) Core(TM) i7-10510U CPU @ 1.80GHz,False,,video,video_stage1_local_1024_x86_analysis.json,0,5.158034086227417,2.2172927856445312e-05,8,4,0,0.0,0,0.0,0,0.00045343601342403525,23.13,0,0,100.0,0,72.910884,0,0,0,0.001138448715209961,792.8696086120605,3.95097423,3.950974225997925,0.0004062652587890625,"perf, rapl, null, psutil",1024,0,0.3410153388977051,4.291534423828125e-06,8,4,0,0.0,0,0.0,0,8.400040443497475e-06,6.09,0,0,51.9,0,21.093756,0,0,0,0.0002713203430175781,229.95688253819944,2.27420855,2.2742085456848145,8.440017700195312e-05,False,,220,type:unknown|arch:Unknown|lambda:False|mem:unknown,False,,stage1,0,9.641593022779984,7.560036399147727e-05,72.0,36.0,0,0.0,0,0.0,0,0.00549138676036488,11,125.53454545454547,0,0,618.9363636363637,0,399.1173422727272,0,0,0,0.0040809241208163176,4001.932850806117,29.39802007181818,29.398020072416827,0.0013348622755570846,9
x86,0,1.3938721483403986,9.80333848433061e-06,8.0,4.0,0,0.0,0,0.0,0,0.0007233858108520508,13.520272727272728,0,0,71.76636363636364,0,43.11294945454545,0,0,0,0.000535351579839533,496.09968748581406,3.2624357940000004,3.262435793876648,0.00017823089252818713,,type:unknown|arch:Unknown|lambda:False|mem:unknown,NA,1.6342165253379129e-06,0.0022591216206093766,4,x86_64,Intel(R) Core(TM) i7-10510U CPU @ 1.80GHz,False,,video,video_stage1_local_1024_x86_analysis.json,0,5.016158103942871,6.818771362304688e-05,8,4,0,0.0,0,0.0,0,0.000535351579839533,22.15,0,0,100.0,0,70.693301,0,0,0,0.0015158653259277344,813.9046089488268,3.8931973,3.8931972980499268,0.00042319297790527344,"perf, rapl, null, psutil",1024,0,0.3472578525543213,4.5299530029296875e-06,8,4,0,0.0,0,0.0,0,9.80333848433061e-06,6.67,0,0,50.0,0,22.61597,0,0,0,0.0002739429473876953,244.8781110370159,2.27986097,2.2798609733581543,8.702278137207031e-05,False,,220,type:unknown|arch:Unknown|lambda:False|mem:unknown,False,,stage1,0,13.938721483403986,9.803338484330611e-05,80.0,40.0,0,0.0,0,0.0,0,0.007233858108520508,11,135.2027272727273,0,0,717.6636363636363,0,431.1294945454545,0,0,0,0.00535351579839533,4960.9968748581405,32.62435794,32.62435793876648,0.0017823089252818713,10
x86,0,1.8343745397798943,8.53430141102184e-06,8.0,4.0,0,0.0,0,0.0,0,0.0006629734328298857,13.456515151515152,0,0,76.2189393939394,0,42.73225641666667,0,0,0,0.0004861806378220067,469.77661636705204,3.22003070719697,3.220030706940275,0.00016825849359685725,,type:unknown|arch:Unknown|lambda:False|mem:unknown,NA,1.7072016542608089e-06,0.002575067973649654,4,x86_64,Intel(R) Core(TM) i7-10510U CPU @ 1.80GHz,False,,video,video_stage1_local_1024_x86_analysis.json,0,5.824364900588989,2.1696090698242188e-05,8,4,0,0.0,0,0.0,0,0.0004861806378220067,21.13,0,0,100.0,0,68.068551,0,0,0,0.001313924789428711,805.583046579361,3.95436406,3.954364061355591,0.0014107227325439453,"perf, rapl, null, psutil",1024,0,0.29648661613464355,4.5299530029296875e-06,8,4,0,0.0,0,0.0,0,8.53430141102184e-06,6.49,0,0,56.2,0,21.672492,0,0,0,0.00027370452880859375,253.96378858387467,2.30641222,2.3064122200012207,8.845329284667969e-05,False,,220,type:unknown|arch:Unknown|lambda:False|mem:unknown,False,,stage1,0,22.012494477358732,0.00010241161693226208,96.0,48.0,0,0.0,0,0.0,0,0.00795568119395863,11,161.47818181818184,0,0,914.6272727272727,0,512.7870770000001,0,0,0,0.00583416765386408,5637.319396404624,38.64036848636364,38.640368483283304,0.0020191019231622868,12
x86,0,2.642026959495111,8.447603745893998e-06,8.0,4.0,0,0.0,0,0.0,0,0.0006730258464813231,13.889318181818181,0,0,78.40454545454546,0,44.483199732954546,0,0,0,0.0005030659112063321,480.10743617247783,3.2491832457954546,3.2491832456805487,0.0001615123315290971,,type:unknown|arch:Unknown|lambda:False|mem:unknown,NA,2.2531448711048473e-06,0.0033477835701030147,4,x86_64,Intel(R) Core(TM) i7-10510U CPU @ 1.80GHz,False,,video,video_stage1_local_1024_x86_analysis.json,0,5.891753196716309,1.9311904907226562e-05,8,4,0,0.0,0,0.0,0,0.0005030659112063321,21.56,0,0,100.0,0,67.433725,0,0,0,0.004105567932128906,861.0638659214974,3.92275286,3.922752857208252,0.0004801750183105469,"perf, rapl, null, psutil",1024,0,0.30107808113098145,4.5299530029296875e-06,8,4,0,0.0,0,0.0,0,8.447603745893998e-06,8.95,0,0,56.4,0,28.899159,0,0,0,0.00027441978454589844,239.86544778048992,2.29662704,2.2966270446777344,8.821487426757812e-05,False,,220,type:unknown|arch:Unknown|lambda:False|mem:unknown,False,,stage1,0,42.272431351921774,0.00013516165993430397,128.0,64.0,0,0.0,0,0.0,0,0.01076841354370117,11,222.2290909090909,0,0,1254.4727272727273,0,711.7311957272727,0,0,0,0.008049054579301313,7681.718978759645,51.98693193272727,51.98693193088878,0.0025841973044655538,16
x86,0,3.686647114970467,8.192929354580967e-06,8.0,4.0,0,0.0,0,0.0,0,0.0006494944745844061,13.74159090909091,0,0,78.88181818181818,0,44.03497525909091,0,0,0,0.0004849813201210716,469.34645214378827,3.252061629090909,3.252061629295349,0.00015632022510875354,,type:unknown|arch:Unknown|lambda:False|mem:unknown,NA,2.7315226468172947e-06,0.004205613371176286,4,x86_64,Intel(R) Core(TM) i7-10510U CPU @ 1.80GHz,False,,video,video_stage1_local_1024_x86_analysis.json,0,9.44916296005249,2.4318695068359375e-05,8,4,0,0.0,0,0.0,0,0.0004849813201210716,19.21,0,0,100.0,0,58.483555,0,0,0,0.006836891174316406,831.776219147444,3.89919615,3.899196147918701,0.0008444786071777344,"perf, rapl, null, psutil",1024,0,0.30031514167785645,4.291534423828125e-06,8,4,0,0.0,0,0.0,0,8.192929354580967e-06,7.61,0,0,53.8,0,26.1441,0,0,0,0.0002789497375488281,243.43398869276052,2.28952289,2.289522886276245,8.678436279296875e-05,False,,220,type:unknown|arch:Unknown|lambda:False|mem:unknown,False,,stage1,0,73.73294229940934,0.00016385858709161934,160.0,80.0,0,0.0,0,0.0,0,0.012989889491688122,11,274.8318181818182,0,0,1577.6363636363635,0,880.6995051818183,0,0,0,0.009699626402421432,9386.929042875765,65.04123258181818,65.04123258590698,0.003126404502175071,20
x86,0,4.548204339814909,8.62280527750651e-06,8.0,4.0,0,0.0,0,0.0,0,0.0007119070399891245,13.590227272727274,0,0,78.5939393939394,0,43.4625064810606,0,0,0,0.0005444866238218365,473.0186911397676,3.233422178901515,3.233422179113735,0.0001587976108897816,,type:unknown|arch:Unknown|lambda:False|mem:unknown,NA,3.449811935424805e-06,0.004845874168455345,4,x86_64,Intel(R) Core(TM) i7-10510U CPU @ 1.80GHz,False,,video,video_stage1_local_1024_x86_analysis.json,0,10.079921245574951,3.933906555175781e-05,8,4,0,0.0,0,0.0,0,0.0005444866238218365,20.25,0,0,100.0,0,62.364036,0,0,0,0.014639616012573242,807.0643254053592,3.89073229,3.8907322883605957,0.00035858154296875,"perf, rapl, null, psutil",1024,0,0.3375520706176758,4.5299530029296875e-06,8,4,0,0.0,0,0.0,0,8.62280527750651e-06,9.05,0,0,54.0,0,27.928519,0,0,0,0.00028133392333984375,261.16107568144804,2.29377317,2.2937731742858887,8.916854858398438e-05,False,,220,type:unknown|arch:Unknown|lambda:False|mem:unknown,False,,stage1,0,109.15690415555781,0.00020694732666015625,192.0,96.0,0,0.0,0,0.0,0,0.01708576895973899,11,326.16545454545457,0,0,1886.2545454545455,0,1043.1001555454545,0,0,0,0.013067678971724075,11352.448587354422,77.60213229363636,77.60213229872964,0.0038111426613547583,24
x86,0,5.704106236433054,8.799813010475852e-06,8.0,4.0,0,0.0,0,0.0,0,0.0006887564411411039,13.693571428571428,0,0,80.32532467532468,0,43.73483068831169,0,0,0,0.0005071658592719537,474.04531130684273,3.2636082518831167,3.263608252073263,0.0001727907688586743,,type:unknown|arch:Unknown|lambda:False|mem:unknown,NA,4.107400720769709e-06,0.005963502445022123,4,x86_64,Intel(R) Core(TM) i7-10510U CPU @ 1.80GHz,False,,video,video_stage1_local_1024_x86_analysis.json,0,16.394377946853638,2.3365020751953125e-05,8,4,0,0.0,0,0.0,0,0.0005071658592719537,42.39,0,0,100.0,0,126.523967,0,0,0,0.004711627960205078,868.6818159341813,4.03346252,4.0334625244140625,0.0016274452209472656,"perf, rapl, null, psutil",1024,0,0.3025789260864258,4.0531158447265625e-06,8,4,0,0.0,0,0.0,0,8.799813010475852e-06,6.38,0,0,52.8,0,21.575445,0,0,0,0.00026726722717285156,248.2223753994703,2.29530883,2.295308828353882,8.58306884765625e-05,False,,220,type:unknown|arch:Unknown|lambda:False|mem:unknown,False,,stage1,0,159.7149746201255,0.0002463947642933239,224.0,112.0,0,0.0,0,0.0,0,0.01928518035195091,11,383.41999999999996,0,0,2249.109090909091,0,1224.5752592727272,0,0,0,0.014200644059614704,13273.268716591596,91.38103105272727,91.38103105805138,0.00483814152804288,28
arm,0,9.309551328420639,177.8520145714283,2.0,0.0,0,0.0,0,0.0,0,188.42604330182076,0.0,0,0,0.25,0,0.0,0,0,0,2.4183299839496613,1953.611021208763,191.29424792375,191.29424792528152,8.155698746442795,,type:lambda-function|arch:aarch64|lambda:True|mem:512,aws,4.745091748765707,0.02518278081743202,4,aarch64,aarch64,False,,video,video_stage0_aws_512Mb_arm_analysis.json,0,65.69584369659424,179.28141379356384,2,0,0,0.0,0,0.0,0,177.8520145714283,0.0,0,0,2.0,0,0.0,0,0,0,3.1168372631073,1987.601204931736,192.65447545,192.65447545051575,8.846730947494507,"null, null, null, psutil",512,0,0.9875667095184326,176.9174964427948,2,0,0,0.0,0,0.0,0,2.4183299839496613,0.0,0,0,0.0,0,0.0,0,0,0,2.033658266067505,1903.16730260849,190.20943761,190.20943760871887,7.687729120254517,False,,100,type:lambda-function|arch:aarch64|lambda:True|mem:512,False,,stage0,0,37.238205313682556,711.4080582857132,8.0,0.0,0,0.0,0,0.0,0,753.704173207283,8,0.0,0,0,1.0,0,0.0,0,0,0,9.673319935798645,7814.444084835052,765.176991695,765.1769917011261,32.62279498577118,4
arm,0,10.513052804129464,177.73809695243835,2.0,0.0,0,0.0,0,0.0,0,188.16352564947945,0.0,0,0,0.8142857142857143,0,0.0,0,0,0,2.6373089381626675,1944.9035392999651,190.80942031285713,190.80942031315394,7.788119758878436,,type:lambda-function|arch:aarch64|lambda:True|mem:512,aws,5.927565533363818,0.031502202740429024,4,aarch64,aarch64,False,,video,video_stage0_aws_512Mb_arm_analysis.json,0,65.00988292694092,180.7030897140503,2,0,0,0.0,0,0.0,0,177.73809695243835,0.0,0,0,2.0,0,0.0,0,0,0,2.885573625564575,1981.094264602661,194.2249279,194.22492790222168,8.405643224716187,"null, null, null, psutil",512,0,1.0511322021484375,173.89907240867615,2,0,0,0.0,0,0.0,0,2.6373089381626675,0.0,0,0,0.0,0,0.0,0,0,0,2.320300817489624,1898.4381307125095,187.03823948,187.03823947906494,7.054765462875366,False,,100,type:lambda-function|arch:aarch64|lambda:True|mem:512,False,,stage0,0,52.56526402064732,888.6904847621918,10.0,0.0,0,0.0,0,0.0,0,940.8176282473972,7,0.0,0,0,4.071428571428571,0,0.0,0,0,0,13.186544690813339,9724.517696499826,954.0471015642856,954.0471015657697,38.94059879439218,5
arm,0,1.1730770383562361,177.63486187798637,2.0,0.0,0,0.0,0,0.0,0,188.12532312529427,0.0,0,0,0.5571428571428572,0,0.0,0,0,0,2.356745481491089,1942.4012917552677,191.10855903285713,191.10855902944292,8.133715765816826,,type:lambda-function|arch:aarch64|lambda:True|mem:512,aws,7.108947172357014,0.03778835860190044,4,aarch64,aarch64,False,,video,video_stage0_aws_512Mb_arm_analysis.json,0,1.5796520709991455,178.34300565719604,2,0,0,0.0,0,0.0,0,177.63486187798637,0.0,0,0,2.0,0,0.0,0,0,0,2.5189921855926514,1958.5720872044565,192.6172998,192.61729979515076,8.99704122543335,"null, null, null, psutil",512,0,0.8908920288085938,175.79565501213074,2,0,0,0.0,0,0.0,0,2.356745481491089,0.0,0,0,0.0,0,0.0,0,0,0,2.1751410961151123,1910.1219038009644,188.18935013,188.18935012817383,7.120088815689087,False,,100,type:lambda-function|arch:aarch64|lambda:True|mem:512,False,,stage0,0,7.038462230137417,1065.8091712679181,12.0,0.0,0,0.0,0,0.0,0,1128.7519387517657,7,0.0,0,0,3.342857142857143,0,0.0,0,0,0,14.140472888946533,11654.407750531605,1146.6513541971428,1146.6513541766576,48.80229459490096,6
arm,0,1.275398075580597,177.14331576228142,2.0,0.0,0,0.0,0,0.0,0,187.57953742146492,0.0,0,0,0.6875,0,0.0,0,0,0,2.324823647737503,1931.6527582094072,190.42816907,190.42816907167435,8.111398011446,,type:lambda-function|arch:aarch64|lambda:True|mem:512,aws,8.270821412940919,0.04409234358200566,4,aarch64,aarch64,False,,video,video_stage0_aws_512Mb_arm_analysis.json,0,1.4991142749786377,178.4836916923523,2,0,0,0.0,0,0.0,0,177.14331576228142,0.0,0,0,1.9,0,0.0,0,0,0,2.7941958904266357,1945.9359440803528,192.64073467,192.6407346725464,8.888234376907349,"null, null, null, psutil",512,0,0.9579057693481445,176.15665459632874,2,0,0,0.0,0,0.0,0,2.324823647737503,0.0,0,0,0.0,0,0.0,0,0,0,1.9216516017913818,1913.1982860088353,189.16972041,189.16972041130066,7.686026334762573,False,,100,type:lambda-function|arch:aarch64|lambda:True|mem:512,False,,stage0,0,8.927786529064178,1240.00321033597,14.0,0.0,0,0.0,0,0.0,0,1313.0567619502544,8,0.0,0,0,4.8125,0,0.0,0,0,0,16.27376553416252,13521.56930746585,1332.99718349,1332.9971835017204,56.779786080121994,7
arm,0,1.250842660665512,176.49733811616898,2.0,0.0,0,0.0,0,0.0,0,186.7889103293419,0.0,0,0,0.225,0,0.0,0,0,0,2.2741900980472565,1919.4284212425353,189.57373076625,189.57373076677322,8.017382115125656,,type:lambda-function|arch:aarch64|lambda:True|mem:512,aws,9.417897961878776,0.050420005905454215,4,aarch64,aarch64,False,,video,video_stage0_aws_512Mb_arm_analysis.json,0,1.4547183513641357,177.8821506500244,2,0,0,0.0,0,0.0,0,176.49733811616898,0.0,0,0,1.8,0,0.0,0,0,0,2.6822822093963623,1950.2881320476529,191.45927262,191.45927262306213,8.510440111160278,"null, null, null, psutil",512,0,0.9687364101409912,174.60243821144104,2,0,0,0.0,0,0.0,0,2.2741900980472565,0.0,0,0,0.0,0,0.0,0,0,0,1.939582109451294,1899.129540991783,187.5649364,187.56493639945984,7.381061315536499,False,,100,type:lambda-function|arch:aarch64|lambda:True|mem:512,False,,stage0,0,10.006741285324097,1411.9787049293518,16.0,0.0,0,0.0,0,0.0,0,1494.311282634735,8,0.0,0,0,1.8,0,0.0,0,0,0,18.19352078437805,15355.427369940282,1516.58984613,1516.5898461341858,64.13905692100525,8
arm,0,1.410279095172882,175.57168212532997,2.0,0.0,0,0.0,0,0.0,0,185.1396102309227,0.0,0,0,0.475,0,0.0,0,0,0,2.3286586105823517,1909.0662611052394,187.73872965750002,187.73872965574265,7.239269495010376,,type:lambda-function|arch:aarch64|lambda:True|mem:512,aws,10.539568077983558,0.05692767779319437,4,aarch64,aarch64,False,,video,video_stage0_aws_512Mb_arm_analysis.json,0,1.5878994464874268,177.9793083667755,2,0,0,0.0,0,0.0,0,175.57168212532997,0.0,0,0,1.9,0,0.0,0,0,0,2.6018192768096924,1945.5926802158356,190.51864505,190.51864504814148,7.6518402099609375,"null, null, null, psutil",512,0,1.005671739578247,173.69720673561096,2,0,0,0.0,0,0.0,0,2.3286586105823517,0.0,0,0,0.0,0,0.0,0,0,0,2.000896692276001,1880.8820644259456,185.30857778,185.3085777759552,6.6655659675598145,False,,100,type:lambda-function|arch:aarch64|lambda:True|mem:512,False,,stage0,0,12.692511856555939,1580.1451391279697,18.0,0.0,0,0.0,0,0.0,0,1666.2564920783043,8,0.0,0,0,4.2749999999999995,0,0.0,0,0,0,20.957927495241165,17181.596349947155,1689.6485669175001,1689.6485669016838,65.15342545509338,9
arm,0,1.1892537772655487,176.05184262990952,2.0,0.0,0,0.0,0,0.0,0,186.26666474342346,0.0,0,0,0.6875,0,0.0,0,0,0,2.3044118881225586,1917.438778345287,189.14759820625,189.14759820699692,7.910410225391388,,type:lambda-function|arch:aarch64|lambda:True|mem:512,aws,11.742657903414964,0.06304218696131221,4,aarch64,aarch64,False,,video,video_stage0_aws_512Mb_arm_analysis.json,0,1.4820826053619385,178.41668272018433,2,0,0,0.0,0,0.0,0,176.05184262990952,0.0,0,0,3.6,0,0.0,0,0,0,2.581735849380493,1961.5106997489931,193.09240365,193.0924036502838,9.32772421836853,"null, null, null, psutil",512,0,0.9436600208282471,172.6429808139801,2,0,0,0.0,0,0.0,0,2.3044118881225586,0.0,0,0,0.0,0,0.0,0,0,0,1.960453748703003,1872.5413277864454,185.40013146,185.40013146400452,6.8906378746032715,False,,100,type:lambda-function|arch:aarch64|lambda:True|mem:512,False,,stage0,0,11.892537772655487,1760.5184262990952,20.0,0.0,0,0.0,0,0.0,0,1862.6666474342346,8,0.0,0,0,6.875,0,0.0,0,0,0,23.044118881225586,19174.38778345287,1891.4759820625,1891.4759820699692,79.10410225391388,10
arm,0,1.3256295323371887,175.6141802072525,2.0,0.0,0,0.0,0,0.0,0,185.82712903618813,0.0,0,0,0.725,0,0.0,0,0,0,2.6115314960479736,1920.081443481147,188.59023118125,188.59023118019104,7.6014173328876495,,type:lambda-function|arch:aarch64|lambda:True|mem:512,aws,14.056158983788489,0.07564104905829537,4,aarch64,aarch64,False,,video,video_stage0_aws_512Mb_arm_analysis.json,0,1.558586835861206,178.1875970363617,2,0,0,0.0,0,0.0,0,175.6141802072525,0.0,0,0,2.0,0,0.0,0,0,0,3.160550117492676,1944.6717032432553,191.59327126,191.59327125549316,8.445695161819458,"null, null, null, psutil",512,0,0.9775485992431641,173.33571457862854,2,0,0,0.0,0,0.0,0,2.6115314960479736,0.0,0,0,0.0,0,0.0,0,0,0,2.233431577682495,1880.9395841836924,185.31424475,185.31424474716187,6.952147006988525,False,,100,type:lambda-function|arch:aarch64|lambda:True|mem:512,False,,stage0,0,15.907554388046265,2107.37016248703,24.0,0.0,0,0.0,0,0.0,0,2229.9255484342575,8,0.0,0,0,8.7,0,0.0,0,0,0,31.338377952575684,23040.977321773764,2263.082774175,2263.0827741622925,91.2170079946518,12
arm,0,9.158143758773804,175.97379285097122,2.0,0.0,0,0.0,0,0.0,0,185.77247405052185,0.0,0,0,0.475,0,0.0,0,0,0,2.270355671644211,1915.217194336653,188.69658759375,188.69658759236336,7.528325527906418,,type:lambda-function|arch:aarch64|lambda:True|mem:512,aws,18.779923173055646,0.1010909892277601,4,aarch64,aarch64,False,,video,video_stage0_aws_512Mb_arm_analysis.json,0,65.643545627594,176.9539704322815,2,0,0,0.0,0,0.0,0,175.97379285097122,0.0,0,0,1.9,0,0.0,0,0,0,2.6431028842926025,1930.5034539222718,190.03851247,190.038512468338,8.402921438217163,"null, null, null, psutil",512,0,0.8954422473907471,174.5703432559967,2,0,0,0.0,0,0.0,0,2.270355671644211,0.0,0,0,0.0,0,0.0,0,0,0,2.0149991512298584,1897.5964148044586,187.4275198,187.4275197982788,6.87123966217041,False,,100,type:lambda-function|arch:aarch64|lambda:True|mem:512,False,,stage0,0,146.53030014038086,2815.5806856155396,32.0,0.0,0,0.0,0,0.0,0,2972.3595848083496,8,0.0,0,0,7.6,0,0.0,0,0,0,36.32569074630737,30643.475109386447,3019.1454015,3019.1454014778137,120.45320844650269,16
arm,0,1.6114918504442488,176.17668649128504,2.0,0.0,0,0.0,0,0.0,0,186.1017928464072,0.0,0,0,0.8142857142857142,0,0.0,0,0,0,2.5390847410474504,1920.6619569199424,188.83265638285712,188.8326563835144,7.386021614074707,,type:lambda-function|arch:aarch64|lambda:True|mem:512,aws,23.501969977937424,0.12628556457451207,4,aarch64,aarch64,False,,video,video_stage0_aws_512Mb_arm_analysis.json,0,2.614082098007202,177.47994446754456,2,0,0,0.0,0,0.0,0,176.17668649128504,0.0,0,0,1.9,0,0.0,0,0,0,3.102421522140503,1951.5716598510742,190.79371095,190.79371094703674,8.012919425964355,"null, null, null, psutil",512,0,1.327075719833374,174.47649574279785,2,0,0,0.0,0,0.0,0,2.5390847410474504,0.0,0,0,0.0,0,0.0,0,0,0,2.259830951690674,1891.3014071226116,186.335114,186.33511400222778,6.923008441925049,False,,100,type:lambda-function|arch:aarch64|lambda:True|mem:512,False,,stage0,0,32.22983700888498,3523.533729825701,40.0,0.0,0,0.0,0,0.0,0,3722.035856928144,7,0.0,0,0,16.285714285714285,0,0.0,0,0,0,50.781694820949006,38413.23913839885,3776.6531276571422,3776.653127670288,147.72043228149414,20
arm,0,1.3121696880885534,177.2977088860103,2.0,0.0,0,0.0,0,0.0,0,187.74561078207833,0.0,0,0,0.2571428571428572,0,0.0,0,0,0,2.5231481279645647,1926.3748734865867,190.46301988142858,190.46301988192968,7.924753768103463,,type:lambda-function|arch:aarch64|lambda:True|mem:512,aws,28.38181723847253,0.15117166851594796,4,aarch64,aarch64,False,,video,video_stage0_aws_512Mb_arm_analysis.json,0,1.54543137550354,178.45617413520813,2,0,0,0.0,0,0.0,0,177.2977088860103,0.0,0,0,1.8,0,0.0,0,0,0,3.1340601444244385,1949.2671424627304,192.99674678,192.99674677848816,9.369053602218628,"null, null, null, psutil",512,0,0.8927853107452393,175.3626627922058,2,0,0,0.0,0,0.0,0,2.5231481279645647,0.0,0,0,0.0,0,0.0,0,0,0,2.3000400066375732,1902.27320663929,188.34388185,188.34388184547424,6.982248306274414,False,,100,type:lambda-function|arch:aarch64|lambda:True|mem:512,False,,stage0,0,31.492072514125283,4255.145013264248,48.0,0.0,0,0.0,0,0.0,0,4505.89465876988,7,0.0,0,0,6.171428571428573,0,0.0,0,0,0,60.555555071149556,46232.99696367808,4571.112477154285,4571.112477166313,190.19409043448312,24
arm,0,1.4873839020729065,177.29217767715454,2.0,0.0,0,0.0,0,0.0,0,187.5619715154171,0.0,0,0,0.4875,0,0.0,0,0,0,2.483464241027832,1942.737189823389,190.23950567875,190.2395056784153,7.786329597234726,,type:lambda-function|arch:aarch64|lambda:True|mem:512,aws,33.11108710298538,0.17653411741976563,4,aarch64,aarch64,False,,video,video_stage0_aws_512Mb_arm_analysis.json,0,1.7321727275848389,180.57885551452637,2,0,0,0.0,0,0.0,0,177.29217767715454,0.0,0,0,2.0,0,0.0,0,0,0,2.956540584564209,1971.066212487221,195.15507054,195.15507054328918,8.801162958145142,"null, null, null, psutil",512,0,1.3194966316223145,176.0224165916443,2,0,0,0.0,0,0.0,0,2.483464241027832,0.0,0,0,0.0,0,0.0,0,0,0,2.080159902572632,1917.8555972456934,188.87442827,188.87442827224731,6.784634590148926,False,,100,type:lambda-function|arch:aarch64|lambda:True|mem:512,False,,stage0,0,41.64674925804138,4964.180974960327,56.0,0.0,0,0.0,0,0.0,0,5251.735202431679,8,0.0,0,0,13.65,0,0.0,0,0,0,69.5369987487793,54396.64131505489,5326.706159005,5326.706158995628,218.01722872257233,28
x86,0,2.9038480520248413,5.87536461353302,2.0,2.0,0,0.0,0,0.0,0,8.255756664276124,0.0,0,0,2.58,0,0.0,0,0,0,0.9511541604995728,411.8785655755997,13.818489312,13.81848931312561,1.4292378902435303,,type:lambda-function|arch:x86_64|lambda:True|mem:512,aws,0.1958846562151909,0.023727038499428248,4,x86_64,Intel(R) Xeon(R) Processor @ 2.50GHz,False,,ml,ml_stage0_aws_512Mb_x86_analysis.json,0,3.798795223236084,5.960678577423096,2,2,0,0.0,0,0.0,0,5.87536461353302,0.0,0,0,5.4,0,0.0,0,0,0,1.1647264957427979,450.4159992456437,14.27132559,14.271325588226318,1.4976470470428467,"null, null, null, psutil",512,0,2.368844509124756,5.7622175216674805,2,2,0,0.0,0,0.0,0,0.9511541604995728,0.0,0,0,0.0,0,0.0,0,0,0,0.8437070846557617,386.15705488920213,13.2472403,13.2472403049469,1.3648502826690674,False,,220,type:lambda-function|arch:x86_64|lambda:True|mem:512,False,,stage0,0,11.615392208099365,23.50145845413208,8.0,8.0,0,0.0,0,0.0,0,33.023026657104495,10,0.0,0,0,10.32,0,0.0,0,0,0,3.804616641998291,1647.5142623023987,55.273957248,55.27395725250244,5.716951560974121,4
x86,0,2.69568555355072,5.9631335735321045,2.0,2.0,0,0.0,0,0.0,0,8.327600431442262,0.0,0,0,2.57,0,0.0,0,0,0,0.9204406976699829,426.3518128585816,13.923174526,13.923174524307251,1.4440261602401734,,type:lambda-function|arch:x86_64|lambda:True|mem:512,aws,0.2485135916769505,0.0298421608628874,4,x86_64,Intel(R) Xeon(R) Processor @ 2.50GHz,False,,ml,ml_stage0_aws_512Mb_x86_analysis.json,0,2.8644962310791016,6.2729363441467285,2,2,0,0.0,0,0.0,0,5.9631335735321045,0.0,0,0,5.3,0,0.0,0,0,0,1.1822404861450195,451.84938702106473,14.3077898,14.30778980255127,1.5315289497375488,"null, null, null, psutil",512,0,2.3032593727111816,5.837176084518433,2,2,0,0.0,0,0.0,0,0.9204406976699829,0.0,0,0,0.0,0,0.0,0,0,0,0.8417255878448486,404.4892090559006,13.75380063,13.753800630569458,1.325857162475586,False,,220,type:lambda-function|arch:x86_64|lambda:True|mem:512,False,,stage0,0,13.478427767753601,29.815667867660522,10.0,10.0,0,0.0,0,0.0,0,41.63800215721131,10,0.0,0,0,12.85,0,0.0,0,0,0,4.6022034883499146,2131.759064292908,69.61587263,69.61587262153625,7.220130801200867,5
x86,0,2.629206991195679,5.917070603370666,2.0,2.0,0,0.0,0,0.0,0,8.378918099403382,0.0,0,0,1.9,0,0.0,0,0,0,1.05843665599823,411.54317170190814,13.941720677000001,13.941720676422118,1.403410840034485,,type:lambda-function|arch:x86_64|lambda:True|mem:512,aws,0.295912700874567,0.035316337666033204,4,x86_64,Intel(R) Xeon(R) Processor @ 2.50GHz,False,,ml,ml_stage0_aws_512Mb_x86_analysis.json,0,3.0431792736053467,6.247204780578613,2,2,0,0.0,0,0.0,0,5.917070603370666,0.0,0,0,3.6,0,0.0,0,0,0,1.298487663269043,438.6306889533996,14.30479145,14.304791450500488,1.4831137657165527,"null, null, null, psutil",512,0,2.301543712615967,5.6769421100616455,2,2,0,0.0,0,0.0,0,1.05843665599823,0.0,0,0,0.0,0,0.0,0,0,0,0.877138614654541,393.4171550989151,13.65083814,13.650838136672974,1.3293251991271973,False,,220,type:lambda-function|arch:x86_64|lambda:True|mem:512,False,,stage0,0,15.775241947174074,35.50242362022399,12.0,12.0,0,0.0,0,0.0,0,50.27350859642029,10,0.0,0,0,11.399999999999999,0,0.0,0,0,0,6.350619935989379,2469.2590302114486,83.65032406200001,83.6503240585327,8.42046504020691,6
x86,0,2.9303266048431396,5.895919895172119,2.0,2.0,0,0.0,0,0.0,0,8.300700426101685,0.0,0,0,2.7399999999999998,0,0.0,0,0,0,0.9800334453582764,403.3674263648987,13.808536196,13.808536195755005,1.4247470855712892,,type:lambda-function|arch:x86_64|lambda:True|mem:512,aws,0.3439974462838173,0.04144197822175486,4,x86_64,Intel(R) Xeon(R) Processor @ 2.50GHz,False,,ml,ml_stage0_aws_512Mb_x86_analysis.json,0,4.0421411991119385,5.9851813316345215,2,2,0,0.0,0,0.0,0,5.895919895172119,0.0,0,0,5.4,0,0.0,0,0,0,1.2399353981018066,426.51920173645016,14.18914318,14.189143180847168,1.5232088565826416,"null, null, null, psutil",512,0,2.4042375087738037,5.805542469024658,2,2,0,0.0,0,0.0,0,0.9800334453582764,0.0,0,0,1.8,0,0.0,0,0,0,0.8555567264556885,391.80807512283326,13.72769237,13.727692365646362,1.3414974212646484,False,,220,type:lambda-function|arch:x86_64|lambda:True|mem:512,False,,stage0,0,20.51228623390198,41.27143926620483,14.0,14.0,0,0.0,0,0.0,0,58.10490298271179,10,0.0,0,0,19.18,0,0.0,0,0,0,6.860234117507935,2823.571984554291,96.659753372,96.65975337028503,9.973229598999025,7
x86,0,2.539522647857666,6.044704580307007,2.0,2.0,0,0.0,0,0.0,0,8.556246495246887,0.0,0,0,3.12,0,0.0,0,0,0,1.0591181516647339,432.6833501300812,14.120098568,14.120098567008972,1.4524237632751464,,type:lambda-function|arch:x86_64|lambda:True|mem:512,aws,0.4030609014148712,0.04710721011120672,4,x86_64,Intel(R) Xeon(R) Processor @ 2.50GHz,False,,ml,ml_stage0_aws_512Mb_x86_analysis.json,0,2.9162511825561523,6.347315549850464,2,2,0,0.0,0,0.0,0,6.044704580307007,0.0,0,0,5.3,0,0.0,0,0,0,1.3006889820098877,483.70806495189663,14.30929208,14.309292078018188,1.6273770332336426,"null, null, null, psutil",512,0,2.2003703117370605,5.784318208694458,2,2,0,0.0,0,0.0,0,1.0591181516647339,0.0,0,0,1.9,0,0.0,0,0,0,0.8412938117980957,360.4510674452781,13.64918375,13.649183750152588,1.297217845916748,False,,220,type:lambda-function|arch:x86_64|lambda:True|mem:512,False,,stage0,0,20.316181182861328,48.35763664245606,16.0,16.0,0,0.0,0,0.0,0,68.4499719619751,10,0.0,0,0,24.96,0,0.0,0,0,0,8.472945213317871,3461.4668010406494,112.960788544,112.96078853607177,11.619390106201172,8
x86,0,2.5845783233642576,6.08275785446167,2.0,2.0,0,0.0,0,0.0,0,8.60365869998932,0.0,0,0,3.25,0,0.0,0,0,0,1.0953297376632691,427.8959259440899,14.159840894999999,14.159840893745422,1.4255711078643798,,type:lambda-function|arch:x86_64|lambda:True|mem:512,aws,0.45629808045244225,0.05303535348897658,4,x86_64,Intel(R) Xeon(R) Processor @ 2.50GHz,False,,ml,ml_stage0_aws_512Mb_x86_analysis.json,0,2.847330093383789,7.123936891555786,2,2,0,0.0,0,0.0,0,6.08275785446167,0.0,0,0,6.8,0,0.0,0,0,0,1.5990393161773682,476.3474359369278,15.23452282,15.234522819519043,1.5606505870819092,"null, null, null, psutil",512,0,2.323274850845337,5.779609441757202,2,2,0,0.0,0,0.0,0,1.0953297376632691,0.0,0,0,1.8,0,0.0,0,0,0,0.8589825630187988,389.3262686777115,13.6653657,13.66536569595337,1.359194040298462,False,,220,type:lambda-function|arch:x86_64|lambda:True|mem:512,False,,stage0,0,23.26120491027832,54.74482069015503,18.0,18.0,0,0.0,0,0.0,0,77.43292829990388,10,0.0,0,0,29.25,0,0.0,0,0,0,9.857967638969422,3851.0633334968093,127.43856805499999,127.4385680437088,12.830139970779419,9
x86,0,2.593112564086914,6.061337089538574,2.0,2.0,0,0.0,0,0.0,0,8.784568715095519,0.0,0,0,2.29,0,0.0,0,0,0,1.0090286016464234,453.7761888473034,14.281440996999999,14.281440997123719,1.7142030239105224,,type:lambda-function|arch:x86_64|lambda:True|mem:512,aws,0.5052124464130402,0.05751135460354206,4,x86_64,Intel(R) Xeon(R) Processor @ 2.50GHz,False,,ml,ml_stage0_aws_512Mb_x86_analysis.json,0,3.135340929031372,6.288661241531372,2,2,0,0.0,0,0.0,0,6.061337089538574,0.0,0,0,3.6,0,0.0,0,0,0,1.2396798133850098,595.4730410552024,16.25492215,16.25492215156555,4.315662145614624,"null, null, null, psutil",512,0,2.304810047149658,5.801972389221191,2,2,0,0.0,0,0.0,0,1.0090286016464234,0.0,0,0,1.0,0,0.0,0,0,0,0.8408372402191162,391.5810746312141,13.76729536,13.767295360565186,1.360776662826538,False,,220,type:lambda-function|arch:x86_64|lambda:True|mem:512,False,,stage0,0,25.93112564086914,60.61337089538574,20.0,20.0,0,0.0,0,0.0,0,87.84568715095519,10,0.0,0,0,22.9,0,0.0,0,0,0,10.090286016464233,4537.761888473034,142.81440996999999,142.81440997123718,17.142030239105225,10
x86,0,2.60938355922699,6.042692828178406,2.0,2.0,0,0.0,0,0.0,0,8.636969184875488,0.0,0,0,2.3899999999999997,0,0.0,0,0,0,0.9415969371795654,411.0350759866238,14.274425102,14.274425101280212,1.6526794195175172,,type:lambda-function|arch:x86_64|lambda:True|mem:512,aws,0.6043901366744041,0.06997710930042146,4,x86_64,Intel(R) Xeon(R) Processor @ 2.50GHz,False,,ml,ml_stage0_aws_512Mb_x86_analysis.json,0,2.964683771133423,6.214887857437134,2,2,0,0.0,0,0.0,0,6.042692828178406,0.0,0,0,3.7,0,0.0,0,0,0,1.2270078659057617,464.549455947876,15.77015901,15.770159006118774,3.3384287357330322,"null, null, null, psutil",512,0,2.2497432231903076,5.870981216430664,2,2,0,0.0,0,0.0,0,0.9415969371795654,0.0,0,0,1.8,0,0.0,0,0,0,0.8401925563812256,349.3937874841691,13.72498894,13.72498893737793,1.3667371273040771,False,,220,type:lambda-function|arch:x86_64|lambda:True|mem:512,False,,stage0,0,31.31260271072388,72.51231393814086,24.0,24.0,0,0.0,0,0.0,0,103.64363021850585,10,0.0,0,0,28.679999999999996,0,0.0,0,0,0,11.299163246154784,4932.420911839486,171.293101224,171.29310121536253,19.832153034210208,12
x86,0,2.540114853117201,6.21380795372857,2.0,2.0,0,0.0,0,0.0,0,8.578156868616741,0.0,0,0,2.6555555555555554,0,0.0,0,0,0,0.9283072153727213,421.09262607124117,14.17323372111111,14.173233720991346,1.4360416995154486,,type:lambda-function|arch:x86_64|lambda:True|mem:512,aws,0.8286734287092422,0.09660273662527097,4,x86_64,Intel(R) Xeon(R) Processor @ 2.50GHz,False,,ml,ml_stage0_aws_512Mb_x86_analysis.json,0,2.9478909969329834,7.046252965927124,2,2,0,0.0,0,0.0,0,6.21380795372857,0.0,0,0,3.6,0,0.0,0,0,0,1.1566846370697021,477.77165797233584,14.77339697,14.773396968841553,1.492741346359253,"null, null, null, psutil",512,0,2.1828622817993164,5.871742486953735,2,2,0,0.0,0,0.0,0,0.9283072153727213,0.0,0,0,1.8,0,0.0,0,0,0,0.858562707901001,340.27775678634646,13.74658489,13.74658489227295,1.3670408725738525,False,,220,type:lambda-function|arch:x86_64|lambda:True|mem:512,False,,stage0,0,40.641837649875214,99.42092725965712,32.0,32.0,0,0.0,0,0.0,0,137.25050989786786,9,0.0,0,0,42.48888888888889,0,0.0,0,0,0,14.852915445963541,6737.482017139859,226.77173953777776,226.77173953586154,22.976667192247177,16
x86,0,2.5956358909606934,6.047514888975355,2.0,2.0,0,0.0,0,0.0,0,8.473612387975058,0.0,0,0,1.822222222222222,0,0.0,0,0,0,0.9270682599809434,423.68179061545266,14.110519066666667,14.110519064797295,1.499029239018758,,type:lambda-function|arch:x86_64|lambda:True|mem:512,aws,1.0081207319921919,0.11897177801321437,4,x86_64,Intel(R) Xeon(R) Processor @ 2.50GHz,False,,ml,ml_stage0_aws_512Mb_x86_analysis.json,0,2.9758684635162354,6.320407390594482,2,2,0,0.0,0,0.0,0,6.047514888975355,0.0,0,0,3.6,0,0.0,0,0,0,0.9896249771118164,447.94444731473914,14.80631924,14.806319236755371,2.0294618606567383,"null, null, null, psutil",512,0,2.3329813480377197,5.6992058753967285,2,2,0,0.0,0,0.0,0,0.9270682599809434,0.0,0,0,0.0,0,0.0,0,0,0,0.8029642105102539,380.3873072576523,13.24929667,13.24929666519165,1.3132457733154297,False,,220,type:lambda-function|arch:x86_64|lambda:True|mem:512,False,,stage0,0,51.91271781921387,120.95029777950711,40.0,40.0,0,0.0,0,0.0,0,169.47224775950116,9,0.0,0,0,36.44444444444444,0,0.0,0,0,0,18.54136519961887,8473.635812309054,282.2103813333333,282.2103812959459,29.98058478037516,20
x86,0,2.330070686340332,6.2037054061889645,2.0,2.0,0,0.0,0,0.0,0,8.557920837402344,0.0,0,0,2.73,0,0.0,0,0,0,0.9116241455078125,407.9897318990231,14.135446978,14.135446977615356,1.4425912857055665,,type:lambda-function|arch:x86_64|lambda:True|mem:512,aws,1.2409892294540406,0.14501059930705415,4,x86_64,Intel(R) Xeon(R) Processor @ 2.50GHz,False,,ml,ml_stage0_aws_512Mb_x86_analysis.json,0,2.4047443866729736,6.987623453140259,2,2,0,0.0,0,0.0,0,6.2037054061889645,0.0,0,0,5.3,0,0.0,0,0,0,1.0217931270599365,520.3107305693626,14.64969349,14.649693489074707,1.6657304763793945,"null, null, null, psutil",512,0,2.1963307857513428,6.005197048187256,2,2,0,0.0,0,0.0,0,0.9116241455078125,0.0,0,0,1.8,0,0.0,0,0,0,0.8379144668579102,327.96643372535704,13.6891818,13.689181804656982,1.2970085144042969,False,,220,type:lambda-function|arch:x86_64|lambda:True|mem:512,False,,stage0,0,55.92169647216797,148.88892974853513,48.0,48.0,0,0.0,0,0.0,0,205.39010009765627,10,0.0,0,0,65.52,0,0.0,0,0,0,21.878979492187497,9791.753565576555,339.250727472,339.2507274627685,34.6221908569336,24
x86,0,2.9781943559646606,6.116489148139953,2.0,2.0,0,0.0,0,0.0,0,9.080886554718017,0.0,0,0,2.2199999999999998,0,0.0,0,0,0,1.01336772441864,411.28357610368727,17.18172865,17.181728649139405,1.9510296821594237,,type:lambda-function|arch:x86_64|lambda:True|mem:512,aws,1.4274662373929023,0.15719458984445253,4,x86_64,Intel(R) Xeon(R) Processor @ 2.50GHz,False,,ml,ml_stage0_aws_512Mb_x86_analysis.json,0,5.336730241775513,7.207768440246582,2,2,0,0.0,0,0.0,0,6.116489148139953,0.0,0,0,3.6,0,0.0,0,0,0,1.3544204235076904,454.27505698680875,40.88884401,40.88884401321411,6.286461353302002,"null, null, null, psutil",512,0,2.3360354900360107,5.747786521911621,2,2,0,0.0,0,0.0,0,1.01336772441864,0.0,0,0,1.8,0,0.0,0,0,0,0.8597903251647949,368.7897262382507,13.22878861,13.228788614273071,1.316950798034668,False,,220,type:lambda-function|arch:x86_64|lambda:True|mem:512,False,,stage0,0,83.3894419670105,171.26169614791868,56.0,56.0,0,0.0,0,0.0,0,254.26482353210446,10,0.0,0,0,62.16,0,0.0,0,0,0,28.37429628372192,11515.940130903244,481.0884022,481.08840217590335,54.62883110046386,28
x86,0,0.5293384075164795,17.89299294948578,2.0,2.0,0,0.0,0,0.0,0,28.62378730773926,0.0,0,0,2.11,0,0.0,0,0,0,7.253721070289612,1308.8777523300648,31.033456660000002,31.033456659317018,3.4770732879638673,,type:lambda-function|arch:x86_64|lambda:True|mem:1024,aws,1.1931047698717119,0.041682281839381954,4,x86_64,Intel(R) Xeon(R) Processor @ 2.50GHz,False,,video,video_stage3_aws_1024Mb_x86_analysis.json,0,0.6919670104980469,47.618361949920654,2,2,0,0.0,0,0.0,0,17.89299294948578,0.0,0,0,3.8,0,0.0,0,0,0,17.021809339523315,3399.6674088048935,75.19724417,75.19724416732788,8.253433227539062,"null, null, null, psutil",1024,0,0.468677282333374,13.669084072113037,2,2,0,0.0,0,0.0,0,3.4770732879638673,0.0,0,0,0.0,0,0.0,0,0,0,5.464916944503784,929.3953646421434,24.52102304,24.52102303504944,2.747967481613159,False,,220,type:lambda-function|arch:x86_64|lambda:True|mem:1024,False,,stage3,0,2.117353630065918,71.57197179794312,8.0,8.0,0,0.0,0,0.0,0,114.49514923095704,10,0.0,0,0,8.44,0,0.0,0,0,0,29.014884281158448,5235.511009320259,124.13382664000001,124.13382663726807,13.908293151855469,4
x86,0,0.4876244862874349,14.487363603379992,2.0,2.0,0,0.0,0,0.0,0,23.454180823432075,0.0,0,0,2.3777777777777778,0,0.0,0,0,0,6.080834309260051,1039.8069216876559,25.837121831111112,25.83712183104621,2.8859829107920327,,type:lambda-function|arch:x86_64|lambda:True|mem:1024,aws,1.2075217563417227,0.051484286125028034,4,x86_64,Intel(R) Xeon(R) Processor @ 2.50GHz,False,,video,video_stage3_aws_1024Mb_x86_analysis.json,0,0.5281813144683838,16.25902795791626,2,2,0,0.0,0,0.0,0,14.487363603379992,0.0,0,0,3.9,0,0.0,0,0,0,6.74411153793335,1232.8004684209825,27.60413051,27.604130506515503,3.150885820388794,"null, null, null, psutil",1024,0,0.45615673065185547,13.30385422706604,2,2,0,0.0,0,0.0,0,2.8859829107920327,0.0,0,0,0.0,0,0.0,0,0,0,5.7107343673706055,917.1769912433625,24.73574471,24.73574471473694,2.5871262550354004,False,,220,type:lambda-function|arch:x86_64|lambda:True|mem:1024,False,,stage3,0,2.4381224314371743,72.43681801689996,10.0,10.0,0,0.0,0,0.0,0,117.27090411716037,9,0.0,0,0,11.88888888888889,0,0.0,0,0,0,30.404171546300255,5199.034608438279,129.18560915555557,129.18560915523105,14.429914553960163,5
x86,0,0.5478906366560194,14.267266247007582,2.0,2.0,0,0.0,0,0.0,0,23.26378583908081,0.0,0,0,2.988888888888889,0,0.0,0,0,0,5.872393157747057,1067.4275278960336,25.677772335555556,25.677772336535984,3.124126434326172,,type:lambda-function|arch:x86_64|lambda:True|mem:1024,aws,1.4270119700256985,0.061340487739036116,4,x86_64,Intel(R) Xeon(R) Processor @ 2.50GHz,False,,video,video_stage3_aws_1024Mb_x86_analysis.json,0,0.7967331409454346,14.853450298309326,2,2,0,0.0,0,0.0,0,14.267266247007582,0.0,0,0,5.8,0,0.0,0,0,0,7.203606605529785,1220.9304014825823,26.55671811,26.556718111038208,3.8430004119873047,"null, null, null, psutil",1024,0,0.4598262310028076,13.672357082366943,2,2,0,0.0,0,0.0,0,3.124126434326172,0.0,0,0,0.0,0,0.0,0,0,0,5.425734043121338,945.765124797821,25.00803208,25.008032083511353,2.807283639907837,False,,220,type:lambda-function|arch:x86_64|lambda:True|mem:1024,False,,stage3,0,3.2873438199361167,85.60359748204549,12.0,12.0,0,0.0,0,0.0,0,139.58271503448486,9,0.0,0,0,17.933333333333334,0,0.0,0,0,0,35.234358946482345,6404.565167376201,154.06663401333333,154.0666340192159,18.74475860595703,6
x86,0,0.5109914143880209,14.295901086595324,2.0,2.0,0,0.0,0,0.0,0,23.384547233581543,0.0,0,0,2.4555555555555553,0,0.0,0,0,0,6.04897043440077,1110.9173229567211,25.796315458888888,25.7963154580858,3.039675712585449,,type:lambda-function|arch:x86_64|lambda:True|mem:1024,aws,1.6681886977948084,0.07133722458389934,4,x86_64,Intel(R) Xeon(R) Processor @ 2.50GHz,False,,video,video_stage3_aws_1024Mb_x86_analysis.json,0,0.724320650100708,16.109670162200928,2,2,0,0.0,0,0.0,0,14.295901086595324,0.0,0,0,3.8,0,0.0,0,0,0,7.014751672744751,1284.2981183123588,27.60150695,27.60150694847107,3.4226486682891846,"null, null, null, psutil",1024,0,0.46757006645202637,13.77717638015747,2,2,0,0.0,0,0.0,0,3.039675712585449,0.0,0,0,1.0,0,0.0,0,0,0,5.509266376495361,938.5713311338424,24.52826834,24.528268337249756,2.7899434566497803,False,,220,type:lambda-function|arch:x86_64|lambda:True|mem:1024,False,,stage3,0,3.576939900716146,100.07130760616727,14.0,14.0,0,0.0,0,0.0,0,163.6918306350708,9,0.0,0,0,17.188888888888886,0,0.0,0,0,0,42.34279304080539,7776.421260697048,180.5742082122222,180.5742082066006,21.277729988098145,7
x86,0,0.5033644914627076,14.148647022247314,2.0,2.0,0,0.0,0,0.0,0,22.894182872772213,0.0,0,0,2.32,0,0.0,0,0,0,5.84642813205719,1093.9037976732254,25.286654927,25.286654925346376,2.8991077184677123,,type:lambda-function|arch:x86_64|lambda:True|mem:1024,aws,1.8868635668869018,0.08241672469258236,4,x86_64,Intel(R) Xeon(R) Processor @ 2.50GHz,False,,video,video_stage3_aws_1024Mb_x86_analysis.json,0,0.5655007362365723,14.85678744316101,2,2,0,0.0,0,0.0,0,14.148647022247314,0.0,0,0,3.8,0,0.0,0,0,0,6.555834054946899,1182.9547058343885,26.05887771,26.05887770652771,3.462806463241577,"null, null, null, psutil",1024,0,0.44689035415649414,13.608204364776611,2,2,0,0.0,0,0.0,0,2.8991077184677123,0.0,0,0,1.9,0,0.0,0,0,0,5.168963432312012,939.6780199813844,24.01588202,24.01588201522827,2.5832650661468506,False,,220,type:lambda-function|arch:x86_64|lambda:True|mem:1024,False,,stage3,0,4.0269159317016605,113.18917617797851,16.0,16.0,0,0.0,0,0.0,0,183.1534629821777,10,0.0,0,0,18.56,0,0.0,0,0,0,46.77142505645752,8751.230381385803,202.293239416,202.293239402771,23.1928617477417,8
x86,0,0.5415632724761963,14.311434377323497,2.0,2.0,0,0.0,0,0.0,0,23.231324304233897,0.0,0,0,2.190909090909091,0,0.0,0,0,0,5.871097521348433,1126.288301167488,25.579373966363633,25.579373966563832,3.0487924055619673,,type:lambda-function|arch:x86_64|lambda:True|mem:1024,aws,2.1471444996298445,0.09242454160215603,4,x86_64,Intel(R) Xeon(R) Processor @ 2.50GHz,False,,video,video_stage3_aws_1024Mb_x86_analysis.json,0,0.7721445560455322,16.362024784088135,2,2,0,0.0,0,0.0,0,14.311434377323497,0.0,0,0,3.8,0,0.0,0,0,0,6.445117950439453,1265.8416961812975,28.59632325,28.596323251724243,4.703780889511108,"null, null, null, psutil",1024,0,0.4472808837890625,13.451477527618408,2,2,0,0.0,0,0.0,0,3.0487924055619673,0.0,0,0,0.0,0,0.0,0,0,0,5.2948713302612305,931.4175066947937,24.21221519,24.212215185165405,2.6175014972686768,False,,220,type:lambda-function|arch:x86_64|lambda:True|mem:1024,False,,stage3,0,4.874069452285767,128.80290939591148,18.0,18.0,0,0.0,0,0.0,0,209.0819187381051,11,0.0,0,0,19.71818181818182,0,0.0,0,0,0,52.83987769213589,10136.594710507392,230.21436569727268,230.21436569907448,27.439131650057707,9
x86,0,0.5584380229314169,14.655113716920217,2.0,2.0,0,0.0,0,0.0,0,23.367194175720215,0.0,0,0,2.4166666666666665,0,0.0,0,0,0,5.862281481424968,1126.2115818236273,25.6965306,25.696530600388844,2.8497989773750305,,type:lambda-function|arch:x86_64|lambda:True|mem:1024,aws,2.4430074566106006,0.10454860083924916,4,x86_64,Intel(R) Xeon(R) Processor @ 2.50GHz,False,,video,video_stage3_aws_1024Mb_x86_analysis.json,0,0.855381965637207,16.80100965499878,2,2,0,0.0,0,0.0,0,14.655113716920217,0.0,0,0,3.8,0,0.0,0,0,0,6.681146860122681,1309.3735228538512,28.07404637,28.07404637336731,3.4801316261291504,"null, null, null, psutil",1024,0,0.44787049293518066,12.475362539291382,2,2,0,0.0,0,0.0,0,2.8497989773750305,0.0,0,0,1.9,0,0.0,0,0,0,5.166940450668335,935.8556090712545,22.53192544,22.531925439834595,2.4520251750946045,False,,220,type:lambda-function|arch:x86_64|lambda:True|mem:1024,False,,stage3,0,5.584380229314169,146.55113716920218,20.0,20.0,0,0.0,0,0.0,0,233.67194175720215,12,0.0,0,0,24.166666666666664,0,0.0,0,0,0,58.62281481424968,11262.115818236272,256.965306,256.96530600388843,28.497989773750305,10
x86,0,0.4869316274469549,14.156241070140492,2.0,2.0,0,0.0,0,0.0,0,23.13482345234264,0.0,0,0,2.127272727272727,0,0.0,0,0,0,6.005234609950673,1106.1602422308924,25.467268099090912,25.467268098484386,2.973347772251476,,type:lambda-function|arch:x86_64|lambda:True|mem:1024,aws,2.831814463670904,0.12240484434663595,4,x86_64,Intel(R) Xeon(R) Processor @ 2.50GHz,False,,video,video_stage3_aws_1024Mb_x86_analysis.json,0,0.5533874034881592,16.686291694641113,2,2,0,0.0,0,0.0,0,14.156241070140492,0.0,0,0,3.8,0,0.0,0,0,0,6.732948064804077,1260.7435456013682,27.35394979,27.353949785232544,4.4200825691223145,"null, null, null, psutil",1024,0,0.45131611824035645,13.504919528961182,2,2,0,0.0,0,0.0,0,2.973347772251476,0.0,0,0,0.0,0,0.0,0,0,0,5.260148763656616,910.3519496011735,24.50430131,24.50430130958557,2.5544075965881348,False,,220,type:lambda-function|arch:x86_64|lambda:True|mem:1024,False,,stage3,0,5.843179529363459,169.8748928416859,24.0,24.0,0,0.0,0,0.0,0,277.6178814281117,11,0.0,0,0,25.527272727272724,0,0.0,0,0,0,72.06281531940807,13273.92290677071,305.60721718909093,305.60721718181264,35.680173267017715,12
x86,0,0.5282293160756429,14.222484310468039,2.0,2.0,0,0.0,0,0.0,0,22.98365608851115,0.0,0,0,2.4166666666666665,0,0.0,0,0,0,5.909393350283305,1139.6827957904338,25.331256229999997,25.3312562306722,2.851778427759806,,type:lambda-function|arch:x86_64|lambda:True|mem:1024,aws,3.7934210152880357,0.16504863284933394,4,x86_64,Intel(R) Xeon(R) Processor @ 2.50GHz,False,,video,video_stage3_aws_1024Mb_x86_analysis.json,0,0.7808051109313965,16.141282558441162,2,2,0,0.0,0,0.0,0,14.222484310468039,0.0,0,0,3.8,0,0.0,0,0,0,6.983268976211548,1234.4424394226075,27.57298279,27.572982788085938,3.2615883350372314,"null, null, null, psutil",1024,0,0.45476388931274414,13.223850965499878,2,2,0,0.0,0,0.0,0,2.851778427759806,0.0,0,0,0.0,0,0.0,0,0,0,5.244626998901367,957.8810477828978,24.22401953,24.224019527435303,2.5017642974853516,False,,220,type:lambda-function|arch:x86_64|lambda:True|mem:1024,False,,stage3,0,8.451669057210287,227.55974896748862,32.0,32.0,0,0.0,0,0.0,0,367.7384974161784,12,0.0,0,0,38.666666666666664,0,0.0,0,0,0,94.55029360453288,18234.92473264694,405.30009967999996,405.3000996907552,45.6284548441569,16
x86,0,0.4958921029017522,13.18679875593919,2.0,2.0,0,0.0,0,0.0,0,21.351653209099403,0.0,0,0,2.3615384615384616,0,0.0,0,0,0,5.486639554683979,1023.3072468836492,23.82563471692308,23.825634717941284,2.678214898476234,,type:lambda-function|arch:x86_64|lambda:True|mem:1024,aws,4.396478705230127,0.20590811691136338,4,x86_64,Intel(R) Xeon(R) Processor @ 2.50GHz,False,,video,video_stage3_aws_1024Mb_x86_analysis.json,0,0.6094379425048828,14.861061573028564,2,2,0,0.0,0,0.0,0,13.18679875593919,0.0,0,0,3.9,0,0.0,0,0,0,6.61802339553833,1164.9291394948957,27.05323219,27.053232192993164,3.295022487640381,"null, null, null, psutil",1024,0,0.4544334411621094,3.618260145187378,2,2,0,0.0,0,0.0,0,2.678214898476234,0.0,0,0,0.0,0,0.0,0,0,0,1.581935167312622,395.6987814044952,8.6890378,8.689037799835205,0.993025541305542,False,,220,type:lambda-function|arch:x86_64|lambda:True|mem:1024,False,,stage3,0,9.917842058035044,263.7359751187838,40.0,40.0,0,0.0,0,0.0,0,427.03306418198804,13,0.0,0,0,47.23076923076923,0,0.0,0,0,0,109.73279109367958,20466.144937672983,476.5126943384616,476.5126943588257,53.56429796952468,20
x86,0,0.5120610396067301,14.347001751263937,2.0,2.0,0,0.0,0,0.0,0,23.23784903685252,0.0,0,0,1.8333333333333333,0,0.0,0,0,0,5.922218938668569,1111.902184468309,25.577701032500002,25.577701032161713,2.9686283469200134,,type:lambda-function|arch:x86_64|lambda:True|mem:1024,aws,5.739948460645676,0.24700859582755647,4,x86_64,Intel(R) Xeon(R) Processor @ 2.50GHz,False,,video,video_stage3_aws_1024Mb_x86_analysis.json,0,0.7632787227630615,16.23765730857849,2,2,0,0.0,0,0.0,0,14.347001751263937,0.0,0,0,7.3,0,0.0,0,0,0,7.3501598834991455,1253.3515782737732,27.58863258,27.588632583618164,3.631246328353882,"null, null, null, psutil",1024,0,0.44120216369628906,12.883174657821655,2,2,0,0.0,0,0.0,0,2.9686283469200134,0.0,0,0,0.0,0,0.0,0,0,0,5.259647369384766,947.1956193685533,24.02271461,24.022714614868164,2.6107025146484375,False,,220,type:lambda-function|arch:x86_64|lambda:True|mem:1024,False,,stage3,0,12.289464950561523,344.3280420303345,48.0,48.0,0,0.0,0,0.0,0,557.7083768844604,12,0.0,0,0,44.0,0,0.0,0,0,0,142.13325452804565,26685.652427239416,613.86482478,613.8648247718811,71.24708032608032,24
x86,0,0.5096213647297451,14.223445790154594,2.0,2.0,0,0.0,0,0.0,0,23.03292695113591,0.0,0,0,2.35,0,0.0,0,0,0,5.9655028241021295,1071.5025432782513,25.384180257142855,25.38418025629861,2.8439783368791853,,type:lambda-function|arch:x86_64|lambda:True|mem:1024,aws,6.638935557012559,0.2882367304466768,4,x86_64,Intel(R) Xeon(R) Processor @ 2.50GHz,False,,video,video_stage3_aws_1024Mb_x86_analysis.json,0,0.6982784271240234,16.10538411140442,2,2,0,0.0,0,0.0,0,14.223445790154594,0.0,0,0,3.8,0,0.0,0,0,0,6.823750019073486,1238.56532875061,27.06655002,27.0665500164032,3.167912721633911,"null, null, null, psutil",1024,0,0.4673044681549072,13.298134803771973,2,2,0,0.0,0,0.0,0,2.8439783368791853,0.0,0,0,0.0,0,0.0,0,0,0,5.241630554199219,927.7481109023093,24.2458849,24.245884895324707,2.4729256629943848,False,,220,type:lambda-function|arch:x86_64|lambda:True|mem:1024,False,,stage3,0,14.269398212432861,398.2564821243286,56.0,56.0,0,0.0,0,0.0,0,644.9219546318054,14,0.0,0,0,65.8,0,0.0,0,0,0,167.03407907485962,30002.071211791037,710.7570472,710.7570471763611,79.63139343261719,28
x86,0,1.7587447762489319,74.65728825330734,2.0,2.0,0,0.0,0,0.0,0,76.00683059692383,0.0,0,0,2.9325,0,0.0,0,0,0,0.6042507588863373,4565.524153597951,79.67789589175,79.67789589166641,0.7452915847301483,,type:lambda-function|arch:x86_64|lambda:True|mem:1024,aws,4.978147980730534,0.06549606057290344,4,x86_64,Intel(R) Xeon(R) Processor @ 2.90GHz,False,,ml,ml_stage1_aws_1024Mb_x86_analysis.json,0,2.0447070598602295,91.94180107116699,2,2,0,0.0,0,0.0,0,74.65728825330734,0.0,0,0,15.1,0,0.0,0,0,0,0.7712976932525635,6016.749895229339,97.1540432,97.15404319763184,0.9714682102203369,"null, null, null, psutil",1024,0,1.3169312477111816,59.29996466636658,2,2,0,0.0,0,0.0,0,0.6042507588863373,0.0,0,0,1.9,0,0.0,0,0,0,0.4708750247955322,3258.2886336421966,64.36529732,64.36529731750488,0.5750494003295898,False,,220,type:lambda-function|arch:x86_64|lambda:True|mem:1024,False,,stage1,0,7.0349791049957275,298.62915301322937,8.0,8.0,0,0.0,0,0.0,0,304.02732238769534,10,0.0,0,0,11.73,0,0.0,0,0,0,2.417003035545349,18262.096614391805,318.711583567,318.71158356666564,2.9811663389205934,4
x86,0,1.7397562074661255,72.54108755588531,2.0,2.0,0,0.0,0,0.0,0,73.83767366409302,0.0,0,0,2.7259999999999995,0,0.0,0,0,0,0.5791695594787598,4438.5047829894065,77.4844963118,77.48449631214142,0.7174165487289429,,type:lambda-function|arch:x86_64|lambda:True|mem:1024,aws,6.046299647783042,0.08188637788467237,4,x86_64,Intel(R) Xeon(R) Processor @ 2.90GHz,False,,ml,ml_stage1_aws_1024Mb_x86_analysis.json,0,2.019897222518921,88.60481095314026,2,2,0,0.0,0,0.0,0,72.54108755588531,0.0,0,0,12.2,0,0.0,0,0,0,0.869659423828125,5712.024687018395,93.73194432,93.73194432258606,1.0040326118469238,"null, null, null, psutil",1024,0,1.3609306812286377,59.019197940826416,2,2,0,0.0,0,0.0,0,0.5791695594787598,0.0,0,0,0.0,0,0.0,0,0,0,0.4186208248138428,3288.5862176775936,63.32862639,63.32862639427185,0.4952559471130371,False,,220,type:lambda-function|arch:x86_64|lambda:True|mem:1024,False,,stage1,0,8.698781037330628,362.7054377794266,10.0,10.0,0,0.0,0,0.0,0,369.1883683204651,10,0.0,0,0,13.629999999999997,0,0.0,0,0,0,2.895847797393799,22192.523914947033,387.422481559,387.42248156070707,3.5870827436447144,5
x86,0,1.7893609881401062,72.14227411746978,2.0,2.0,0,0.0,0,0.0,0,73.51373054981232,0.0,0,0,2.6,0,0.0,0,0,0,0.6104002237319947,4405.113722412705,77.092432002,77.09243200222652,0.7610562086105347,,type:lambda-function|arch:x86_64|lambda:True|mem:1024,aws,7.215670257229329,0.09815404827456073,4,x86_64,Intel(R) Xeon(R) Processor @ 2.90GHz,False,,ml,ml_stage1_aws_1024Mb_x86_analysis.json,0,2.106299638748169,92.72724390029907,2,2,0,0.0,0,0.0,0,72.14227411746978,0.0,0,0,5.5,0,0.0,0,0,0,0.77705979347229,6194.920181121826,97.77336144,97.77336144447327,1.0774593353271484,"null, null, null, psutil",1024,0,1.3639311790466309,56.18091344833374,2,2,0,0.0,0,0.0,0,0.6104002237319947,0.0,0,0,0.0,0,0.0,0,0,0,0.46314358711242676,3233.109447112083,60.8278842,60.82788419723511,0.520704984664917,False,,220,type:lambda-function|arch:x86_64|lambda:True|mem:1024,False,,stage1,0,10.736165928840638,432.8536447048187,12.0,12.0,0,0.0,0,0.0,0,441.08238329887394,10,0.0,0,0,15.600000000000001,0,0.0,0,0,0,3.662401342391968,26430.68233447623,462.55459201199994,462.55459201335907,4.566337251663208,6
x86,0,1.7299961907523018,71.94709138529642,2.0,2.0,0,0.0,0,0.0,0,73.18023094449724,0.0,0,0,2.9228571428571426,0,0.0,0,0,0,0.5496192727770124,4423.246705042362,76.83822380442857,76.83822380474635,0.6835202864238195,,type:lambda-function|arch:x86_64|lambda:True|mem:1024,aws,8.39550609375024,0.11472368951824875,4,x86_64,Intel(R) Xeon(R) Processor @ 2.90GHz,False,,ml,ml_stage1_aws_1024Mb_x86_analysis.json,0,2.01196551322937,88.73118853569031,2,2,0,0.0,0,0.0,0,71.94709138529642,0.0,0,0,16.0,0,0.0,0,0,0,0.7415404319763184,5818.702922286988,93.80709982,93.80709981918335,0.9284467697143555,"null, null, null, psutil",1024,0,1.3436050415039062,57.205583572387695,2,2,0,0.0,0,0.0,0,0.5496192727770124,0.0,0,0,0.0,0,0.0,0,0,0,0.44115519523620605,3238.580650234222,61.84967446,61.849674463272095,0.5487179756164551,False,,220,type:lambda-function|arch:x86_64|lambda:True|mem:1024,False,,stage1,0,12.109973335266112,503.62963969707494,14.0,14.0,0,0.0,0,0.0,0,512.2616166114807,10,0.0,0,0,20.459999999999997,0,0.0,0,0,0,3.8473349094390867,30962.726935296534,537.8675666309999,537.8675666332244,4.784642004966736,7
x86,0,1.8140654295682908,70.72160019576549,2.0,2.0,0,0.0,0,0.0,0,72.06246422827243,0.0,0,0,2.29125,0,0.0,0,0,0,0.5901789098978043,4362.20819835326,75.636130371625,75.6361303716898,0.7506851226091384,,type:lambda-function|arch:x86_64|lambda:True|mem:1024,aws,9.431432602107286,0.13087857462424982,4,x86_64,Intel(R) Xeon(R) Processor @ 2.90GHz,False,,ml,ml_stage1_aws_1024Mb_x86_analysis.json,0,2.106027126312256,95.07627940177917,2,2,0,0.0,0,0.0,0,70.72160019576549,0.0,0,0,5.7,0,0.0,0,0,0,0.7262470722198486,6488.403333806991,100.31545043,100.31545042991638,1.0412507057189941,"null, null, null, psutil",1024,0,1.3451576232910156,56.89024615287781,2,2,0,0.0,0,0.0,0,0.5901789098978043,0.0,0,0,0.0,0,0.0,0,0,0,0.4380929470062256,3265.499491045475,61.80868959,61.8086895942688,0.5261251926422119,False,,220,type:lambda-function|arch:x86_64|lambda:True|mem:1024,False,,stage1,0,14.512523436546326,565.7728015661239,16.0,16.0,0,0.0,0,0.0,0,576.4997138261795,10,0.0,0,0,18.33,0,0.0,0,0,0,4.721431279182434,34897.66558682608,605.089042973,605.0890429735184,6.0054809808731076,8
x86,0,2.039329107602437,69.80425701406267,2.0,2.0,0,0.0,0,0.0,0,71.0326993809806,0.0,0,0,2.31,0,0.0,0,0,0,0.5523046599494086,4308.096905533924,74.70689837366666,74.70689837402767,0.6761377069685194,,type:lambda-function|arch:x86_64|lambda:True|mem:1024,aws,10.472732679819822,0.1474353751312449,4,x86_64,Intel(R) Xeon(R) Processor @ 2.90GHz,False,,ml,ml_stage1_aws_1024Mb_x86_analysis.json,0,3.696329355239868,90.36507678031921,2,2,0,0.0,0,0.0,0,69.80425701406267,0.0,0,0,9.8,0,0.0,0,0,0,0.7423784732818604,5913.0345855903615,95.87125754,95.87125754356384,0.976116418838501,"null, null, null, psutil",1024,0,1.3366990089416504,55.37125849723816,2,2,0,0.0,0,0.0,0,0.5523046599494086,0.0,0,0,0.0,0,0.0,0,0,0,0.4429295063018799,3230.110315904617,59.84312582,59.84312582015991,0.5210347175598145,False,,220,type:lambda-function|arch:x86_64|lambda:True|mem:1024,False,,stage1,0,18.353961968421935,628.238313126564,18.0,18.0,0,0.0,0,0.0,0,639.2942944288254,10,0.0,0,0,20.79,0,0.0,0,0,0,4.970741939544677,38772.87214980531,672.362085363,672.3620853662491,6.085239362716674,9
x86,0,1.8531932735443115,68.87360803842544,2.0,2.0,0,0.0,0,0.0,0,70.19164534807206,0.0,0,0,2.4629999999999996,0,0.0,0,0,0,0.5736812949180603,4218.586884855771,73.7400545167,73.7400545167923,0.7443560147285462,,type:lambda-function|arch:x86_64|lambda:True|mem:1024,aws,11.481230460005523,0.16356975823933834,4,x86_64,Intel(R) Xeon(R) Processor @ 2.90GHz,False,,ml,ml_stage1_aws_1024Mb_x86_analysis.json,0,2.4367566108703613,91.15835380554199,2,2,0,0.0,0,0.0,0,68.87360803842544,0.0,0,0,7.1,0,0.0,0,0,0,0.7306513786315918,6132.7488493824,96.29060841,96.2906084060669,1.204280138015747,"null, null, null, psutil",1024,0,1.3682873249053955,57.00153350830078,2,2,0,0.0,0,0.0,0,0.5736812949180603,0.0,0,0,0.0,0,0.0,0,0,0,0.4376401901245117,3230.8495967102044,61.83297086,61.83297085762024,0.526397705078125,False,,220,type:lambda-function|arch:x86_64|lambda:True|mem:1024,False,,stage1,0,18.531932735443114,688.7360803842545,20.0,20.0,0,0.0,0,0.0,0,701.9164534807205,10,0.0,0,0,24.629999999999995,0,0.0,0,0,0,5.736812949180603,42185.868848557715,737.400545167,737.4005451679229,7.443560147285462,10
x86,0,1.834135146935781,67.875725766023,2.0,2.0,0,0.0,0,0.0,0,69.12987503608068,0.0,0,0,2.378333333333333,0,0.0,0,0,0,0.5533954600493113,4178.036761761268,72.65805921008334,72.65805920958519,0.7007538100083669,,type:lambda-function|arch:x86_64|lambda:True|mem:1024,aws,13.577860182235241,0.19641088856516237,4,x86_64,Intel(R) Xeon(R) Processor @ 2.50GHz,False,,ml,ml_stage1_aws_1024Mb_x86_analysis.json,0,2.354315757751465,90.84162497520447,2,2,0,0.0,0,0.0,0,67.875725766023,0.0,0,0,12.0,0,0.0,0,0,0,0.753314733505249,5858.929820272922,96.31645274,96.31645274162292,0.972942590713501,"null, null, null, psutil",1024,0,1.3513610363006592,56.35353660583496,2,2,0,0.0,0,0.0,0,0.5533954600493113,0.0,0,0,0.0,0,0.0,0,0,0,0.4209561347961426,3226.461924419403,60.82883692,60.8288369178772,0.515949010848999,False,,220,type:lambda-function|arch:x86_64|lambda:True|mem:1024,False,,stage1,0,22.009621763229372,814.508709192276,24.0,24.0,0,0.0,0,0.0,0,829.5585004329681,10,0.0,0,0,28.539999999999996,0,0.0,0,0,0,6.640745520591736,50136.44114113522,871.896710521,871.8967105150223,8.409045720100403,12
x86,0,2.243988072872162,66.87264894992113,2.0,2.0,0,0.0,0,0.0,0,68.18714204877615,0.0,0,0,2.503125,0,0.0,0,0,0,0.5797160506248474,4183.153180916309,71.7864671231875,71.78646712303161,0.7347770482301712,,type:lambda-function|arch:x86_64|lambda:True|mem:1024,aws,17.836272927922966,0.26157824469552027,4,x86_64,Intel(R) Xeon(R) Processor @ 2.50GHz,False,,ml,ml_stage1_aws_1024Mb_x86_analysis.json,0,4.013642072677612,93.90428638458252,2,2,0,0.0,0,0.0,0,66.87264894992113,0.0,0,0,18.9,0,0.0,0,0,0,0.8216688632965088,6261.697814683914,99.34472179,99.34472179412842,1.0645248889923096,"null, null, null, psutil",1024,0,1.2790606021881104,56.41882395744324,2,2,0,0.0,0,0.0,0,0.5797160506248474,0.0,0,0,0.0,0,0.0,0,0,0,0.42776966094970703,3202.459094831944,61.32427549,61.324275493621826,0.49347853660583496,False,,220,type:lambda-function|arch:x86_64|lambda:True|mem:1024,False,,stage1,0,35.90380916595459,1069.962383198738,32.0,32.0,0,0.0,0,0.0,0,1090.9942727804184,10,0.0,0,0,40.05,0,0.0,0,0,0,9.275456809997559,66930.45089466094,1148.583473971,1148.5834739685058,11.75643277168274,16
x86,0,1.875522357225418,65.37492042183877,2.0,2.0,0,0.0,0,0.0,0,66.53266088843347,0.0,0,0,2.628,0,0.0,0,0,0,0.5043466794490814,4116.565150272799,70.0927301503,70.09273015022278,0.6533937871456146,,type:lambda-function|arch:x86_64|lambda:True|mem:1024,aws,21.79599846864104,0.3275984783652358,4,x86_64,Intel(R) Xeon(R) Processor @ 2.90GHz,False,,ml,ml_stage1_aws_1024Mb_x86_analysis.json,0,2.2301461696624756,98.51683211326599,2,2,0,0.0,0,0.0,0,65.37492042183877,0.0,0,0,7.3,0,0.0,0,0,0,0.7364938259124756,6690.089177026748,103.43366075,103.43366074562073,1.0806348323822021,"null, null, null, psutil",1024,0,1.3376648426055908,56.55970907211304,2,2,0,0.0,0,0.0,0,0.5043466794490814,0.0,0,0,0.0,0,0.0,0,0,0,0.4224557876586914,3184.832898817062,61.33190989,61.33190989494324,0.5080282688140869,False,,220,type:lambda-function|arch:x86_64|lambda:True|mem:1024,False,,stage1,0,37.51044714450836,1307.4984084367752,40.0,40.0,0,0.0,0,0.0,0,1330.6532177686695,10,0.0,0,0,52.56,0,0.0,0,0,0,10.086933588981628,82331.30300545598,1401.854603006,1401.8546030044556,13.067875742912292,20
x86,0,2.064255146185557,63.92831626137097,2.0,2.0,0,0.0,0,0.0,0,65.28851489722729,0.0,0,0,2.319583333333333,0,0.0,0,0,0,0.5866422384977341,4037.6193371603586,68.700305565,68.70030556519826,0.7735563973585765,,type:lambda-function|arch:x86_64|lambda:True|mem:1024,aws,25.576440769849302,0.39174486983062773,4,x86_64,Intel(R) Xeon(R) Processor @ 2.50GHz,False,,ml,ml_stage1_aws_1024Mb_x86_analysis.json,0,3.314603805541992,95.11073517799377,2,2,0,0.0,0,0.0,0,63.92831626137097,0.0,0,0,5.6,0,0.0,0,0,0,0.7408599853515625,6392.530564892293,100.36945462,100.36945462226868,0.996945858001709,"null, null, null, psutil",1024,0,1.3202974796295166,55.77626323699951,2,2,0,0.0,0,0.0,0,0.5866422384977341,0.0,0,0,0.0,0,0.0,0,0,0,0.44064974784851074,3220.352560091019,60.33925438,60.33925437927246,0.522423267364502,False,,220,type:lambda-function|arch:x86_64|lambda:True|mem:1024,False,,stage1,0,49.54212350845337,1534.2795902729033,48.0,48.0,0,0.0,0,0.0,0,1566.924357533455,10,0.0,0,0,55.669999999999995,0,0.0,0,0,0,14.079413723945619,96902.8640918486,1648.8073335599997,1648.8073335647582,18.565353536605837,24
x86,0,3.181244124685015,63.32852177109037,2.0,2.0,0,0.0,0,0.0,0,64.51139122332846,0.0,0,0,2.3825000000000003,0,0.0,0,0,0,0.5478741535118647,4013.39690374709,68.40856621067857,68.40856621095112,0.6349952987262181,,type:lambda-function|arch:x86_64|lambda:True|mem:1024,aws,29.559220821874145,0.4582015712472344,4,x86_64,Intel(R) Xeon(R) Processor @ 2.90GHz,False,,ml,ml_stage1_aws_1024Mb_x86_analysis.json,0,4.096530914306641,90.62524461746216,2,2,0,0.0,0,0.0,0,63.32852177109037,0.0,0,0,5.6,0,0.0,0,0,0,0.766909122467041,5948.603319017888,96.39609981,96.39609980583191,1.3823094367980957,"null, null, null, psutil",1024,0,1.3799235820770264,54.762712478637695,2,2,0,0.0,0,0.0,0,0.5478741535118647,0.0,0,0,0.0,0,0.0,0,0,0,0.46232056617736816,3219.3544149112695,59.38187075,59.38187074661255,0.47556185722351074,False,,220,type:lambda-function|arch:x86_64|lambda:True|mem:1024,False,,stage1,0,89.07483549118042,1773.1986095905304,56.0,56.0,0,0.0,0,0.0,0,1806.3189542531968,10,0.0,0,0,66.71000000000001,0,0.0,0,0,0,15.340476298332213,112375.11330491853,1915.439853899,1915.4398539066315,17.779868364334106,28
arm,0,1.8058293065716675,2.6369323871954626,2.0,0.0,0,0.0,0,0.0,0,3.9878769725121943,0.0,0,0,1.9833333333333334,0,0.0,0,0,0,0.5051964290439462,174.45123837826978,7.5523249375,7.4442618479119735,0.8457481562727852,,type:lambda-function|arch:aarch64|lambda:True|mem:1024,aws,0.14070671218074987,0.03528361410109163,4,aarch64,aarch64,False,,ml,ml_stage0_aws_1024Mb_arm_analysis.json,0,1.885648056566006,2.7450520625362147,2,0,0,0.0,0,0.0,0,2.6369323871954626,0.0,0,0,2.1,0,0.0,0,0,0,0.5762330275699133,180.9762751701996,7.702638,7.540507117314696,0.9286491870880127,"null, null, null, psutil",1024,0,1.7530064582824707,2.517147242630489,2,0,0,0.0,0,0.0,0,0.5051964290439462,0.0,0,0,1.8,0,0.0,0,0,0,0.4714976487668181,169.26884474486513,7.42494425,7.304970731884687,0.7966142339601573,False,,100,type:lambda-function|arch:aarch64|lambda:True|mem:1024,False,,stage0,0,7.22331722628667,10.54772954878185,8.0,0.0,0,0.0,0,0.0,0,15.951507890048777,12,0.0,0,0,7.933333333333334,0,0.0,0,0,0,2.020785716175785,697.8049535130791,30.20929975,29.777047391647894,3.382992625091141,4
arm,0,1.8218089006034808,2.67132530027494,2.0,0.0,0,0.0,0,0.0,0,4.29763695301247,0.0,0,0,1.9749999999999999,0,0.0,0,0,0,0.4605355347292412,182.13504471418113,7.633469963333333,7.605893263443857,1.1657761180082886,,type:lambda-function|arch:aarch64|lambda:True|mem:1024,aws,0.1781773975283385,0.041459387909312195,4,aarch64,aarch64,False,,ml,ml_stage0_aws_1024Mb_arm_analysis.json,0,1.879213571548462,2.8338003428077125,2,0,0,0.0,0,0.0,0,2.67132530027494,0.0,0,0,2.2,0,0.0,0,0,0,0.5206561088562012,197.6515604401005,9.02580905,9.025809049606323,2.2508888244628906,"null, null, null, psutil",1024,0,1.7907280536790173,2.482977433778391,2,0,0,0.0,0,0.0,0,0.4605355347292412,0.0,0,0,1.9,0,0.0,0,0,0,0.41548599571974143,170.6882760777977,6.86106762,6.858882296458861,0.7579871448603022,False,,100,type:lambda-function|arch:aarch64|lambda:True|mem:1024,False,,stage0,0,9.109044503017405,13.3566265013747,10.0,0.0,0,0.0,0,0.0,0,21.48818476506235,12,0.0,0,0,9.875,0,0.0,0,0,0,2.302677673646206,910.6752235709057,38.167349816666665,38.02946631721929,5.828880590041443,5
arm,0,1.6802294910748687,2.7530788959251407,2.0,0.0,0,0.0,0,0.0,0,4.143898812022775,0.0,0,0,2.4499999999999997,0,0.0,0,0,0,0.5390787020292226,184.54902373143892,7.421730234999999,7.342248524301563,0.8517412140684119,,type:lambda-function|arch:aarch64|lambda:True|mem:1024,aws,0.22035643482984824,0.053176113806284016,4,aarch64,aarch64,False,,ml,ml_stage0_aws_1024Mb_arm_analysis.json,0,1.788250035699983,2.9585168378978137,2,0,0,0.0,0,0.0,0,2.7530788959251407,0.0,0,0,3.9,0,0.0,0,0,0,0.5710956043232523,199.02430107419576,7.92855482,7.799845102865197,0.9936294659298449,"null, null, null, psutil",1024,0,1.5777840183897653,2.53849182132166,2,0,0,0.0,0,0.0,0,0.5390787020292226,0.0,0,0,1.9,0,0.0,0,0,0,0.4815206762149749,171.49094108341336,6.98889756,6.8621431386341465,0.79386305809021,False,,100,type:lambda-function|arch:aarch64|lambda:True|mem:1024,False,,stage0,0,10.081376946449213,16.518473375550844,12.0,0.0,0,0.0,0,0.0,0,24.86339287213665,12,0.0,0,0,14.7,0,0.0,0,0,0,3.2344722121753353,1107.2941423886336,44.53038141,44.053491145809375,5.110447284410471,6
arm,0,2.475521343805662,2.8184053158939992,2.0,0.0,0,0.0,0,0.0,0,4.232195124611931,0.0,0,0,1.875,0,0.0,0,0,0,0.5068885278994405,195.74020095941728,8.05207927,8.097509159283105,0.9069012808184916,,type:lambda-function|arch:aarch64|lambda:True|mem:1024,aws,0.26318268839818165,0.062185858791733765,4,aarch64,aarch64,False,,ml,ml_stage0_aws_1024Mb_arm_analysis.json,0,3.293355941772461,2.869344666329001,2,0,0,0.0,0,0.0,0,2.8184053158939992,0.0,0,0,2.0,0,0.0,0,0,0,0.5937187671661377,207.8176650149234,8.76252744,8.83988121067913,1.0709387080400594,"null, null, null, psutil",1024,0,1.745077921481711,2.7634254382525194,2,0,0,0.0,0,0.0,0,0.5068885278994405,0.0,0,0,1.8,0,0.0,0,0,0,0.426298257515961,185.1381598446234,7.35600964,7.418902599827147,0.7613302964912887,False,,100,type:lambda-function|arch:aarch64|lambda:True|mem:1024,False,,stage0,0,17.328649406639634,19.728837211257996,14.0,0.0,0,0.0,0,0.0,0,29.62536587228352,12,0.0,0,0,13.125,0,0.0,0,0,0,3.5482196952960834,1370.181406715921,56.36455489,56.68256411498173,6.348308965729442,7
arm,0,1.7481847769452319,2.8026375440464815,2.0,0.0,0,0.0,0,0.0,0,4.25580665581591,0.0,0,0,2.158333333333333,0,0.0,0,0,0,0.49205978663227073,193.59851761628758,7.854248182916667,7.851735293666834,0.9611093251371581,,type:lambda-function|arch:aarch64|lambda:True|mem:1024,aws,0.2990974787006405,0.07027985594502965,4,aarch64,aarch64,False,,ml,ml_stage0_aws_1024Mb_arm_analysis.json,0,2.042214921974529,2.9931209933409337,2,0,0,0.0,0,0.0,0,2.8026375440464815,0.0,0,0,3.9,0,0.0,0,0,0,0.5440242164621816,201.64305569874034,8.25941213,8.270529044146112,1.12433270288285,"null, null, null, psutil",1024,0,1.509730370708634,2.631408380654793,2,0,0,0.0,0,0.0,0,0.49205978663227073,0.0,0,0,1.8,0,0.0,0,0,0,0.4520363303658184,186.2797612063797,7.4040702,7.373499793488737,0.7911862777665164,False,,100,type:lambda-function|arch:aarch64|lambda:True|mem:1024,False,,stage0,0,13.985478215561855,22.42110035237185,16.0,0.0,0,0.0,0,0.0,0,34.04645324652728,24,0.0,0,0,17.266666666666666,0,0.0,0,0,0,3.936478293058166,1548.7881409303006,62.833985463333335,62.81388234933467,7.688874601097265,8
arm,0,1.6627030656738746,2.8195850382235936,2.0,0.0,0,0.0,0,0.0,0,4.194881739268486,0.0,0,0,2.158333333333333,0,0.0,0,0,0,0.4769531605569719,191.14069892058464,7.6387907679166664,7.576664597298589,0.8983435404879204,,type:lambda-function|arch:aarch64|lambda:True|mem:1024,aws,0.3385193796891246,0.08069819382993058,4,aarch64,aarch64,False,,ml,ml_stage0_aws_1024Mb_arm_analysis.json,0,1.849795908156189,3.0023837388859542,2,0,0,0.0,0,0.0,0,2.8195850382235936,0.0,0,0,3.9,0,0.0,0,0,0,0.5499795690886115,196.29825407266617,7.88626972,7.774188280105591,1.0159469442651416,"null, null, null, psutil",1024,0,1.5156307417484958,2.6225784383363457,2,0,0,0.0,0,0.0,0,0.4769531605569719,0.0,0,0,1.8,0,0.0,0,0,0,0.44464329673411074,185.30247287938514,7.41667761,7.305854627885878,0.7852187581014107,False,,100,type:lambda-function|arch:aarch64|lambda:True|mem:1024,False,,stage0,0,14.96432759106487,25.376265344012342,18.0,0.0,0,0.0,0,0.0,0,37.75393565341638,24,0.0,0,0,19.424999999999997,0,0.0,0,0,0,4.292578445012747,1720.2662902852617,68.74911691125,68.18998137568731,8.085091864391284,9
arm,0,2.0267338881426578,2.876938879394348,2.0,0.0,0,0.0,0,0.0,0,4.223752853584509,0.0,0,0,1.9666666666666668,0,0.0,0,0,0,0.49995327779301174,195.21741709099223,7.93417649625,7.938787175703557,0.8468606963971491,,type:lambda-function|arch:aarch64|lambda:True|mem:1024,aws,0.383783646511206,0.0908631872685226,4,aarch64,aarch64,False,,ml,ml_stage0_aws_1024Mb_arm_analysis.json,0,3.160042403213156,2.993097598015834,2,0,0,0.0,0,0.0,0,2.876938879394348,0.0,0,0,2.1,0,0.0,0,0,0,0.5709496892871831,212.4013961626817,8.77610811,8.810095138207652,0.9740272324457602,"null, null, null, psutil",1024,0,1.5074138310972953,2.693833589553833,2,0,0,0.0,0,0.0,0,0.49995327779301174,0.0,0,0,1.8,0,0.0,0,0,0,0.4253723987001711,185.89618190253114,7.2988102,7.48884780422571,0.761288640337114,False,,100,type:lambda-function|arch:aarch64|lambda:True|mem:1024,False,,stage0,0,20.26733888142658,28.76938879394348,20.0,0.0,0,0.0,0,0.0,0,42.23752853584509,24,0.0,0,0,19.666666666666668,0,0.0,0,0,0,4.999532777930117,1952.1741709099224,79.34176496250001,79.38787175703557,8.46860696397149,10
arm,0,2.302033034865582,2.763871446206649,2.0,0.0,0,0.0,0,0.0,0,4.219017816206384,0.0,0,0,2.35,0,0.0,0,0,0,0.549109805127835,191.48633784202886,7.891605769999999,7.940793856457373,0.9060365648719003,,type:lambda-function|arch:aarch64|lambda:True|mem:1024,aws,0.44244054110876035,0.1048681376526136,4,aarch64,aarch64,False,,ml,ml_stage0_aws_1024Mb_arm_analysis.json,0,3.008809341190186,2.913400540102746,2,0,0,0.0,0,0.0,0,2.763871446206649,0.0,0,0,3.8,0,0.0,0,0,0,0.6592870685448906,197.4296236038208,8.15635635,8.210296001752818,0.9530870914459229,"null, null, null, psutil",1024,0,1.6286804676055908,2.624313534976099,2,0,0,0.0,0,0.0,0,0.549109805127835,0.0,0,0,1.8,0,0.0,0,0,0,0.4990168729063542,184.63505816739675,7.52412993,7.708512448104023,0.8206906009841908,False,,100,type:lambda-function|arch:aarch64|lambda:True|mem:1024,False,,stage0,0,27.624396418386986,33.16645735447979,24.0,0.0,0,0.0,0,0.0,0,50.62821379447661,12,0.0,0,0,28.200000000000003,0,0.0,0,0,0,6.58931766153402,2297.836054104346,94.69926923999999,95.28952627748848,10.872438778462804,12
arm,0,2.562849253076695,2.7740448401823783,2.0,0.0,0,0.0,0,0.0,0,4.42988107656077,0.0,0,0,2.238888888888889,0,0.0,0,0,0,0.5750814548809865,195.22179046907686,8.132694263888888,8.105528299683526,1.080754781497405,,type:lambda-function|arch:aarch64|lambda:True|mem:1024,aws,0.5920921306885267,0.13365869657796992,4,aarch64,aarch64,False,,ml,ml_stage0_aws_1024Mb_arm_analysis.json,0,3.2090783216160403,2.919739622134794,2,0,0,0.0,0,0.0,0,2.7740448401823783,0.0,0,0,3.9,0,0.0,0,0,0,0.6501064539243959,205.59756296259312,8.7836346,8.691487653707073,1.19132295527319,"null, null, null, psutil",1024,0,1.5461202047846156,2.6379411149526497,2,0,0,0.0,0,0.0,0,0.5750814548809865,0.0,0,0,0.0,0,0.0,0,0,0,0.5280431923199048,185.6722004649655,7.79552274,7.807824440897042,0.9830708038748934,False,,100,type:lambda-function|arch:aarch64|lambda:True|mem:1024,False,,stage0,0,41.00558804922712,44.38471744291805,32.0,0.0,0,0.0,0,0.0,0,70.87809722497232,18,0.0,0,0,35.82222222222222,0,0.0,0,0,0,9.201303278095784,3123.54864750523,130.1231082222222,129.6884527949364,17.29207650395848,16
arm,0,1.7976950362675752,2.6697833923986374,2.0,0.0,0,0.0,0,0.0,0,4.198895000353375,0.0,0,0,2.475,0,0.0,0,0,0,0.5383712356786594,184.52026477898983,7.6081003075,7.7021390520745285,0.9907403722760787,,type:lambda-function|arch:aarch64|lambda:True|mem:1024,aws,0.7122982090919564,0.16963944300393555,4,aarch64,aarch64,False,,ml,ml_stage0_aws_1024Mb_arm_analysis.json,0,1.934395240040873,2.7708253860473633,2,0,0,0.0,0,0.0,0,2.6697833923986374,0.0,0,0,3.8,0,0.0,0,0,0,0.6813539685437887,195.1757052613206,8.14680268,8.211614101448278,1.0490707431995239,"null, null, null, psutil",1024,0,1.490333696952158,2.5865291611881065,2,0,0,0.0,0,0.0,0,0.5383712356786594,0.0,0,0,1.9,0,0.0,0,0,0,0.45318771578564643,176.44929491658732,7.27084348,7.308224884628384,0.8773739337921143,False,,100,type:lambda-function|arch:aarch64|lambda:True|mem:1024,False,,stage0,0,35.9539007253515,53.395667847972746,40.0,0.0,0,0.0,0,0.0,0,83.9779000070675,20,0.0,0,0,49.5,0,0.0,0,0,0,10.767424713573188,3690.4052955797965,152.16200615,154.04278104149057,19.814807445521573,20
arm,0,1.6763425079276948,2.9028345646849263,2.0,0.0,0,0.0,0,0.0,0,4.295305370329751,0.0,0,0,1.9235294117647057,0,0.0,0,0,0,0.5180536367163391,190.7117079471038,7.631995753529412,7.638845154384419,0.874417168928486,,type:lambda-function|arch:aarch64|lambda:True|mem:1024,aws,0.9293715142295259,0.2163691365576129,4,aarch64,aarch64,False,,ml,ml_stage0_aws_1024Mb_arm_analysis.json,0,1.7168174046192284,3.038683954047797,2,0,0,0.0,0,0.0,0,2.9028345646849263,0.0,0,0,2.0,0,0.0,0,0,0,0.6331159180928225,201.91016817474957,7.779407,7.829917690456798,0.9266143078879829,"null, null, null, psutil",1024,0,1.62492513658662,2.7417656802050367,2,0,0,0.0,0,0.0,0,0.5180536367163391,0.0,0,0,1.8,0,0.0,0,0,0,0.4080860316697758,182.38701537171275,7.4269195,7.31317451628401,0.8304661196177369,False,,100,type:lambda-function|arch:aarch64|lambda:True|mem:1024,False,,stage0,0,40.23222019026468,69.66802955243823,48.0,0.0,0,0.0,0,0.0,0,103.08732888791403,17,0.0,0,0,46.16470588235293,0,0.0,0,0,0,12.433287281192138,4577.080990730491,183.16789808470588,183.33228370522605,20.986012054283663,24
arm,0,1.973628110471168,2.706130128604072,2.0,0.0,0,0.0,0,0.0,0,4.2758500462833275,0.0,0,0,2.18,0,0.0,0,0,0,0.5541225813221254,188.1810481740343,7.781379672,7.78539597043051,1.0155973363571302,,type:lambda-function|arch:aarch64|lambda:True|mem:1024,aws,1.010793725636193,0.2363959714898794,4,aarch64,aarch64,False,,ml,ml_stage0_aws_1024Mb_arm_analysis.json,0,2.994450846678816,2.84896547422003,2,0,0,0.0,0,0.0,0,2.706130128604072,0.0,0,0,3.8,0,0.0,0,0,0,0.5974397659301758,210.1824803803228,9.0887723,9.196551519375195,1.2038783395891461,"null, null, null, psutil",1024,0,1.6734106184503028,2.558471483288188,2,0,0,0.0,0,0.0,0,0.5541225813221254,0.0,0,0,1.8,0,0.0,0,0,0,0.488127665807908,172.09667871571924,7.26090121,7.317606835532583,0.884195945380978,False,,100,type:lambda-function|arch:aarch64|lambda:True|mem:1024,False,,stage0,0,55.2615870931927,75.77164360091402,56.0,0.0,0,0.0,0,0.0,0,119.72380129593317,20,0.0,0,0,61.040000000000006,0,0.0,0,0,0,15.515432277019512,5269.06934887296,217.878630816,217.99108717205428,28.436725417999646,28
x86,0,0.7080890791756767,27.224598237446376,2.0,2.0,0,0.0,0,0.0,0,37.443482364927014,0.0,0,0,2.357142857142857,0,0.0,0,0,0,6.758613586425781,1137.0932472222194,40.527904545714286,40.52790454455784,3.4602705410548618,,type:lambda-function|arch:x86_64|lambda:True|mem:512,aws,0.9076681052364622,0.024241017338885847,4,x86_64,Intel(R) Xeon(R) Processor @ 2.50GHz,False,,video,video_stage3_aws_512Mb_x86_analysis.json,0,0.7908389568328857,28.556816339492798,2,2,0,0.0,0,0.0,0,27.224598237446376,0.0,0,0,3.6,0,0.0,0,0,0,7.82220196723938,1368.9370869255067,43.51357555,43.51357555389404,3.9506492614746094,"null, null, null, psutil",512,0,0.6402404308319092,25.90346050262451,2,2,0,0.0,0,0.0,0,3.4602705410548618,0.0,0,0,1.8,0,0.0,0,0,0,5.8993682861328125,931.8455605745315,37.80625105,37.80625104904175,3.097769260406494,False,,220,type:lambda-function|arch:x86_64|lambda:True|mem:512,False,,stage3,0,2.8323563167027066,108.8983929497855,8.0,8.0,0,0.0,0,0.0,0,149.77392945970806,7,0.0,0,0,9.428571428571429,0,0.0,0,0,0,27.034454345703125,4548.372988888877,162.11161818285714,162.11161817823137,13.841082164219447,4
x86,0,0.698061636516026,26.466354199818202,2.0,2.0,0,0.0,0,0.0,0,36.616905280521934,0.0,0,0,2.7857142857142856,0,0.0,0,0,0,6.736465658460345,1058.0741306771552,39.61163251714286,39.611632517405916,3.414085422243391,,type:lambda-function|arch:x86_64|lambda:True|mem:512,aws,1.1029853112774237,0.03012229741501797,4,x86_64,Intel(R) Xeon(R) Processor @ 2.50GHz,False,,video,video_stage3_aws_512Mb_x86_analysis.json,0,0.736173152923584,27.89689064025879,2,2,0,0.0,0,0.0,0,26.466354199818202,0.0,0,0,8.2,0,0.0,0,0,0,7.7418599128723145,1283.6242885589602,42.43386078,42.433860778808594,4.031771421432495,"null, null, null, psutil",512,0,0.6549742221832275,25.214309215545654,2,2,0,0.0,0,0.0,0,3.414085422243391,0.0,0,0,0.0,0,0.0,0,0,0,5.684063673019409,937.8026900100709,36.79154921,36.79154920578003,3.08601975440979,False,,220,type:lambda-function|arch:x86_64|lambda:True|mem:512,False,,stage3,0,3.4903081825801303,132.33177099909102,10.0,10.0,0,0.0,0,0.0,0,183.08452640260967,7,0.0,0,0,13.928571428571427,0,0.0,0,0,0,33.682328292301726,5290.370653385776,198.05816258571429,198.05816258702959,17.070427111216954,5
x86,0,0.7332464456558228,27.021026223897934,2.0,2.0,0,0.0,0,0.0,0,37.17606341838837,0.0,0,0,2.125,0,0.0,0,0,0,6.841302961111069,1120.8524987766145,40.205474646249996,40.20547464489937,3.313734233379364,,type:lambda-function|arch:x86_64|lambda:True|mem:512,aws,1.351321521457136,0.03634923650331231,4,x86_64,Intel(R) Xeon(R) Processor @ 2.90GHz,False,,video,video_stage3_aws_512Mb_x86_analysis.json,0,1.0915775299072266,28.755280256271362,2,2,0,0.0,0,0.0,0,27.021026223897934,0.0,0,0,3.6,0,0.0,0,0,0,7.572539329528809,1343.266844189167,41.39497209,41.39497208595276,3.715811014175415,"null, null, null, psutil",512,0,0.6370658874511719,25.7955641746521,2,2,0,0.0,0,0.0,0,3.313734233379364,0.0,0,0,1.8,0,0.0,0,0,0,5.899596214294434,918.8380968451498,38.27347565,38.273475646972656,2.764476776123047,False,,220,type:lambda-function|arch:x86_64|lambda:True|mem:512,False,,stage3,0,4.3994786739349365,162.1261573433876,12.0,12.0,0,0.0,0,0.0,0,223.0563805103302,8,0.0,0,0,12.75,0,0.0,0,0,0,41.04781776666641,6725.114992659687,241.23284787749998,241.2328478693962,19.882405400276184,6
x86,0,0.7075386643409729,27.58703225851059,2.0,2.0,0,0.0,0,0.0,0,37.946450889110565,0.0,0,0,2.5625,0,0.0,0,0,0,6.882217913866043,1082.7198792254924,41.08670741375,41.086707413196564,3.4772007167339325,,type:lambda-function|arch:x86_64|lambda:True|mem:512,aws,1.6095653971228003,0.04241675728321393,4,x86_64,Intel(R) Xeon(R) Processor @ 2.50GHz,False,,video,video_stage3_aws_512Mb_x86_analysis.json,0,0.8262035846710205,28.11482286453247,2,2,0,0.0,0,0.0,0,27.58703225851059,0.0,0,0,3.6,0,0.0,0,0,0,7.3853514194488525,1280.5356486511232,42.35528135,42.355281352996826,4.051788568496704,"null, null, null, psutil",512,0,0.6423869132995605,25.587401151657104,2,2,0,0.0,0,0.0,0,3.4772007167339325,0.0,0,0,1.8,0,0.0,0,0,0,6.344327688217163,943.2499415946006,38.43068075,38.43068075180054,3.1833643913269043,False,,220,type:lambda-function|arch:x86_64|lambda:True|mem:512,False,,stage3,0,4.95277065038681,193.10922580957413,14.0,14.0,0,0.0,0,0.0,0,265.62515622377396,8,0.0,0,0,17.9375,0,0.0,0,0,0,48.1755253970623,7579.039154578447,287.60695189625,287.60695189237595,24.340405017137527,7
x86,0,0.7458355724811554,27.577248692512512,2.0,2.0,0,0.0,0,0.0,0,38.239036083221436,0.0,0,0,2.4875,0,0.0,0,0,0,7.033358424901962,1108.8731613156199,41.3161677425,41.31616774201393,3.628428965806961,,type:lambda-function|arch:x86_64|lambda:True|mem:512,aws,1.8388509428167343,0.048088318408831106,4,x86_64,Intel(R) Xeon(R) Processor @ 2.50GHz,False,,video,video_stage3_aws_512Mb_x86_analysis.json,0,1.0109412670135498,28.58914804458618,2,2,0,0.0,0,0.0,0,27.577248692512512,0.0,0,0,3.6,0,0.0,0,0,0,8.20019793510437,1304.0403624534608,42.38636947,42.386369466781616,3.976135492324829,"null, null, null, psutil",512,0,0.6745510101318359,25.923755645751953,2,2,0,0.0,0,0.0,0,3.628428965806961,0.0,0,0,0.0,0,0.0,0,0,0,6.380014896392822,937.1626289105416,39.33942366,39.33942365646362,2.9576621055603027,False,,220,type:lambda-function|arch:x86_64|lambda:True|mem:512,False,,stage3,0,5.966684579849243,220.6179895401001,16.0,16.0,0,0.0,0,0.0,0,305.9122886657715,8,0.0,0,0,19.9,0,0.0,0,0,0,56.2668673992157,8870.985290524959,330.52934194,330.52934193611145,29.02743172645569,8
x86,0,0.7190616428852081,27.945023596286774,2.0,2.0,0,0.0,0,0.0,0,38.35971516370773,0.0,0,0,2.475,0,0.0,0,0,0,6.782458990812302,1081.5589990383387,41.51571565875,41.5157156586647,3.632232576608658,,type:lambda-function|arch:x86_64|lambda:True|mem:512,aws,2.0962959450754526,0.05464837098318097,4,x86_64,Intel(R) Xeon(R) Processor @ 2.50GHz,False,,video,video_stage3_aws_512Mb_x86_analysis.json,0,0.7767007350921631,28.34976887702942,2,2,0,0.0,0,0.0,0,27.945023596286774,0.0,0,0,3.6,0,0.0,0,0,0,7.406646966934204,1292.7999336242676,42.31034255,42.31034255027771,3.9100053310394287,"null, null, null, psutil",512,0,0.646956205368042,27.441508054733276,2,2,0,0.0,0,0.0,0,3.632232576608658,0.0,0,0,1.8,0,0.0,0,0,0,6.2132344245910645,928.1008216071128,40.36976171,40.36976170539856,3.4333505630493164,False,,220,type:lambda-function|arch:x86_64|lambda:True|mem:512,False,,stage3,0,6.471554785966873,251.50521236658096,18.0,18.0,0,0.0,0,0.0,0,345.2374364733696,8,0.0,0,0,22.275000000000002,0,0.0,0,0,0,61.042130917310715,9734.030991345047,373.64144092874994,373.64144092798233,32.69009318947792,9
x86,0,0.695258515221732,27.720806530543737,2.0,2.0,0,0.0,0,0.0,0,37.79142498970032,0.0,0,0,2.3428571428571425,0,0.0,0,0,0,6.755460296358381,1103.9790656256675,40.903323241428566,40.903323241642546,3.3151581627982005,,type:lambda-function|arch:x86_64|lambda:True|mem:512,aws,2.3105292243208204,0.0611389812622978,4,x86_64,Intel(R) Xeon(R) Processor @ 2.50GHz,False,,video,video_stage3_aws_512Mb_x86_analysis.json,0,0.7295932769775391,28.553130388259888,2,2,0,0.0,0,0.0,0,27.720806530543737,0.0,0,0,3.6,0,0.0,0,0,0,7.307921409606934,1283.3584557151794,41.90223074,41.902230739593506,3.6416304111480713,"null, null, null, psutil",512,0,0.6558287143707275,25.804651498794556,2,2,0,0.0,0,0.0,0,3.3151581627982005,0.0,0,0,0.0,0,0.0,0,0,0,6.199653387069702,953.1445358562469,38.81421232,38.81421232223511,3.0939855575561523,False,,220,type:lambda-function|arch:x86_64|lambda:True|mem:512,False,,stage3,0,6.95258515221732,277.20806530543734,20.0,20.0,0,0.0,0,0.0,0,377.9142498970032,7,0.0,0,0,23.428571428571423,0,0.0,0,0,0,67.5546029635838,11039.790656256675,409.03323241428564,409.03323241642545,33.151581627982004,10
x86,0,0.7434557165418353,27.746607984815324,2.0,2.0,0,0.0,0,0.0,0,38.171870027269634,0.0,0,0,2.1714285714285713,0,0.0,0,0,0,6.941006626401629,1079.0193712844168,41.27271308142857,41.2727130821773,3.484255416052682,,type:lambda-function|arch:x86_64|lambda:True|mem:512,aws,2.7752157306412286,0.07270316410117293,4,x86_64,Intel(R) Xeon(R) Processor @ 2.50GHz,False,,video,video_stage3_aws_512Mb_x86_analysis.json,0,0.9816381931304932,28.324249744415283,2,2,0,0.0,0,0.0,0,27.746607984815324,0.0,0,0,3.6,0,0.0,0,0,0,7.37153434753418,1122.2215130329132,41.91765761,41.91765761375427,3.9523062705993652,"null, null, null, psutil",512,0,0.6718156337738037,26.928822994232178,2,2,0,0.0,0,0.0,0,3.484255416052682,0.0,0,0,1.9,0,0.0,0,0,0,6.463160276412964,900.077278046608,40.31459713,40.31459712982178,3.0836410522460938,False,,220,type:lambda-function|arch:x86_64|lambda:True|mem:512,False,,stage3,0,8.921468598502024,332.95929581778387,24.0,24.0,0,0.0,0,0.0,0,458.0624403272356,7,0.0,0,0,26.057142857142857,0,0.0,0,0,0,83.29207951681954,12948.232455413003,495.2725569771428,495.2725569861276,41.81106499263218,12
x86,0,0.6865402460098267,27.546823799610138,2.0,2.0,0,0.0,0,0.0,0,37.91251587867737,0.0,0,0,3.225,0,0.0,0,0,0,7.06595841050148,1075.0306366699933,40.97823160875,40.978231608867645,3.29973366856575,,type:lambda-function|arch:x86_64|lambda:True|mem:512,aws,3.6736444219160083,0.09689793295891838,4,x86_64,Intel(R) Xeon(R) Processor @ 2.50GHz,False,,video,video_stage3_aws_512Mb_x86_analysis.json,0,0.7271482944488525,28.636602878570557,2,2,0,0.0,0,0.0,0,27.546823799610138,0.0,0,0,5.6,0,0.0,0,0,0,8.166946172714233,1142.1931763362884,42.90733194,42.90733194351196,3.6263277530670166,"null, null, null, psutil",512,0,0.6519973278045654,26.826526165008545,2,2,0,0.0,0,0.0,0,3.29973366856575,0.0,0,0,0.0,0,0.0,0,0,0,6.32273006439209,899.8834536314009,39.90240765,39.9024076461792,3.022146701812744,False,,220,type:lambda-function|arch:x86_64|lambda:True|mem:512,False,,stage3,0,10.984643936157227,440.7491807937622,32.0,32.0,0,0.0,0,0.0,0,606.6002540588379,8,0.0,0,0,51.6,0,0.0,0,0,0,113.05533456802368,17200.490186719893,655.65170574,655.6517057418823,52.795738697052,16
x86,0,0.7244282066822052,27.684079110622406,2.0,2.0,0,0.0,0,0.0,0,37.961506336927414,0.0,0,0,2.325,0,0.0,0,0,0,6.818253815174103,1159.4809788435698,41.1006348425,41.10063484311104,3.459173411130905,,type:lambda-function|arch:x86_64|lambda:True|mem:512,aws,4.614935987740755,0.12156883203687659,4,x86_64,Intel(R) Xeon(R) Processor @ 2.50GHz,False,,video,video_stage3_aws_512Mb_x86_analysis.json,0,0.776378870010376,28.4807231426239,2,2,0,0.0,0,0.0,0,27.684079110622406,0.0,0,0,3.6,0,0.0,0,0,0,7.168439149856567,1341.0732441043854,42.9280808,42.928080797195435,3.844203233718872,"null, null, null, psutil",512,0,0.6742134094238281,27.165459394454956,2,2,0,0.0,0,0.0,0,3.459173411130905,0.0,0,0,1.9,0,0.0,0,0,0,6.358368158340454,1100.1913995289804,39.8475697,39.847569704055786,3.1639914512634277,False,,220,type:lambda-function|arch:x86_64|lambda:True|mem:512,False,,stage3,0,14.488564133644104,553.6815822124481,40.0,40.0,0,0.0,0,0.0,0,759.2301267385483,8,0.0,0,0,46.5,0,0.0,0,0,0,136.36507630348206,23189.619576871395,822.01269685,822.0126968622208,69.1834682226181,20
x86,0,0.6890338361263275,27.39267858862877,2.0,2.0,0,0.0,0,0.0,0,37.40930837392807,0.0,0,0,2.525,0,0.0,0,0,0,6.717306077480316,1136.1108610379695,40.4498540775,40.44985407590866,3.299323707818985,,type:lambda-function|arch:x86_64|lambda:True|mem:512,aws,5.479631424869299,0.1464777528121385,4,x86_64,Intel(R) Xeon(R) Processor @ 2.50GHz,False,,video,video_stage3_aws_512Mb_x86_analysis.json,0,0.7255463600158691,28.4938645362854,2,2,0,0.0,0,0.0,0,27.39267858862877,0.0,0,0,3.6,0,0.0,0,0,0,7.705479860305786,1256.5775168967245,42.29434013,42.29434013366699,3.887253522872925,"null, null, null, psutil",512,0,0.6359710693359375,25.97175645828247,2,2,0,0.0,0,0.0,0,3.299323707818985,0.0,0,0,1.8,0,0.0,0,0,0,5.9939045906066895,958.9816284799575,38.37909842,38.379098415374756,2.7009994983673096,False,,220,type:lambda-function|arch:x86_64|lambda:True|mem:512,False,,stage3,0,16.53681206703186,657.4242861270905,48.0,48.0,0,0.0,0,0.0,0,897.8234009742737,8,0.0,0,0,60.599999999999994,0,0.0,0,0,0,161.2153458595276,27266.660664911265,970.79649786,970.7964978218079,79.18376898765564,24
x86,0,0.7234328389167786,27.455766022205353,2.0,2.0,0,0.0,0,0.0,0,37.780573934316635,0.0,0,0,2.1,0,0.0,0,0,0,7.135343551635742,1146.838199637234,40.7942896475,40.79428964853287,3.18946436047554,,type:lambda-function|arch:x86_64|lambda:True|mem:512,aws,6.407626674262286,0.16960109408084315,4,x86_64,Intel(R) Xeon(R) Processor @ 2.50GHz,False,,video,video_stage3_aws_512Mb_x86_analysis.json,0,0.9097537994384766,27.985816955566406,2,2,0,0.0,0,0.0,0,27.455766022205353,0.0,0,0,3.6,0,0.0,0,0,0,8.562952280044556,1241.5010677814485,42.24828935,42.248289346694946,3.5229761600494385,"null, null, null, psutil",512,0,0.669105052947998,26.68907880783081,2,2,0,0.0,0,0.0,0,3.18946436047554,0.0,0,0,0.0,0,0.0,0,0,0,6.339781045913696,1083.6564990115166,39.24869609,39.248696088790894,2.877962112426758,False,,220,type:lambda-function|arch:x86_64|lambda:True|mem:512,False,,stage3,0,20.2561194896698,768.7614486217499,56.0,56.0,0,0.0,0,0.0,0,1057.8560701608658,8,0.0,0,0,58.800000000000004,0,0.0,0,0,0,199.78961944580078,32111.469589842556,1142.24011013,1142.2401101589203,89.30500209331512,28
arm,0,0.6056721806526184,0.7574670389294624,2.0,0.0,0,0.0,0,0.0,0,8.125803150236607,0.0,0,0,2.296875,0,0.0,0,0,0,5.245364271104336,116.91133042722942,10.4303878990625,10.430387899279594,2.1229718402028084,,type:lambda-function|arch:aarch64|lambda:True|mem:1024,aws,0.04041844119727611,0.004974085693436865,4,aarch64,aarch64,False,,video,video_stage2_aws_1024Mb_arm_analysis.json,0,0.7907426357269287,1.3380653858184814,2,0,0,0.0,0,0.0,0,5.245364271104336,0.0,0,0,5.6,0,0.0,0,0,0,9.361433267593384,180.08639643192288,17.21069741,17.210697412490845,4.332923650741577,"null, null, null, psutil",1024,0,0.4450714588165283,0.6419074535369873,2,0,0,0.0,0,0.0,0,0.7574670389294624,0.0,0,0,0.0,0,0.0,0,0,0,4.4311981201171875,104.26844948530196,8.99239898,8.992398977279663,1.6182854175567627,False,,100,type:lambda-function|arch:aarch64|lambda:True|mem:1024,False,,stage2,0,2.4226887226104736,3.0298681557178497,8.0,0.0,0,0.0,0,0.0,0,32.503212600946426,8,0.0,0,0,9.1875,0,0.0,0,0,0,20.981457084417343,467.64532170891766,41.72155159625,41.72155159711838,8.491887360811234,4
arm,0,0.6105332998129037,0.7676035037407508,2.0,0.0,0,0.0,0,0.0,0,9.298587556985709,0.0,0,0,2.1430769230769227,0,0.0,0,0,0,6.410130225695097,127.39114768303357,11.57423235446154,11.57423235453092,2.120853827549861,,type:lambda-function|arch:aarch64|lambda:True|mem:1024,aws,0.051199153699508074,0.005506121589514304,4,aarch64,aarch64,False,,video,video_stage2_aws_1024Mb_arm_analysis.json,0,0.8546133041381836,1.7007639408111572,2,0,0,0.0,0,0.0,0,6.410130225695097,0.0,0,0,3.8,0,0.0,0,0,0,14.12231993675232,225.2196025848389,22.52196026,22.521960258483887,4.549943447113037,"null, null, null, psutil",1024,0,0.44318628311157227,0.22774147987365723,2,0,0,0.0,0,0.0,0,0.7676035037407508,0.0,0,0,1.9,0,0.0,0,0,0,2.222546100616455,65.52435483932496,5.48320961,5.483209609985352,0.6620993614196777,False,,100,type:lambda-function|arch:aarch64|lambda:True|mem:1024,False,,stage2,0,3.0526664990645185,3.838017518703754,10.0,0.0,0,0.0,0,0.0,0,46.49293778492854,13,0.0,0,0,10.715384615384613,0,0.0,0,0,0,32.05065112847549,636.9557384151678,57.8711617723077,57.8711617726546,10.604269137749306,5
arm,0,0.5922206540902456,0.5293475356366899,2.0,0.0,0,0.0,0,0.0,0,7.321458793348737,0.0,0,0,2.2222222222222223,0,0.0,0,0,0,5.227256072892083,109.49638005958661,9.623895274166665,9.623895274268257,1.5648551848199632,,type:lambda-function|arch:aarch64|lambda:True|mem:1024,aws,0.042368976752360656,0.00578695830274306,4,aarch64,aarch64,False,,video,video_stage2_aws_1024Mb_arm_analysis.json,0,0.8196659088134766,1.3876612186431885,2,0,0,0.0,0,0.0,0,5.227256072892083,0.0,0,0,5.6,0,0.0,0,0,0,13.02242660522461,231.13384526968002,20.19759321,20.197593212127686,3.695404291152954,"null, null, null, psutil",1024,0,0.4449501037597656,0.4262361526489258,2,0,0,0.0,0,0.0,0,0.5293475356366899,0.0,0,0,0.0,0,0.0,0,0,0,3.9631223678588867,91.541748046875,7.96925902,7.969259023666382,1.0864086151123047,False,,100,type:lambda-function|arch:aarch64|lambda:True|mem:1024,False,,stage2,0,3.5533239245414734,3.1760852138201394,12.0,0.0,0,0.0,0,0.0,0,43.92875276009242,12,0.0,0,0,13.333333333333334,0,0.0,0,0,0,31.3635364373525,656.9782803575197,57.743371644999996,57.74337164560954,9.389131108919779,6
arm,0,1.3482036533809842,0.39015809127262663,2.0,0.0,0,0.0,0,0.0,0,6.053886819453465,0.0,0,0,2.3476190476190473,0,0.0,0,0,0,4.455534092017582,96.1302772416955,8.381638984166667,8.381638983885447,1.2081946361632574,,type:lambda-function|arch:aarch64|lambda:True|mem:1024,aws,0.036432962563037866,0.006018110950796892,4,aarch64,aarch64,False,,video,video_stage2_aws_1024Mb_arm_analysis.json,0,57.24949598312378,0.4499075412750244,2,0,0,0.0,0,0.0,0,4.455534092017582,0.0,0,0,5.6,0,0.0,0,0,0,5.755290985107422,106.16458749771118,9.47745967,9.47745966911316,1.6267893314361572,"null, null, null, psutil",1024,0,0.4389617443084717,0.3458826541900635,2,0,0,0.0,0,0.0,0,0.39015809127262663,0.0,0,0,0.0,0,0.0,0,0,0,3.45987606048584,79.49254803657533,7.47970343,7.479703426361084,0.8927247524261475,False,,100,type:lambda-function|arch:aarch64|lambda:True|mem:1024,False,,stage2,0,9.43742557366689,2.7311066389083862,14.0,0.0,0,0.0,0,0.0,0,42.377207736174256,12,0.0,0,0,16.43333333333333,0,0.0,0,0,0,31.188738644123074,672.9119406918685,58.671472889166665,58.67147288719813,8.457362453142801,7
arm,0,1.3499164337461644,0.31109871647574683,2.0,0.0,0,0.0,0,0.0,0,5.421017679301174,0.0,0,0,2.315909090909091,0,0.0,0,0,0,4.030180213126269,91.37611760524187,7.722506634204546,7.722506634213707,1.079738749699159,,type:lambda-function|arch:aarch64|lambda:True|mem:1024,aws,0.0332004550222917,0.006124395267895821,4,aarch64,aarch64,False,,video,video_stage2_aws_1024Mb_arm_analysis.json,0,67.25248432159424,0.4158437252044678,2,0,0,0.0,0,0.0,0,4.030180213126269,0.0,0,0,7.4,0,0.0,0,0,0,6.211030006408691,105.46492152214049,9.69016242,9.690162420272827,1.6891484260559082,"null, null, null, psutil",1024,0,0.43654966354370117,0.026543378829956055,2,0,0,0.0,0,0.0,0,0.31109871647574683,0.0,0,0,0.0,0,0.0,0,0,0,0.6639342308044434,49.52161833047867,3.48528385,3.485283851623535,0.307081937789917,False,,100,type:lambda-function|arch:aarch64|lambda:True|mem:1024,False,,stage2,0,10.799331469969315,2.4887897318059746,16.0,0.0,0,0.0,0,0.0,0,43.368141434409395,11,0.0,0,0,18.527272727272727,0,0.0,0,0,0,32.24144170501015,731.008940841935,61.78005307363637,61.78005307370966,8.637909997593272,8
arm,0,0.6487970617082384,0.37874853008925313,2.0,0.0,0,0.0,0,0.0,0,7.179781492310342,0.0,0,0,2.407070707070707,0,0.0,0,0,0,5.604541116290623,107.27176835380419,9.456205045252524,9.456205045334016,1.1964918459304656,,type:lambda-function|arch:aarch64|lambda:True|mem:1024,aws,0.045472548522515734,0.0063334167719752395,4,aarch64,aarch64,False,,video,video_stage2_aws_1024Mb_arm_analysis.json,0,1.005704402923584,0.9383394718170166,2,0,0,0.0,0,0.0,0,5.604541116290623,0.0,0,0,5.6,0,0.0,0,0,0,14.041321516036987,210.09151984453197,19.82262874,19.82262873649597,2.927335500717163,"null, null, null, psutil",1024,0,0.43448877334594727,1.239776611328125e-05,2,0,0,0.0,0,0.0,0,0.37874853008925313,0.0,0,0,0.0,0,0.0,0,0,0,0.18958330154418945,48.46514496803284,2.46935368,2.469353675842285,0.15632271766662598,False,,100,type:lambda-function|arch:aarch64|lambda:True|mem:1024,False,,stage2,0,5.8391735553741455,3.4087367708032783,18.0,0.0,0,0.0,0,0.0,0,64.61803343079308,11,0.0,0,0,21.663636363636364,0,0.0,0,0,0,50.4408700466156,965.4459151842377,85.10584540727271,85.10584540800615,10.76842661337419,9
arm,0,1.09057855789478,0.43619235295515796,2.0,0.0,0,0.0,0,0.0,0,8.471825366753798,0.0,0,0,2.5115384615384615,0,0.0,0,0,0,6.685968938240638,122.65032483421841,10.770531701692308,10.770531702041627,1.3496640755580023,,type:lambda-function|arch:aarch64|lambda:True|mem:1024,aws,0.05818805988421807,0.006868420601841838,4,aarch64,aarch64,False,,video,video_stage2_aws_1024Mb_arm_analysis.json,0,67.9732654094696,0.9820065498352051,2,0,0,0.0,0,0.0,0,6.685968938240638,0.0,0,0,5.5,0,0.0,0,0,0,13.303364515304565,219.58069775104522,19.51192212,19.511922121047974,2.8502585887908936,"null, null, null, psutil",1024,0,0.43900275230407715,0.0808415412902832,2,0,0,0.0,0,0.0,0,0.43619235295515796,0.0,0,0,0.0,0,0.0,0,0,0,1.8076467514038086,59.768796193599705,4.49584341,4.495843410491943,0.4180910587310791,False,,100,type:lambda-function|arch:aarch64|lambda:True|mem:1024,False,,stage2,0,10.9057855789478,4.3619235295515795,20.0,0.0,0,0.0,0,0.0,0,84.71825366753798,13,0.0,0,0,25.115384615384613,0,0.0,0,0,0,66.85968938240637,1226.5032483421842,107.70531701692308,107.70531702041626,13.496640755580023,10
arm,0,0.6636044436030918,0.31459864377975466,2.0,0.0,0,0.0,0,0.0,0,7.5666894886228775,0.0,0,0,2.4477777777777776,0,0.0,0,0,0,6.213831943935818,106.63700126369795,9.824953242222222,9.824953242142994,1.0382589009073047,,type:lambda-function|arch:aarch64|lambda:True|mem:1024,aws,0.05036095089626312,0.006655612202930335,4,aarch64,aarch64,False,,video,video_stage2_aws_1024Mb_arm_analysis.json,0,1.1778783798217773,0.9395937919616699,2,0,0,0.0,0,0.0,0,6.213831943935818,0.0,0,0,5.7,0,0.0,0,0,0,16.679251432418823,231.1663463115692,22.50025439,22.5002543926239,2.8748621940612793,"null, null, null, psutil",1024,0,0.42345523834228516,0.18312978744506836,2,0,0,0.0,0,0.0,0,0.31459864377975466,0.0,0,0,0.0,0,0.0,0,0,0,3.8843348026275635,75.99011690616608,6.97391796,6.9739179611206055,0.5435295104980469,False,,100,type:lambda-function|arch:aarch64|lambda:True|mem:1024,False,,stage2,0,7.963253323237101,3.775183725357056,24.0,0.0,0,0.0,0,0.0,0,90.80027386347453,15,0.0,0,0,29.37333333333333,0,0.0,0,0,0,74.56598332722982,1279.6440151643756,117.89943890666666,117.89943890571593,12.459106810887656,12
arm,0,0.7292080042617661,0.18856694442885263,2.0,0.0,0,0.0,0,0.0,0,5.869793980249336,0.0,0,0,2.3803571428571426,0,0.0,0,0,0,4.8970927106482645,93.85989760522332,8.157368154241071,8.157368154398032,0.7841343251722199,,type:lambda-function|arch:aarch64|lambda:True|mem:1024,aws,0.04024772861889431,0.006856753193437408,4,aarch64,aarch64,False,,video,video_stage2_aws_1024Mb_arm_analysis.json,0,1.747530460357666,0.5438611507415771,2,0,0,0.0,0,0.0,0,4.8970927106482645,0.0,0,0,5.6,0,0.0,0,0,0,12.835644006729126,186.32330499887465,17.50612426,17.506124258041382,1.83880615234375,"null, null, null, psutil",1024,0,0.4375295639038086,0.13168573379516602,2,0,0,0.0,0,0.0,0,0.18856694442885263,0.0,0,0,0.0,0,0.0,0,0,0,3.6838064193725586,76.2798754453659,6.47465205,6.474652051925659,0.45160651206970215,False,,100,type:lambda-function|arch:aarch64|lambda:True|mem:1024,False,,stage2,0,11.667328068188258,3.017071110861642,32.0,0.0,0,0.0,0,0.0,0,93.91670368398938,14,0.0,0,0,38.08571428571428,0,0.0,0,0,0,78.35348337037223,1501.7583616835732,130.51789046785714,130.5178904703685,12.546149202755519,16
arm,0,0.8327678950627645,0.1687876009941101,2.0,0.0,0,0.0,0,0.0,0,6.136802423000336,0.0,0,0,2.39,0,0.0,0,0,0,5.2927886255582175,95.95637093245983,8.3732227164,8.373222716649373,0.6752261964480082,,type:lambda-function|arch:aarch64|lambda:True|mem:1024,aws,0.04503253194522858,0.00733811011683374,4,aarch64,aarch64,False,,video,video_stage2_aws_1024Mb_arm_analysis.json,0,2.4283804893493652,0.58085036277771,2,0,0,0.0,0,0.0,0,5.2927886255582175,0.0,0,0,5.6,0,0.0,0,0,0,17.006629467010498,223.61341798305511,21.72373486,21.723734855651855,2.5660104751586914,"null, null, null, psutil",1024,0,0.4285433292388916,0.0981442928314209,2,0,0,0.0,0,0.0,0,0.1687876009941101,0.0,0,0,0.0,0,0.0,0,0,0,3.1248977184295654,72.01687561273576,6.45891261,6.45891261100769,0.3847043514251709,False,,100,type:lambda-function|arch:aarch64|lambda:True|mem:1024,False,,stage2,0,16.65535790125529,3.375752019882202,40.0,0.0,0,0.0,0,0.0,0,122.73604846000673,15,0.0,0,0,47.800000000000004,0,0.0,0,0,0,105.85577251116435,1919.1274186491967,167.46445432800002,167.46445433298746,13.504523928960165,20
arm,0,0.6971878806749979,0.1329137010452075,2.0,0.0,0,0.0,0,0.0,0,5.733860231362857,0.0,0,0,2.3791666666666664,0,0.0,0,0,0,4.932030022144318,91.41881969804183,8.040623763621795,8.040623763432869,0.6689165081733313,,type:lambda-function|arch:aarch64|lambda:True|mem:1024,aws,0.04255365052663363,0.00742146630883593,4,aarch64,aarch64,False,,video,video_stage2_aws_1024Mb_arm_analysis.json,0,1.3481998443603516,0.4061000347137451,2,0,0,0.0,0,0.0,0,4.932030022144318,0.0,0,0,5.6,0,0.0,0,0,0,12.851072788238525,184.1420024871826,16.76737547,16.767375469207764,1.56758451461792,"null, null, null, psutil",1024,0,0.4106128215789795,0.05387568473815918,2,0,0,0.0,0,0.0,0,0.1329137010452075,0.0,0,0,0.0,0,0.0,0,0,0,3.4198596477508545,65.6124415397644,6.2202282,6.22022819519043,0.3382744789123535,False,,100,type:lambda-function|arch:aarch64|lambda:True|mem:1024,False,,stage2,0,16.73250913619995,3.18992882508498,48.0,0.0,0,0.0,0,0.0,0,137.61264555270856,13,0.0,0,0,57.099999999999994,0,0.0,0,0,0,118.36872053146362,2194.051672753004,192.97497032692308,192.97497032238886,16.05399619615995,24
arm,0,0.7910850428399585,0.12442062184924171,2.0,0.0,0,0.0,0,0.0,0,5.625874862216768,0.0,0,0,2.2649999999999997,0,0.0,0,0,0,4.984275448322296,89.66100997658003,7.809797981357143,7.809797981239501,0.51717879204523,,type:lambda-function|arch:aarch64|lambda:True|mem:1024,aws,0.04647359067312876,0.008260686881829564,4,aarch64,aarch64,False,,video,video_stage2_aws_1024Mb_arm_analysis.json,0,1.7435884475708008,0.4509162902832031,2,0,0,0.0,0,0.0,0,4.984275448322296,0.0,0,0,5.7,0,0.0,0,0,0,17.843323469161987,212.72519381046294,21.4895823,21.489582300186157,1.538642406463623,"null, null, null, psutil",1024,0,0.4443697929382324,0.06564879417419434,2,0,0,0.0,0,0.0,0,0.12442062184924171,0.0,0,0,0.0,0,0.0,0,0,0,3.3222973346710205,66.16851162910461,5.9758091,5.975809097290039,0.3135871887207031,False,,100,type:lambda-function|arch:aarch64|lambda:True|mem:1024,False,,stage2,0,22.15038119951884,3.483777411778768,56.0,0.0,0,0.0,0,0.0,0,157.5244961420695,15,0.0,0,0,63.41999999999999,0,0.0,0,0,0,139.5597125530243,2510.5082793442407,218.674343478,218.67434347470603,14.48100617726644,28
x86,0,1.7494787633419038,75.41346688270569,2.0,2.0,0,0.0,0,0.0,0,76.53130124807359,0.0,0,0,2.375,0,0.0,0,0,0,0.6130514085292816,4751.222161461711,80.96237654149999,80.96237654089927,0.5047829568386077,,type:lambda-function|arch:x86_64|lambda:True|mem:1024,aws,5.028569971738817,0.06570605608075158,1,x86_64,Intel(R) Xeon(R) Processor @ 2.50GHz,False,,titanic,titanic_stage_aws_1024Mb_x86_analysis.json,0,1.9341139793395996,84.68700194358826,2,2,0,0.0,0,0.0,0,75.41346688270569,0.0,0,0,3.8,0,0.0,0,0,0,0.7707691192626953,5256.529880447388,90.50499105,90.50499105453491,0.6314339637756348,"null, null, null, psutil",1024,0,1.6434907913208008,65.85538029670715,2,2,0,0.0,0,0.0,0,0.5047829568386077,0.0,0,0,0.0,0,0.0,0,0,0,0.5282258987426758,4102.113554136753,71.09315348,71.09315347671509,0.253587007522583,False,,220,type:lambda-function|arch:x86_64|lambda:True|mem:1024,False,,stage,0,6.997915053367615,301.65386753082277,8.0,8.0,0,0.0,0,0.0,0,306.12520499229436,10,0.0,0,0,9.5,0,0.0,0,0,0,2.4522056341171266,19004.888645846844,323.84950616599997,323.8495061635971,2.019131827354431,4
x86,0,1.9279732561111451,56.78661029815674,2.0,2.0,0,0.0,0,0.0,0,57.80604474544525,0.0,0,0,2.362,0,0.0,0,0,0,0.5552310752868652,3613.2048721372125,61.9813926362,61.981392636299134,0.46420337200164796,,type:lambda-function|arch:x86_64|lambda:True|mem:1024,aws,4.733163968351364,0.08188008692160706,1,x86_64,Intel(R) Xeon(R) Processor @ 2.50GHz,False,,titanic,titanic_stage_aws_1024Mb_x86_analysis.json,0,2.146850347518921,65.8473219871521,2,2,0,0.0,0,0.0,0,56.78661029815674,0.0,0,0,5.6,0,0.0,0,0,0,0.7444651126861572,4159.234599845408,71.20757747,71.20757746696472,0.5669722557067871,"null, null, null, psutil",1024,0,1.6794729232788086,49.57961130142212,2,2,0,0.0,0,0.0,0,0.46420337200164796,0.0,0,0,0.0,0,0.0,0,0,0,0.4630615711212158,3048.6832853603364,54.80388737,54.803887367248535,0.23825287818908691,False,,220,type:lambda-function|arch:x86_64|lambda:True|mem:1024,False,,stage,0,9.639866280555726,283.93305149078367,10.0,10.0,0,0.0,0,0.0,0,289.03022372722626,10,0.0,0,0,11.81,0,0.0,0,0,0,2.776155376434326,18066.024360686064,309.906963181,309.90696318149566,2.32101686000824,5
x86,0,2.030721199512482,44.174917276700334,2.0,2.0,0,0.0,0,0.0,0,45.10432378848394,0.0,0,0,2.335,0,0.0,0,0,0,0.6341911991437276,2886.292951039672,49.269726467333335,49.26972646713257,0.2952153126398722,,type:lambda-function|arch:x86_64|lambda:True|mem:1024,aws,4.418375226015568,0.09795901711630738,1,x86_64,Intel(R) Xeon(R) Processor @ 2.50GHz,False,,titanic,titanic_stage_aws_1024Mb_x86_analysis.json,0,3.288365125656128,50.82089304924011,2,2,0,0.0,0,0.0,0,44.174917276700334,0.0,0,0,3.8,0,0.0,0,0,0,0.8122677803039551,3285.2633314418795,56.13915467,56.13915467262268,0.5218026638031006,"null, null, null, psutil",1024,0,1.6801056861877441,39.387277126312256,2,2,0,0.0,0,0.0,0,0.2952153126398722,0.0,0,0,0.0,0,0.0,0,0,0,0.45590806007385254,2376.8132559776304,44.25632906,44.25632905960083,0.22969508171081543,False,,220,type:lambda-function|arch:x86_64|lambda:True|mem:1024,False,,stage,0,12.184327197074891,265.049503660202,12.0,12.0,0,0.0,0,0.0,0,270.6259427309036,10,0.0,0,0,14.01,0,0.0,0,0,0,3.805147194862365,17317.757706238033,295.618358804,295.61835880279546,1.7712918758392333,6
x86,0,1.827829248564584,36.22682419845036,2.0,2.0,0,0.0,0,0.0,0,36.97110623972756,0.0,0,0,2.517142857142857,0,0.0,0,0,0,0.4776889630726406,2429.9065029906888,41.22549004228571,41.22549004214151,0.2665930782045637,,type:lambda-function|arch:x86_64|lambda:True|mem:1024,aws,4.227308115717173,0.11434086089570912,1,x86_64,Intel(R) Xeon(R) Processor @ 2.50GHz,False,,titanic,titanic_stage_aws_1024Mb_x86_analysis.json,0,2.1242713928222656,42.77095437049866,2,2,0,0.0,0,0.0,0,36.22682419845036,0.0,0,0,5.6,0,0.0,0,0,0,0.7446136474609375,2854.377203028202,48.14264131,48.14264130592346,0.46906590461730957,"null, null, null, psutil",1024,0,1.632340669631958,32.89639711380005,2,2,0,0.0,0,0.0,0,0.2665930782045637,0.0,0,0,0.0,0,0.0,0,0,0,0.3801560401916504,1960.702762646675,37.51542377,37.51542377471924,0.22439098358154297,False,,220,type:lambda-function|arch:x86_64|lambda:True|mem:1024,False,,stage,0,12.794804739952088,253.58776938915253,14.0,14.0,0,0.0,0,0.0,0,258.79774367809296,10,0.0,0,0,17.619999999999997,0,0.0,0,0,0,3.3438227415084842,17009.34552093482,288.57843029599996,288.57843029499054,1.866151547431946,7
x86,0,1.8388635754585265,30.609172150492668,2.0,2.0,0,0.0,0,0.0,0,31.482040137052536,0.0,0,0,2.4925,0,0.0,0,0,0,0.4314176470041275,2113.917269037664,35.750191992875,35.75019199252129,0.44145033955574037,,type:lambda-function|arch:x86_64|lambda:True|mem:1024,aws,4.082039197989703,0.12966247359507618,1,x86_64,Intel(R) Xeon(R) Processor @ 2.50GHz,False,,titanic,titanic_stage_aws_1024Mb_x86_analysis.json,0,3.2623629570007324,35.97761082649231,2,2,0,0.0,0,0.0,0,30.609172150492668,0.0,0,0,7.0,0,0.0,0,0,0,0.7084195613861084,2418.375306322575,41.85048771,41.85048770904541,0.6050992012023926,"null, null, null, psutil",1024,0,1.6746788024902344,27.94399881362915,2,2,0,0.0,0,0.0,0,0.4314176470041275,0.0,0,0,0.0,0,0.0,0,0,0,0.3495016098022461,1721.1108420181272,32.51168704,32.51168704032898,0.22693777084350586,False,,220,type:lambda-function|arch:x86_64|lambda:True|mem:1024,False,,stage,0,14.710908603668212,244.87337720394135,16.0,16.0,0,0.0,0,0.0,0,251.8563210964203,10,0.0,0,0,19.94,0,0.0,0,0,0,3.45134117603302,16911.338152301312,286.001535943,286.0015359401703,3.531602716445923,8
x86,0,1.8832946750852797,26.417459739579094,2.0,2.0,0,0.0,0,0.0,0,27.28115126027001,0.0,0,0,2.4233333333333333,0,0.0,0,0,0,0.4210928863949246,1868.3462071776125,31.487300552111112,31.4873005522622,0.4425986342959934,,type:lambda-function|arch:x86_64|lambda:True|mem:1024,aws,3.9634114847290522,0.14528021368735394,1,x86_64,Intel(R) Xeon(R) Processor @ 2.50GHz,False,,titanic,titanic_stage_aws_1024Mb_x86_analysis.json,0,3.1722445487976074,31.929686784744263,2,2,0,0.0,0,0.0,0,26.417459739579094,0.0,0,0,8.0,0,0.0,0,0,0,1.4054474830627441,2157.2507829666138,37.35499191,37.3549919128418,0.661895751953125,"null, null, null, psutil",1024,0,1.6731128692626953,23.963433504104614,2,2,0,0.0,0,0.0,0,0.4210928863949246,0.0,0,0,0.0,0,0.0,0,0,0,0.33344459533691406,1524.2583286762238,28.48845005,28.488450050354004,0.22743463516235352,False,,220,type:lambda-function|arch:x86_64|lambda:True|mem:1024,False,,stage,0,16.949652075767517,237.75713765621185,18.0,18.0,0,0.0,0,0.0,0,245.5303613424301,10,0.0,0,0,21.81,0,0.0,0,0,0,3.789835977554321,16815.115864598512,283.385704969,283.3857049703598,3.9833877086639404,9
x86,0,2.009230868816376,23.36664589881897,2.0,2.0,0,0.0,0,0.0,0,24.180108780860902,0.0,0,0,2.5789999999999997,0,0.0,0,0,0,0.5319833946228028,1675.909049396086,28.238999131099998,28.238999130725862,0.2814794874191284,,type:lambda-function|arch:x86_64|lambda:True|mem:1024,aws,3.8952198713331225,0.16109190850358276,1,x86_64,Intel(R) Xeon(R) Processor @ 2.50GHz,False,,titanic,titanic_stage_aws_1024Mb_x86_analysis.json,0,2.240846872329712,27.980957508087158,2,2,0,0.0,0,0.0,0,23.36664589881897,0.0,0,0,12.0,0,0.0,0,0,0,0.6772644519805908,1952.0038943099976,33.10725737,33.10725736618042,0.5202302932739258,"null, null, null, psutil",1024,0,1.7428858280181885,21.198073625564575,2,2,0,0.0,0,0.0,0,0.2814794874191284,0.0,0,0,0.0,0,0.0,0,0,0,0.3176236152648926,1367.0589489841461,26.01487041,26.014870405197144,0.22361302375793457,False,,220,type:lambda-function|arch:x86_64|lambda:True|mem:1024,False,,stage,0,20.092308688163758,233.6664589881897,20.0,20.0,0,0.0,0,0.0,0,241.80108780860903,10,0.0,0,0,25.79,0,0.0,0,0,0,5.3198339462280275,16759.09049396086,282.38999131099996,282.38999130725864,2.8147948741912843,10
x86,0,1.9053644478321075,18.295764644940693,2.0,2.0,0,0.0,0,0.0,0,18.94674865603447,0.0,0,0,2.440833333333333,0,0.0,0,0,0,0.3734394411245982,1372.4993408053517,23.108400746416667,23.108400746186575,0.27754456996917726,,type:lambda-function|arch:x86_64|lambda:True|mem:1024,aws,3.6598847595739366,0.19316690298777342,1,x86_64,Intel(R) Xeon(R) Processor @ 2.50GHz,False,,titanic,titanic_stage_aws_1024Mb_x86_analysis.json,0,2.3430569171905518,21.969841241836548,2,2,0,0.0,0,0.0,0,18.295764644940693,0.0,0,0,8.3,0,0.0,0,0,0,0.6416044235229492,1556.5486436462404,27.05568147,27.055681467056274,0.48565030097961426,"null, null, null, psutil",1024,0,1.712221622467041,16.452373504638672,2,2,0,0.0,0,0.0,0,0.27754456996917726,0.0,0,0,0.0,0,0.0,0,0,0,0.2975006103515625,1090.9599610733985,20.99109697,20.99109697341919,0.2220311164855957,False,,220,type:lambda-function|arch:x86_64|lambda:True|mem:1024,False,,stage,0,22.864373373985288,219.54917573928833,24.0,24.0,0,0.0,0,0.0,0,227.3609838724136,10,0.0,0,0,29.289999999999996,0,0.0,0,0,0,4.481273293495178,16469.99208966422,277.300808957,277.3008089542389,3.3305348396301273,12
x86,0,1.8840900227427482,13.014479713141919,2.0,2.0,0,0.0,0,0.0,0,13.82272445857525,0.0,0,0,2.189375,0,0.0,0,0,0,0.3357506334781647,1072.3600998328031,17.966894818874998,17.966894818842412,0.4724941119551659,,type:lambda-function|arch:x86_64|lambda:True|mem:1024,aws,3.471222029089213,0.2511243018329689,1,x86_64,Intel(R) Xeon(R) Processor @ 2.50GHz,False,,titanic,titanic_stage_aws_1024Mb_x86_analysis.json,0,2.070007801055908,15.652364253997803,2,2,0,0.0,0,0.0,0,13.014479713141919,0.0,0,0,5.6,0,0.0,0,0,0,0.5726807117462158,1192.3560641384122,20.77125621,20.7712562084198,0.5669958591461182,"null, null, null, psutil",1024,0,1.643031120300293,12.014806270599365,2,2,0,0.0,0,0.0,0,0.3357506334781647,0.0,0,0,0.0,0,0.0,0,0,0,0.26965785026550293,838.53567237854,16.61428571,16.614285707473755,0.2358560562133789,False,,220,type:lambda-function|arch:x86_64|lambda:True|mem:1024,False,,stage,0,30.14544036388397,208.2316754102707,32.0,32.0,0,0.0,0,0.0,0,221.163591337204,10,0.0,0,0,35.03,0,0.0,0,0,0,5.372010135650635,17157.76159732485,287.47031710199997,287.4703171014786,7.559905791282654,16
x86,0,1.9617600214481354,10.026349239349365,2.0,2.0,0,0.0,0,0.0,0,10.792058504819869,0.0,0,0,2.3085,0,0.0,0,0,0,0.31806795358657836,891.3003593538642,14.9186942232,14.918694223165511,0.4476413118839264,,type:lambda-function|arch:x86_64|lambda:True|mem:1024,aws,3.3427848363990784,0.3097448772081942,1,x86_64,Intel(R) Xeon(R) Processor @ 2.50GHz,False,,titanic,titanic_stage_aws_1024Mb_x86_analysis.json,0,2.417492151260376,12.21464204788208,2,2,0,0.0,0,0.0,0,10.026349239349365,0.0,0,0,5.6,0,0.0,0,0,0,0.4957869052886963,1019.1974746465681,17.28688002,17.286880016326904,0.5794146060943604,"null, null, null, psutil",1024,0,1.6887638568878174,9.399285554885864,2,2,0,0.0,0,0.0,0,0.31806795358657836,0.0,0,0,0.0,0,0.0,0,0,0,0.26401233673095703,694.6226200103761,14.1588695,14.158869504928589,0.4130077362060547,False,,220,type:lambda-function|arch:x86_64|lambda:True|mem:1024,False,,stage,0,39.235200428962706,200.5269847869873,40.0,40.0,0,0.0,0,0.0,0,215.84117009639738,10,0.0,0,0,46.17,0,0.0,0,0,0,6.361359071731567,17826.007187077284,298.37388446399996,298.3738844633102,8.95282623767853,20
x86,0,2.137962194283803,7.94843470354875,2.0,2.0,0,0.0,0,0.0,0,8.679434657096865,0.0,0,0,2.4604166666666667,0,0.0,0,0,0,0.48610364496707914,753.6258142042557,12.610276255833332,12.610276256004969,0.24489630858103434,,type:lambda-function|arch:x86_64|lambda:True|mem:1024,aws,3.1800097561957843,0.3663844342206786,1,x86_64,Intel(R) Xeon(R) Processor @ 2.50GHz,False,,titanic,titanic_stage_aws_1024Mb_x86_analysis.json,0,2.4703686237335205,9.684769630432129,2,2,0,0.0,0,0.0,0,7.94843470354875,0.0,0,0,7.3,0,0.0,0,0,0,0.7202725410461426,858.0889075994492,14.54477882,14.544778823852539,0.534909725189209,"null, null, null, psutil",1024,0,1.8692295551300049,7.273020029067993,2,2,0,0.0,0,0.0,0,0.24489630858103434,0.0,0,0,0.0,0,0.0,0,0,0,0.2962024211883545,576.512455701828,11.96191573,11.961915731430054,0.2194211483001709,False,,220,type:lambda-function|arch:x86_64|lambda:True|mem:1024,False,,stage,0,51.31109266281128,190.76243288517,48.0,48.0,0,0.0,0,0.0,0,208.30643177032476,10,0.0,0,0,59.05,0,0.0,0,0,0,11.666487479209898,18087.019540902136,302.64663013999996,302.6466301441193,5.877511405944825,24
x86,0,3.3496387887310672,6.756191485887998,2.0,2.0,0,0.0,0,0.0,0,7.340055714179943,0.0,0,0,2.213311688311688,0,0.0,0,0,0,0.33261690046880155,708.0717423852002,12.042804264253247,12.042804264403008,0.2512473278231435,,type:lambda-function|arch:x86_64|lambda:True|mem:1024,aws,3.153519937953082,0.42963160781748977,1,x86_64,Intel(R) Xeon(R) Processor @ 2.50GHz,False,,titanic,titanic_stage_aws_1024Mb_x86_analysis.json,0,4.555984973907471,8.18469500541687,2,2,0,0.0,0,0.0,0,6.756191485887998,0.0,0,0,5.6,0,0.0,0,0,0,0.6191039085388184,821.0637062716484,14.13784218,14.137842178344727,0.5457777976989746,"null, null, null, psutil",1024,0,1.8433771133422852,6.116283178329468,2,2,0,0.0,0,0.0,0,0.2512473278231435,0.0,0,0,0.0,0,0.0,0,0,0,0.2631418704986572,525.859559738636,10.96777368,10.967773675918579,0.21733450889587402,False,,220,type:lambda-function|arch:x86_64|lambda:True|mem:1024,False,,stage,0,93.78988608446988,189.17336160486394,56.0,56.0,0,0.0,0,0.0,0,205.52155999703842,11,0.0,0,0,61.97272727272727,0,0.0,0,0,0,9.313273213126443,19826.008786785605,337.1985193990909,337.19851940328425,7.0349251790480185,28
