{
    "(1, 1024, 10)": {
        "read": [
            [
                0.35111236572265625,
                0.35918283462524414,
                0.33725547790527344,
                0.37481141090393066,
                0.3800537586212158,
                0.3535006046295166,
                0.34952306747436523,
                0.341031551361084,
                0.3552827835083008,
                0.3488123416900635
            ]
        ],
        "compute": [
            [
                14.497532367706299,
                14.818984031677246,
                14.537058353424072,
                14.561033487319946,
                14.62019419670105,
                14.540655851364136,
                14.466301679611206,
                14.699377536773682,
                14.46360731124878,
                14.50086784362793
            ]
        ],
        "write": [
            [
                0.305678129196167,
                0.27381372451782227,
                0.2606654167175293,
                0.27409791946411133,
                0.30524253845214844,
                0.2609386444091797,
                0.2584574222564697,
                0.25925612449645996,
                0.27234935760498047,
                0.26284003257751465
            ]
        ],
        "cold_start": [
            [
                3.669023275375366,
                3.6720917224884033,
                3.6622419357299805,
                3.7140305042266846,
                3.7019834518432617,
                3.669367551803589,
                3.6617085933685303,
                3.644094228744507,
                3.6659350395202637,
                3.645972490310669
            ]
        ],
        "time_consumption": [
            [
                17.23500514,
                17.71783996,
                17.23017621,
                17.19022441,
                17.66960883,
                17.23084235,
                17.23458624,
                17.73636508,
                17.21271014,
                17.25859761
            ]
        ],
        "worker_time_execution": [
            [
                17.235005140304565,
                17.71783995628357,
                17.230176210403442,
                17.190224409103394,
                17.66960883140564,
                17.230842351913452,
                17.234586238861084,
                17.73636507987976,
                17.21271014213562,
                17.25859761238098
            ]
        ],
        "measurement_energy": [
            [
                "null, null, null, psutil",
                "null, null, null, psutil",
                "null, null, null, psutil",
                "null, null, null, psutil",
                "null, null, null, psutil",
                "null, null, null, psutil",
                "null, null, null, psutil",
                "null, null, null, psutil",
                "null, null, null, psutil",
                "null, null, null, psutil"
            ]
        ],
        "RAPL_wrong": [
            [
                11,
                11,
                11,
                11,
                11,
                11,
                11,
                11,
                11,
                11
            ]
        ],
        "TDP": [
            [
                2.0251131039857864,
                2.13499971473217,
                2.007315528512001,
                2.0284464802742006,
                2.06734423327446,
                2.0246239763498304,
                2.007829296827316,
                2.084022896885872,
                2.0138870866298673,
                2.0451438170671463
            ]
        ],
        "perf_energy_cores": [
            [
                0.0,
                0.0,
                0.0,
                0.0,
                0.0,
                0.0,
                0.0,
                0.0,
                0.0,
                0.0
            ]
        ],
        "rapl_energy_cores": [
            [
                0.0,
                0.0,
                0.0,
                0.0,
                0.0,
                0.0,
                0.0,
                0.0,
                0.0,
                0.0
            ]
        ],
        "ebpf_energy_pkg": [
            [
                0.0,
                0.0,
                0.0,
                0.0,
                0.0,
                0.0,
                0.0,
                0.0,
                0.0,
                0.0
            ]
        ],
        "ebpf_energy_cores": [
            [
                0.0,
                0.0,
                0.0,
                0.0,
                0.0,
                0.0,
                0.0,
                0.0,
                0.0,
                0.0
            ]
        ],
        "psutil_cpu_percent": [
            [
                1.9,
                1.9,
                0.0,
                1.9,
                3.6,
                0.0,
                1.9,
                2.0,
                1.9,
                3.7
            ]
        ],
        "cpu_name": [
            [
                "aarch64",
                "aarch64",
                "aarch64",
                "aarch64",
                "aarch64",
                "aarch64",
                "aarch64",
                "aarch64",
                "aarch64",
                "aarch64"
            ]
        ],
        "cpu_architecture": [
            [
                "aarch64",
                "aarch64",
                "aarch64",
                "aarch64",
                "aarch64",
                "aarch64",
                "aarch64",
                "aarch64",
                "aarch64",
                "aarch64"
            ]
        ],
        "cpu_cores_physical": [
            [
                0,
                0,
                0,
                0,
                0,
                0,
                0,
                0,
                0,
                0
            ]
        ],
        "cpu_cores_logical": [
            [
                2,
                2,
                2,
                2,
                2,
                2,
                2,
                2,
                2,
                2
            ]
        ],
        "aws_cpu": [
            [
                "type:lambda-function|arch:aarch64|lambda:True|mem:1024",
                "type:lambda-function|arch:aarch64|lambda:True|mem:1024",
                "type:lambda-function|arch:aarch64|lambda:True|mem:1024",
                "type:lambda-function|arch:aarch64|lambda:True|mem:1024",
                "type:lambda-function|arch:aarch64|lambda:True|mem:1024",
                "type:lambda-function|arch:aarch64|lambda:True|mem:1024",
                "type:lambda-function|arch:aarch64|lambda:True|mem:1024",
                "type:lambda-function|arch:aarch64|lambda:True|mem:1024",
                "type:lambda-function|arch:aarch64|lambda:True|mem:1024",
                "type:lambda-function|arch:aarch64|lambda:True|mem:1024"
            ]
        ]
    },
    "(1, 1024, 4)": {
        "read": [
            [
                0.37021708488464355,
                0.35987210273742676,
                0.3593132495880127,
                0.3829386234283447
            ],
            [
                0.209458589553833,
                0.20533061027526855,
                0.18945527076721191,
                0.20025110244750977
            ]
        ],
        "compute": [
            [
                36.336188316345215,
                36.21416640281677,
                36.24185872077942,
                37.079323291778564
            ],
            [
                36.155457973480225,
                35.941057443618774,
                36.86296582221985,
                36.9850218296051
            ]
        ],