{
    "(1, 1024, 8)": {
        "read": [
            [
                0.6965198516845703,
                0.7182481288909912,
                0.6739346981048584,
                0.6804649829864502,
                0.6817901134490967,
                0.7502734661102295,
                0.7003695964813232,
                0.7573904991149902
            ]
        ],
        "compute": [
            [
                32.277130126953125,
                31.37288498878479,
                31.56627106666565,
                31.38036870956421,
                32.87924933433533,
                31.630858659744263,
                31.600317239761353,
                32.903552293777466
            ]
        ],
        "write": [
            [
                0.24429106712341309,
                0.24000000953674316,
                0.22912192344665527,
                0.24599432945251465,
                0.23714351654052734,
                0.24048876762390137,
                0.2219996452331543,
                0.23830223083496094
            ]
        ],
        "cold_start": [
            [
                3.7313618659973145,
                3.5225014686584473,
                3.565596580505371,
                3.697869062423706,
                3.7354397773742676,
                3.785627603530884,
                3.7133188247680664,
                3.671091318130493
            ]
        ],
        "RAPL": [
            [
                419.28599999999994,
                400.72749999999996,
                385.0,
                404.51399999999995,
                405.969,
                405.46750000000003,
                408.177,
                429.04799999999994
            ]
        ],
        "TDP": [
            [
                10.54163657913,
                10.260597109925001,
                9.9981265846,
                10.28271178242,
                10.497909093839999,
                10.262424063925,
                10.35558140589,
                10.79649666458
            ]
        ],
        "time_consumption": [
            [
                52.44595313,
                51.95239043,
                51.93831992,
                51.93288779,
                53.42447376,
                51.96164083,
                51.90767622,
                53.44800329
            ]
        ],
        "worker_time_execution": [
            [
                52.445953130722046,
                51.95239043235779,
                51.93831992149353,
                51.93288779258728,
                53.42447376251221,
                51.96164083480835,
                51.907676219940186,
                53.44800329208374
            ]
        ],
        "measurement_energy": [
            [
                "n/a",
                "n/a",
                "n/a",
                "n/a",
                "n/a",
                "n/a",
                "n/a",
                "n/a"
            ]
        ]
    }
}