{
    "(4, 2048, 7)": {
        "read": [
            [
                0.9498636722564697
            ],
            [
                0.942913293838501
            ],
            [
                1.2053449153900146
            ],
            [
                0.9523622989654541
            ]
        ],
        "compute": [
            [
                1.14528226852417
            ],
            [
                1.16239595413208
            ],
            [
                1.1037170886993408
            ],
            [
                1.0931107997894287
            ]
        ],
        "write": [
            [
                0.15835261344909668
            ],
            [
                0.1542985439300537
            ],
            [
                0.14905214309692383
            ],
            [
                0.14794707298278809
            ]
        ],
        "cold_start": [
            [
                1.0559515953063965
            ],
            [
                1.0586769580841064
            ],
            [
                1.0469470024108887
            ],
            [
                1.041870355606079
            ]
        ],
        "time_consumption": [
            [
                5.01607847
            ],
            [
                5.03499031
            ],
            [
                5.00575018
            ],
            [
                4.99628353
            ]
        ],
        "worker_time_execution": [
            [
                5.016078472137451
            ],
            [
                5.034990310668945
            ],
            [
                5.0057501792907715
            ],
            [
                4.996283531188965
            ]
        ],
        "measurement_energy": [
            [
                "null, null, null, psutil"
            ],
            [
                "null, null, null, psutil"
            ],
            [
                "null, null, null, psutil"
            ],
            [
                "null, null, null, psutil"
            ]
        ],
        "RAPL_wrong": [
            [
                12
            ],
            [
                12
            ],
            [
                12
            ],
            [
                12
            ]
        ],
        "TDP": [
            [
                1.8509329562187196
            ],
            [
                1.8100790166854854
            ],
            [
                1.7044579360485077
            ],
            [
                1.733710385322571
            ]
        ],
        "perf_energy_cores": [
            [
                0.0
            ],
            [
                0.0
            ],
            [
                0.0
            ],
            [
                0.0
            ]
        ],
        "rapl_energy_cores": [
            [
                0.0
            ],
            [
                0.0
            ],
            [
                0.0
            ],
            [
                0.0
            ]
        ],
        "ebpf_energy_pkg": [
            [
                0.0
            ],
            [
                0.0
            ],
            [
                0.0
            ],
            [
                0.0
            ]
        ],
        "ebpf_energy_cores": [
            [
                0.0
            ],
            [
                0.0
            ],
            [
                0.0
            ],
            [
                0.0
            ]
        ],
        "psutil_cpu_percent": [
            [
                2.0
            ],
            [
                3.8
            ],
            [
                2.0
            ],
            [
                3.8
            ]
        ],
        "cpu_name": [
            [
                "aarch64"
            ],
            [
                "aarch64"
            ],
            [
                "aarch64"
            ],
            [
                "aarch64"
            ]
        ],
        "cpu_architecture": [
            [
                "aarch64"
            ],
            [
                "aarch64"
            ],
            [
                "aarch64"
            ],
            [
                "aarch64"
            ]
        ],
        "cpu_cores_physical": [
            [
                0
            ],
            [
                0
            ],
            [
                0
            ],
            [
                0
            ]
        ],
        "cpu_cores_logical": [
            [
                2
            ],
            [
                2
            ],
            [
                2
            ],
            [
                2
            ]
        ],
        "aws_cpu": [
            [
                "type:lambda-function|arch:aarch64|lambda:True|mem:2048"
            ],
            [
                "type:lambda-function|arch:aarch64|lambda:True|mem:2048"
            ],
            [
                "type:lambda-function|arch:aarch64|lambda:True|mem:2048"
            ],
            [
                "type:lambda-function|arch:aarch64|lambda:True|mem:2048"
            ]
        ]
    },
    "(4, 2048, 6)": {
        "read": [
            [
                0.8664960861206055
            ],
            [
                0.7840352058410645
            ],
            [
                0.6774945259094238
            ]
        ],
        "compute": [
            [
                1.1363515853881836
            ],
            [
                1.1209001541137695
            ],
            [
                1.0783004760742188
            ]
        ],
        "write": [
            [
                0.26877284049987793
            ],
            [
                0.27092480659484863
            ],
            [
                0.2518308162689209
            ]
        ],
        "cold_start": [
            [
                1.0633718967437744
            ],
            [
                1.201157569885254
            ],
            [
                1.0239641666412354
            ]
        ],
        "time_consumption": [
            [
                4.89105248
            ],
            [
                4.90392971
            ],
            [
                4.89070725
            ]
        ],
        "worker_time_execution": [
            [
                4.891052484512329
            ],
            [
                4.903929710388184
            ],
            [
                4.89070725440979
            ]
        ],
        "measurement_energy": [
            [
                "null, null, null, psutil"
            ],
            [
                "null, null, null, psutil"
            ],
            [
                "null, null, null, psutil"
            ]
        ],
        "RAPL_wrong": [
            [
                12
            ],
            [
                12
            ],
            [
                12
            ]
        ],
        "TDP": [
            [
                1.8365902079343792
            ],
            [
                1.8218098874092106
            ],
            [
                1.7704360260963443
            ]
        ],
        "perf_energy_cores": [
            [
                0.0
            ],
            [
                0.0
            ],
            [
                0.0
            ]
        ],
        "rapl_energy_cores": [
            [
                0.0
            ],
            [
                0.0
            ],
            [
                0.0
            ]
        ],
        "ebpf_energy_pkg": [
            [
                0.0
            ],
            [
                0.0
            ],
            [
                0.0
            ]
        ],
        "ebpf_energy_cores": [
            [
                0.0
            ],
            [
                0.0
            ],
            [
                0.0
            ]
        ],