{
    "(4, 512, 28)": {
        "read": [
            [
                1.043060541152954
            ]
        ],
        "compute": [
            [
                5.704135179519653
            ]
        ],
        "write": [
            [
                1.6737308502197266
            ]
        ],
        "cold_start": [
            [
                4.74387001991272
            ]
        ],
        "time_consumption": [
            [
                14.34960675
            ]
        ],
        "worker_time_execution": [
            [
                14.34960675239563
            ]
        ],
        "measurement_energy": [
            [
                "null, null, null, psutil"
            ]
        ],
        "RAPL_wrong": [
            [
                12
            ]
        ],
        "TDP": [
            [
                1.592806349515915
            ]
        ],
        "perf_energy_cores": [
            [
                0.0
            ]
        ],
        "rapl_energy_cores": [
            [
                0.0
            ]
        ],
        "ebpf_energy_pkg": [
            [
                0.0
            ]
        ],
        "ebpf_energy_cores": [
            [
                0.0
            ]
        ],
        "psutil_cpu_percent": [
            [
                5.5
            ]
        ],
        "cpu_name": [
            [
                "aarch64"
            ]
        ],
        "cpu_architecture": [
            [
                "aarch64"
            ]
        ],
        "cpu_cores_physical": [
            [
                0
            ]
        ],
        "cpu_cores_logical": [
            [
                2
            ]
        ],
        "aws_cpu": [
            [
                "type:lambda-function|arch:aarch64|lambda:True|mem:512"
            ]
        ]
    },
    "(4, 512, 24)": {
        "read": [
            [
                0.8562114238739014
            ]
        ],
        "compute": [
            [
                5.536094903945923
            ]
        ],
        "write": [
            [
                1.3471167087554932
            ]
        ],
        "cold_start": [
            [
                2.226358413696289
            ]
        ],
        "time_consumption": [
            [
                12.68528557
            ]
        ],
        "worker_time_execution": [
            [
                12.685285568237305
            ]
        ],
        "measurement_energy": [
            [
                "null, null, null, psutil"
            ]
        ],
        "RAPL_wrong": [
            [
                12
            ]
        ],
        "TDP": [
            [
                1.642744481086731
            ]
        ],
        "perf_energy_cores": [
            [
                0.0
            ]
        ],
        "rapl_energy_cores": [
            [
                0.0
            ]
        ],
        "ebpf_energy_pkg": [
            [
                0.0
            ]
        ],
        "ebpf_energy_cores": [
            [
                0.0
            ]
        ],
        "psutil_cpu_percent": [
            [
                0.0
            ]
        ],
        "cpu_name": [
            [
                "aarch64"
            ]
        ],
        "cpu_architecture": [
            [
                "aarch64"
            ]
        ],
        "cpu_cores_physical": [
            [
                0
            ]
        ],
        "cpu_cores_logical": [
            [
                2
            ]
        ],
        "aws_cpu": [
            [
                "type:lambda-function|arch:aarch64|lambda:True|mem:512"
            ]
        ]
    },
    "(4, 512, 20)": {
        "read": [
            [
                0.8996996879577637
            ]
        ],
        "compute": [
            [
                5.640794992446899
            ]
        ],
        "write": [
            [
                1.4277982711791992
            ]
        ],
        "cold_start": [
            [
                2.7765393257141113
            ]
        ],
        "time_consumption": [
            [
                13.36841249
            ]
        ],
        "worker_time_execution": [
            [
                13.368412494659424
            ]
        ],
        "measurement_energy": [
            [
                "null, null, null, psutil"
            ]
        ],
        "RAPL_wrong": [
            [
                12
            ]
        ],
        "TDP": [
            [
                1.6376305305957795
            ]
        ],
        "perf_energy_cores": [
            [
                0.0
            ]
        ],
        "rapl_energy_cores": [
            [
                0.0
            ]
        ],
        "ebpf_energy_pkg": [
            [
                0.0
            ]
        ],
        "ebpf_energy_cores": [
            [
                0.0
            ]
        ],
        "psutil_cpu_percent": [
            [
                2.0
            ]
        ],
        "cpu_name": [
            [
                "aarch64"
            ]
        ],
        "cpu_architecture": [
            [
                "aarch64"
            ]
        ],
        "cpu_cores_physical": [
            [
                0
            ]
        ],
        "cpu_cores_logical": [
            [
                2
            ]
        ],
        "aws_cpu": [
            [
                "type:lambda-function|arch:aarch64|lambda:True|mem:512"
            ]
        ]
    },
    "(4, 512, 4)": {
        "read": [
            [
                1.0398263931274414
            ],
            [
                0.9176771640777588
            ]
        ],
        "compute": [
            [
                5.860419988632202
            ],
            [
                5.803659915924072
            ]
        ],
        "write": [
            [
                1.7533414363861084
            ],
            [
                1.4018101692199707
            ]
        ],
        "cold_start": [
            [
                4.819020748138428
            ],
            [
                2.328205108642578
            ]
        ],
        "time_consumption": [
            [
                14.93563843
            ],
            [
                13.70976281
            ]
        ],
        "worker_time_execution": [
            [
                14.935638427734375
            ],
            [
                13.709762811660767
            ]
        ],
        "measurement_energy": [
            [
                "null, null, null, psutil"
            ],
            [
                "null, null, null, psutil"
            ]
        ],
        "RAPL_wrong": [
            [
                12
            ],
            [
                12
            ]
        ],
        "TDP": [
            [
                1.6429202270507812
            ],
            [
                1.5834776047468186
            ]
        ],
        "perf_energy_cores": [
            [
                0.0
            ],
            [
                0.0
            ]
        ],
        "rapl_energy_cores": [
            [
                0.0
            ],
            [
                0.0
            ]
        ],
        "ebpf_energy_pkg": [
            [
                0.0
            ],
            [
                0.0
            ]
        ],
        "ebpf_energy_cores": [
            [
                0.0
            ],
            [
                0.0
            ]
        ],
        "psutil_cpu_percent": [
            [
                0.0
            ],
            [
                0.0
            ]
        ],
        "cpu_name": [
            [
                "aarch64"
            ],
            [
                "aarch64"
            ]
        ],
        "cpu_architecture": [
            [
                "aarch64"
            ],
            [
                "aarch64"
            ]
        ],