{
    "(4, 2048, 7)": {
        "read": [
            [
                0.3820371627807617
            ],
            [
                0.34635448455810547
            ],
            [
                0.3934943675994873
            ],
            [
                0.32410216331481934
            ]
        ],
        "compute": [
            [
                1.5972764492034912
            ],
            [
                1.6612811088562012
            ],
            [
                1.5947043895721436
            ],
            [
                1.676041841506958
            ]
        ],
        "write": [
            [
                0.7790513038635254
            ],
            [
                0.592181921005249
            ],
            [
                0.5995185375213623
            ],
            [
                0.6575760841369629
            ]
        ],
        "cold_start": [
            [
                2.600740432739258
            ],
            [
                1.282951831817627
            ],
            [
                1.4411344528198242
            ],
            [
                1.335515022277832
            ]
        ],
        "time_consumption": [
            [
                5.95955849
            ],
            [
                5.49440908
            ],
            [
                5.50243497
            ],
            [
                5.49685931
            ]
        ],
        "worker_time_execution": [
            [
                5.959558486938477
            ],
            [
                5.494409084320068
            ],
            [
                5.502434968948364
            ],
            [
                5.496859312057495
            ]
        ],
        "measurement_energy": [
            [
                "null, null, null, psutil"
            ],
            [
                "null, null, null, psutil"
            ],
            [
                "null, null, null, psutil"
            ],
            [
                "null, null, null, psutil"
            ]
        ],
        "RAPL_wrong": [
            [
                12
            ],
            [
                12
            ],
            [
                12
            ],
            [
                12
            ]
        ],
        "TDP": [
            [
                2.264632225036621
            ],
            [
                2.148313951969147
            ],
            [
                2.115686245560646
            ],
            [
                2.1300329834222795
            ]
        ],
        "perf_energy_cores": [
            [
                0.0
            ],
            [
                0.0
            ],
            [
                0.0
            ],
            [
                0.0
            ]
        ],
        "rapl_energy_cores": [
            [
                0.0
            ],
            [
                0.0
            ],
            [
                0.0
            ],
            [
                0.0
            ]
        ],
        "ebpf_energy_pkg": [
            [
                0.0
            ],
            [
                0.0
            ],
            [
                0.0
            ],
            [
                0.0
            ]
        ],
        "ebpf_energy_cores": [
            [
                0.0
            ],
            [
                0.0
            ],
            [
                0.0
            ],
            [
                0.0
            ]
        ],
        "psutil_cpu_percent": [
            [
                1.9
            ],
            [
                3.8
            ],
            [
                3.8
            ],
            [
                3.8
            ]
        ],
        "cpu_name": [
            [
                "aarch64"
            ],
            [
                "aarch64"
            ],
            [
                "aarch64"
            ],
            [
                "aarch64"
            ]
        ],
        "cpu_architecture": [
            [
                "aarch64"
            ],
            [
                "aarch64"
            ],
            [
                "aarch64"
            ],
            [
                "aarch64"
            ]
        ],
        "cpu_cores_physical": [
            [
                0
            ],
            [
                0
            ],
            [
                0
            ],
            [
                0
            ]
        ],
        "cpu_cores_logical": [
            [
                2
            ],
            [
                2
            ],
            [
                2
            ],
            [
                2
            ]
        ],
        "aws_cpu": [
            [
                "type:lambda-function|arch:aarch64|lambda:True|mem:2048"
            ],
            [
                "type:lambda-function|arch:aarch64|lambda:True|mem:2048"
            ],
            [
                "type:lambda-function|arch:aarch64|lambda:True|mem:2048"
            ],
            [
                "type:lambda-function|arch:aarch64|lambda:True|mem:2048"
            ]
        ]
    },
    "(4, 2048, 6)": {
        "read": [
            [
                0.3717360496520996
            ],
            [
                0.33576202392578125
            ],
            [
                0.3227400779724121
            ]
        ],
        "compute": [
            [
                1.748070240020752
            ],
            [
                1.6527042388916016
            ],
            [
                1.652644395828247
            ]
        ],
        "write": [
            [
                0.6674153804779053
            ],
            [
                0.7169246673583984
            ],
            [
                0.6759672164916992
            ]
        ],
        "cold_start": [
            [
                1.2540555000305176
            ],
            [
                1.2646243572235107
            ],
            [
                1.2995927333831787
            ]
        ],
        "time_consumption": [
            [
                5.48343849
            ],
            [
                5.51026297
            ],
            [
                5.48152471
            ]
        ],
        "worker_time_execution": [
            [
                5.483438491821289
            ],
            [
                5.510262966156006
            ],
            [
                5.481524705886841
            ]
        ],
        "measurement_energy": [
            [
                "null, null, null, psutil"
            ],
            [
                "null, null, null, psutil"
            ],
            [
                "null, null, null, psutil"
            ]
        ],
        "RAPL_wrong": [
            [
                12
            ],
            [
                12
            ],
            [
                12
            ]
        ],
        "TDP": [
            [
                2.176925081253052
            ],
            [
                2.135226899385452
            ],
            [
                2.0637940517663957
            ]
        ],
        "perf_energy_cores": [
            [
                0.0
            ],
            [
                0.0
            ],
            [
                0.0
            ]
        ],
        "rapl_energy_cores": [
            [
                0.0
            ],
            [
                0.0
            ],
            [
                0.0
            ]
        ],
        "ebpf_energy_pkg": [
            [
                0.0
            ],
            [
                0.0
            ],
            [
                0.0
            ]
        ],
        "ebpf_energy_cores": [
            [
                0.0
            ],
            [
                0.0
            ],
            [
                0.0
            ]
        ],