{
    "(4, 2048, 28)": {
        "read": [
            [
                2.798635482788086
            ],
            [
                3.379469156265259
            ],
            [
                2.8822484016418457
            ]
        ],
        "compute": [
            [
                1.5417208671569824
            ],
            [
                1.5610125064849854
            ],
            [
                1.5770759582519531
            ]
        ],
        "write": [
            [
                0.2729346752166748
            ],
            [
                0.26945948600769043
            ],
            [
                0.16443395614624023
            ]
        ],
        "cold_start": [
            [
                1.1406500339508057
            ],
            [
                1.1894474029541016
            ],
            [
                1.2182488441467285
            ]
        ],
        "time_consumption": [
            [
                7.52283692
            ],
            [
                8.02288747
            ],
            [
                7.4909997
            ]
        ],
        "worker_time_execution": [
            [
                7.522836923599243
            ],
            [
                8.022887468338013
            ],
            [
                7.490999698638916
            ]
        ],
        "measurement_energy": [
            [
                "null, null, null, psutil"
            ],
            [
                "null, null, null, psutil"
            ],
            [
                "null, null, null, psutil"
            ]
        ],
        "RAPL_wrong": [
            [
                12
            ],
            [
                12
            ],
            [
                12
            ]
        ],
        "TDP": [
            [
                2.0612573170661923
            ],
            [
                2.045836304426193
            ],
            [
                1.913950423002243
            ]
        ],
        "perf_energy_cores": [
            [
                0.0
            ],
            [
                0.0
            ],
            [
                0.0
            ]
        ],
        "rapl_energy_cores": [
            [
                0.0
            ],
            [
                0.0
            ],
            [
                0.0
            ]
        ],
        "ebpf_energy_pkg": [
            [
                0.0
            ],
            [
                0.0
            ],
            [
                0.0
            ]
        ],
        "ebpf_energy_cores": [
            [
                0.0
            ],
            [
                0.0
            ],
            [
                0.0
            ]
        ],
        "psutil_cpu_percent": [
            [
                2.0
            ],
            [
                3.8
            ],
            [
                1.9
            ]
        ],
        "cpu_name": [
            [
                "aarch64"
            ],
            [
                "aarch64"
            ],
            [
                "aarch64"
            ]
        ],
        "cpu_architecture": [
            [
                "aarch64"
            ],
            [
                "aarch64"
            ],
            [
                "aarch64"
            ]
        ],
        "cpu_cores_physical": [
            [
                0
            ],
            [
                0
            ],
            [
                0
            ]
        ],
        "cpu_cores_logical": [
            [
                2
            ],
            [
                2
            ],
            [
                2
            ]
        ],
        "aws_cpu": [
            [
                "type:lambda-function|arch:aarch64|lambda:True|mem:2048"
            ],
            [
                "type:lambda-function|arch:aarch64|lambda:True|mem:2048"
            ],
            [
                "type:lambda-function|arch:aarch64|lambda:True|mem:2048"
            ]
        ]
    },
    "(4, 2048, 24)": {
        "read": [
            [
                2.1485800743103027
            ],
            [
                2.501009464263916
            ],
            [
                2.774467945098877
            ]
        ],
        "compute": [
            [
                1.6223392486572266
            ],
            [
                1.5281360149383545
            ],
            [
                1.516904354095459
            ]
        ],
        "write": [
            [
                0.16026830673217773
            ],
            [
                0.15150761604309082
            ],
            [
                0.16157960891723633
            ]
        ],
        "cold_start": [
            [
                1.0870482921600342
            ],
            [
                1.175762414932251
            ],
            [
                1.210064172744751
            ]
        ],
        "time_consumption": [
            [
                6.87888765
            ],
            [
                6.88976693
            ],
            [
                7.39373803
            ]
        ],
        "worker_time_execution": [
            [
                6.87888765335083
            ],
            [
                6.8897669315338135
            ],
            [
                7.393738031387329
            ]
        ],
        "measurement_energy": [
            [
                "null, null, null, psutil"
            ],
            [
                "null, null, null, psutil"
            ],
            [
                "null, null, null, psutil"
            ]
        ],
        "RAPL_wrong": [
            [
                12
            ],
            [
                12
            ],
            [
                12
            ]
        ],
        "TDP": [
            [
                2.0395901892185213
            ],
            [
                1.8877961392402651
            ],
            [
                1.907584412097931
            ]
        ],
        "perf_energy_cores": [
            [
                0.0
            ],
            [
                0.0
            ],
            [
                0.0
            ]
        ],
        "rapl_energy_cores": [
            [
                0.0
            ],
            [
                0.0
            ],
            [
                0.0
            ]
        ],
        "ebpf_energy_pkg": [
            [
                0.0
            ],
            [
                0.0
            ],
            [
                0.0
            ]
        ],
        "ebpf_energy_cores": [
            [
                0.0
            ],
            [
                0.0
            ],
            [
                0.0
            ]
        ],
        "psutil_cpu_percent": [
            [
                2.0
            ],
            [
                2.0
            ],
            [
                1.9
            ]
        ],
        "cpu_name": [
            [
                "aarch64"
            ],
            [
                "aarch64"
            ],
            [
                "aarch64"
            ]
        ],
        "cpu_architecture": [
            [
                "aarch64"
            ],
            [
                "aarch64"
            ],
            [
                "aarch64"
            ]
        ],
        "cpu_cores_physical": [
            [
                0
            ],
            [
                0
            ],
            [
                0
            ]
        ],
        "cpu_cores_logical": [
            [
                2
            ],
            [
                2
            ],
            [
                2
            ]
        ],