{
    "(4, 2048, 28)": {
        "read": [
            [
                0.4107627868652344
            ]
        ],
        "compute": [
            [
                1.6267406940460205
            ]
        ],
        "write": [
            [
                0.747838020324707
            ]
        ],
        "cold_start": [
            [
                2.683306932449341
            ]
        ],
        "time_consumption": [
            [
                5.94841766
            ]
        ],
        "worker_time_execution": [
            [
                5.948417663574219
            ]
        ],
        "measurement_energy": [
            [
                "null, null, null, psutil"
            ]
        ],
        "RAPL_wrong": [
            [
                12
            ]
        ],
        "TDP": [
            [
                2.3079860534667973
            ]
        ],
        "perf_energy_cores": [
            [
                0.0
            ]
        ],
        "rapl_energy_cores": [
            [
                0.0
            ]
        ],
        "ebpf_energy_pkg": [
            [
                0.0
            ]
        ],
        "ebpf_energy_cores": [
            [
                0.0
            ]
        ],
        "psutil_cpu_percent": [
            [
                3.8
            ]
        ],
        "cpu_name": [
            [
                "aarch64"
            ]
        ],
        "cpu_architecture": [
            [
                "aarch64"
            ]
        ],
        "cpu_cores_physical": [
            [
                0
            ]
        ],
        "cpu_cores_logical": [
            [
                2
            ]
        ],
        "aws_cpu": [
            [
                "type:lambda-function|arch:aarch64|lambda:True|mem:2048"
            ]
        ]
    },
    "(4, 2048, 24)": {
        "read": [
            [
                0.3793671131134033
            ]
        ],
        "compute": [
            [
                1.6780705451965332
            ]
        ],
        "write": [
            [
                0.6190488338470459
            ]
        ],
        "cold_start": [
            [
                1.3715522289276123
            ]
        ],
        "time_consumption": [
            [
                5.49295664
            ]
        ],
        "worker_time_execution": [
            [
                5.492956638336182
            ]
        ],
        "measurement_energy": [
            [
                "null, null, null, psutil"
            ]
        ],
        "RAPL_wrong": [
            [
                12
            ]
        ],
        "TDP": [
            [
                2.1340136539936063
            ]
        ],
        "perf_energy_cores": [
            [
                0.0
            ]
        ],
        "rapl_energy_cores": [
            [
                0.0
            ]
        ],
        "ebpf_energy_pkg": [
            [
                0.0
            ]
        ],
        "ebpf_energy_cores": [
            [
                0.0
            ]
        ],
        "psutil_cpu_percent": [
            [
                2.0
            ]
        ],
        "cpu_name": [
            [
                "aarch64"
            ]
        ],
        "cpu_architecture": [
            [
                "aarch64"
            ]
        ],
        "cpu_cores_physical": [
            [
                0
            ]
        ],
        "cpu_cores_logical": [
            [
                2
            ]
        ],
        "aws_cpu": [
            [
                "type:lambda-function|arch:aarch64|lambda:True|mem:2048"
            ]
        ]
    },
    "(4, 2048, 20)": {
        "read": [
            [
                0.35179829597473145
            ]
        ],
        "compute": [
            [
                1.5637643337249756
            ]
        ],
        "write": [
            [
                0.5211973190307617
            ]
        ],
        "cold_start": [
            [
                1.500171184539795
            ]
        ],
        "time_consumption": [
            [
                5.40259624
            ]
        ],
        "worker_time_execution": [
            [
                5.4025962352752686
            ]
        ],
        "measurement_energy": [
            [
                "null, null, null, psutil"
            ]
        ],
        "RAPL_wrong": [
            [
                12
            ]
        ],
        "TDP": [
            [
                2.017869693875313
            ]
        ],
        "perf_energy_cores": [
            [
                0.0
            ]
        ],
        "rapl_energy_cores": [
            [
                0.0
            ]
        ],
        "ebpf_energy_pkg": [
            [
                0.0
            ]
        ],
        "ebpf_energy_cores": [
            [
                0.0
            ]
        ],
        "psutil_cpu_percent": [
            [
                2.0
            ]
        ],
        "cpu_name": [
            [
                "aarch64"
            ]
        ],
        "cpu_architecture": [
            [
                "aarch64"
            ]
        ],
        "cpu_cores_physical": [
            [
                0
            ]
        ],
        "cpu_cores_logical": [
            [
                2
            ]
        ],
        "aws_cpu": [
            [
                "type:lambda-function|arch:aarch64|lambda:True|mem:2048"
            ]
        ]
    }
}