{
    "(4, 2048, 7)": {
        "read": [
            [
                0.3820371627807617
            ],
            [
                0.34635448455810547
            ],
            [
                0.3934943675994873
            ]
        ],
        "compute": [
            [
                1.5972764492034912
            ],
            [
                1.6612811088562012
            ],
            [
                1.5947043895721436
            ]
        ],
        "write": [
            [
                0.7790513038635254
            ],
            [
                0.592181921005249
            ],
            [
                0.5995185375213623
            ]
        ],
        "cold_start": [
            [
                2.600740432739258
            ],
            [
                1.282951831817627
            ],
            [
                1.4411344528198242
            ]
        ],
        "time_consumption": [
            [
                5.95955849
            ],
            [
                5.49440908
            ],
            [
                5.50243497
            ]
        ],
        "worker_time_execution": [
            [
                5.959558486938477
            ],
            [
                5.494409084320068
            ],
            [
                5.502434968948364
            ]
        ],
        "measurement_energy": [
            [
                "null, null, null, psutil"
            ],
            [
                "null, null, null, psutil"
            ],
            [
                "null, null, null, psutil"
            ]
        ],
        "RAPL_wrong": [
            [
                12
            ],
            [
                12
            ],
            [
                12
            ]
        ],
        "TDP": [
            [
                2.264632225036621
            ],
            [
                2.148313951969147
            ],
            [
                2.115686245560646
            ]
        ],
        "perf_energy_cores": [
            [
                0.0
            ],
            [
                0.0
            ],
            [
                0.0
            ]
        ],
        "rapl_energy_cores": [
            [
                0.0
            ],
            [
                0.0
            ],
            [
                0.0
            ]
        ],
        "ebpf_energy_pkg": [
            [
                0.0
            ],
            [
                0.0
            ],
            [
                0.0
            ]
        ],
        "ebpf_energy_cores": [
            [
                0.0
            ],
            [
                0.0
            ],
            [
                0.0
            ]
        ],
        "psutil_cpu_percent": [
            [
                1.9
            ],
            [
                3.8
            ],
            [
                3.8
            ]
        ],
        "cpu_name": [
            [
                "aarch64"
            ],
            [
                "aarch64"
            ],
            [
                "aarch64"
            ]
        ],
        "cpu_architecture": [
            [
                "aarch64"
            ],
            [
                "aarch64"
            ],
            [
                "aarch64"
            ]
        ],
        "cpu_cores_physical": [
            [
                0
            ],
            [
                0
            ],
            [
                0
            ]
        ],
        "cpu_cores_logical": [
            [
                2
            ],
            [
                2
            ],
            [
                2
            ]
        ],
        "aws_cpu": [
            [
                "type:lambda-function|arch:aarch64|lambda:True|mem:2048"
            ],
            [
                "type:lambda-function|arch:aarch64|lambda:True|mem:2048"
            ],
            [
                "type:lambda-function|arch:aarch64|lambda:True|mem:2048"
            ]
        ]
    },
    "(4, 2048, 6)": {
        "read": [
            [
                0.3717360496520996
            ],
            [
                0.33576202392578125
            ]
        ],
        "compute": [
            [
                1.748070240020752
            ],
            [
                1.6527042388916016
            ]
        ],
        "write": [
            [
                0.6674153804779053
            ],
            [
                0.7169246673583984
            ]
        ],
        "cold_start": [
            [
                1.2540555000305176
            ],
            [
                1.2646243572235107
            ]
        ],
        "time_consumption": [
            [
                5.48343849
            ],
            [
                5.51026297
            ]
        ],
        "worker_time_execution": [
            [
                5.483438491821289
            ],
            [
                5.510262966156006
            ]
        ],
        "measurement_energy": [
            [
                "null, null, null, psutil"
            ],
            [
                "null, null, null, psutil"
            ]
        ],
        "RAPL_wrong": [
            [
                12
            ],
            [
                12
            ]
        ],
        "TDP": [
            [
                2.176925081253052
            ],
            [
                2.135226899385452
            ]
        ],
        "perf_energy_cores": [
            [
                0.0
            ],
            [
                0.0
            ]
        ],
        "rapl_energy_cores": [
            [
                0.0
            ],
            [
                0.0
            ]
        ],
        "ebpf_energy_pkg": [
            [
                0.0
            ],
            [
                0.0
            ]
        ],
        "ebpf_energy_cores": [
            [
                0.0
            ],
            [
                0.0
            ]
        ],
        "psutil_cpu_percent": [
            [
                3.8
            ],
            [
                3.8
            ]
        ],
        "cpu_name": [
            [
                "aarch64"
            ],
            [
                "aarch64"
            ]
        ],
        "cpu_architecture": [
            [
                "aarch64"
            ],
            [
                "aarch64"
            ]
        ],
        "cpu_cores_physical": [
            [
                0
            ],
            [
                0
            ]
        ],
        "cpu_cores_logical": [
            [
                2
            ],
            [
                2
            ]
        ],
        "aws_cpu": [
            [
                "type:lambda-function|arch:aarch64|lambda:True|mem:2048"
            ],
            [
                "type:lambda-function|arch:aarch64|lambda:True|mem:2048"
            ]
        ]
    },
    "(4, 2048, 5)": {
        "read": [
            [
                0.38988327980041504
            ]
        ],
        "compute": [
            [
                1.5901436805725098
            ]
        ],
        "write": [
            [
                0.6359477043151855
            ]
        ],
        "cold_start": [
            [
                1.4975767135620117
            ]
        ],
        "time_consumption": [
            [
                5.40107274
            ]
        ],
        "worker_time_execution": [
            [
                5.40107274055481
            ]
        ],
        "measurement_energy": [
            [
                "null, null, null, psutil"
            ]
        ],
        "RAPL_wrong": [
            [
                12
            ]
        ],
        "TDP": [
            [
                2.136124268889427
            ]
        ],
        "perf_energy_cores": [
            [
                0.0
            ]
        ],