{
    "(4, 512, 28)": {
        "read": [
            [
                4.415209770202637
            ]
        ],
        "compute": [
            [
                5.179983139038086
            ]
        ],
        "write": [
            [
                0.7996561527252197
            ]
        ],
        "cold_start": [
            [
                2.3414127826690674
            ]
        ],
        "time_consumption": [
            [
                15.25498223
            ]
        ],
        "worker_time_execution": [
            [
                15.254982233047485
            ]
        ],
        "measurement_energy": [
            [
                "null, null, null, psutil"
            ]
        ],
        "RAPL_wrong": [
            [
                12
            ]
        ],
        "TDP": [
            [
                1.510243241071701
            ]
        ],
        "perf_energy_cores": [
            [
                0.0
            ]
        ],
        "rapl_energy_cores": [
            [
                0.0
            ]
        ],
        "ebpf_energy_pkg": [
            [
                0.0
            ]
        ],
        "ebpf_energy_cores": [
            [
                0.0
            ]
        ],
        "psutil_cpu_percent": [
            [
                0.0
            ]
        ],
        "cpu_name": [
            [
                "aarch64"
            ]
        ],
        "cpu_architecture": [
            [
                "aarch64"
            ]
        ],
        "cpu_cores_physical": [
            [
                0
            ]
        ],
        "cpu_cores_logical": [
            [
                2
            ]
        ],
        "aws_cpu": [
            [
                "type:lambda-function|arch:aarch64|lambda:True|mem:512"
            ]
        ]
    },
    "(4, 512, 24)": {
        "read": [
            [
                3.385829210281372
            ]
        ],
        "compute": [
            [
                5.568983554840088
            ]
        ],
        "write": [
            [
                0.4411797523498535
            ]
        ],
        "cold_start": [
            [
                2.0227162837982178
            ]
        ],
        "time_consumption": [
            [
                14.81274915
            ]
        ],
        "worker_time_execution": [
            [
                14.812749147415161
            ]
        ],
        "measurement_energy": [
            [
                "null, null, null, psutil"
            ]
        ],
        "RAPL_wrong": [
            [
                12
            ]
        ],
        "TDP": [
            [
                1.5997769079208375
            ]
        ],
        "perf_energy_cores": [
            [
                0.0
            ]
        ],
        "rapl_energy_cores": [
            [
                0.0
            ]
        ],
        "ebpf_energy_pkg": [
            [
                0.0
            ]
        ],
        "ebpf_energy_cores": [
            [
                0.0
            ]
        ],
        "psutil_cpu_percent": [
            [
                1.8
            ]
        ],
        "cpu_name": [
            [
                "aarch64"
            ]
        ],
        "cpu_architecture": [
            [
                "aarch64"
            ]
        ],
        "cpu_cores_physical": [
            [
                0
            ]
        ],
        "cpu_cores_logical": [
            [
                2
            ]
        ],
        "aws_cpu": [
            [
                "type:lambda-function|arch:aarch64|lambda:True|mem:512"
            ]
        ]
    },
    "(4, 512, 20)": {
        "read": [
            [
                3.277657985687256
            ]
        ],
        "compute": [
            [
                4.956088066101074
            ]
        ],
        "write": [
            [
                0.821096658706665
            ]
        ],
        "cold_start": [
            [
                2.3972721099853516
            ]
        ],
        "time_consumption": [
            [
                14.25619936
            ]
        ],
        "worker_time_execution": [
            [
                14.256199359893799
            ]
        ],
        "measurement_energy": [
            [
                "null, null, null, psutil"
            ]
        ],
        "RAPL_wrong": [
            [
                12
            ]
        ],
        "TDP": [
            [
                1.5111571321487427
            ]
        ],
        "perf_energy_cores": [
            [
                0.0
            ]
        ],
        "rapl_energy_cores": [
            [
                0.0
            ]
        ],
        "ebpf_energy_pkg": [
            [
                0.0
            ]
        ],
        "ebpf_energy_cores": [
            [
                0.0
            ]
        ],
        "psutil_cpu_percent": [
            [
                1.8
            ]
        ],
        "cpu_name": [
            [
                "aarch64"
            ]
        ],
        "cpu_architecture": [
            [
                "aarch64"
            ]
        ],
        "cpu_cores_physical": [
            [
                0
            ]
        ],
        "cpu_cores_logical": [
            [
                2
            ]
        ],
        "aws_cpu": [
            [
                "type:lambda-function|arch:aarch64|lambda:True|mem:512"
            ]
        ]
    },
    "(4, 512, 4)": {
        "read": [
            [
                1.793135404586792
            ],
            [
                1.3361635208129883
            ]
        ],
        "compute": [
            [
                3.782353401184082
            ],
            [
                3.7795522212982178
            ]
        ],
        "write": [
            [
                0.43434810638427734
            ],
            [
                0.8045012950897217
            ]
        ],
        "cold_start": [
            [
                2.4490373134613037
            ],
            [
                2.5108182430267334
            ]
        ],
        "time_consumption": [
            [
                11.25228834
            ],
            [
                11.26941085
            ]
        ],
        "worker_time_execution": [
            [
                11.252288341522217
            ],
            [
                11.269410848617554
            ]
        ],
        "measurement_energy": [
            [
                "null, null, null, psutil"
            ],
            [
                "null, null, null, psutil"
            ]
        ],
        "RAPL_wrong": [
            [
                12
            ],
            [
                12
            ]
        ],
        "TDP": [
            [
                1.249004005908966
            ],
            [
                1.2959822475910188
            ]
        ],
        "perf_energy_cores": [
            [
                0.0
            ],
            [
                0.0
            ]
        ],
        "rapl_energy_cores": [
            [
                0.0
            ],
            [
                0.0
            ]
        ],
        "ebpf_energy_pkg": [
            [
                0.0
            ],
            [
                0.0
            ]
        ],
        "ebpf_energy_cores": [
            [
                0.0
            ],
            [
                0.0
            ]
        ],
        "psutil_cpu_percent": [
            [
                2.0
            ],
            [
                0.0
            ]
        ],
        "cpu_name": [
            [
                "aarch64"
            ],
            [
                "aarch64"
            ]
        ],
        "cpu_architecture": [
            [
                "aarch64"
            ],
            [
                "aarch64"
            ]
        ],