{
    "(4, 2048, 28)": {
        "read": [
            [
                0.4107627868652344
            ],
            [
                0.5459818840026855
            ],
            [
                0.33537793159484863
            ]
        ],
        "compute": [
            [
                1.6267406940460205
            ],
            [
                1.6156256198883057
            ],
            [
                1.6189942359924316
            ]
        ],
        "write": [
            [
                0.747838020324707
            ],
            [
                0.8614850044250488
            ],
            [
                0.621406078338623
            ]
        ],
        "cold_start": [
            [
                2.683306932449341
            ],
            [
                1.9314801692962646
            ],
            [
                1.8523046970367432
            ]
        ],
        "time_consumption": [
            [
                5.94841766
            ],
            [
                6.44692969
            ],
            [
                5.48454785
            ]
        ],
        "worker_time_execution": [
            [
                5.948417663574219
            ],
            [
                6.446929693222046
            ],
            [
                5.484547853469849
            ]
        ],
        "measurement_energy": [
            [
                "null, null, null, psutil"
            ],
            [
                "null, null, null, psutil"
            ],
            [
                "null, null, null, psutil"
            ]
        ],
        "RAPL_wrong": [
            [
                12
            ],
            [
                12
            ],
            [
                12
            ]
        ],
        "TDP": [
            [
                2.3079860534667973
            ],
            [
                2.240308068394661
            ],
            [
                2.021055884003639
            ]
        ],
        "perf_energy_cores": [
            [
                0.0
            ],
            [
                0.0
            ],
            [
                0.0
            ]
        ],
        "rapl_energy_cores": [
            [
                0.0
            ],
            [
                0.0
            ],
            [
                0.0
            ]
        ],
        "ebpf_energy_pkg": [
            [
                0.0
            ],
            [
                0.0
            ],
            [
                0.0
            ]
        ],
        "ebpf_energy_cores": [
            [
                0.0
            ],
            [
                0.0
            ],
            [
                0.0
            ]
        ],
        "psutil_cpu_percent": [
            [
                3.8
            ],
            [
                3.8
            ],
            [
                1.9
            ]
        ],
        "cpu_name": [
            [
                "aarch64"
            ],
            [
                "aarch64"
            ],
            [
                "aarch64"
            ]
        ],
        "cpu_architecture": [
            [
                "aarch64"
            ],
            [
                "aarch64"
            ],
            [
                "aarch64"
            ]
        ],
        "cpu_cores_physical": [
            [
                0
            ],
            [
                0
            ],
            [
                0
            ]
        ],
        "cpu_cores_logical": [
            [
                2
            ],
            [
                2
            ],
            [
                2
            ]
        ],
        "aws_cpu": [
            [
                "type:lambda-function|arch:aarch64|lambda:True|mem:2048"
            ],
            [
                "type:lambda-function|arch:aarch64|lambda:True|mem:2048"
            ],
            [
                "type:lambda-function|arch:aarch64|lambda:True|mem:2048"
            ]
        ]
    },
    "(4, 2048, 24)": {
        "read": [
            [
                0.3793671131134033
            ],
            [
                0.36382460594177246
            ],
            [
                0.31295228004455566
            ]
        ],
        "compute": [
            [
                1.6780705451965332
            ],
            [
                1.6599044799804688
            ],
            [
                1.5387303829193115
            ]
        ],
        "write": [
            [
                0.6190488338470459
            ],
            [
                0.6969583034515381
            ],
            [
                0.6801230907440186
            ]
        ],
        "cold_start": [
            [
                1.3715522289276123
            ],
            [
                1.6350419521331787
            ],
            [
                1.5451176166534424
            ]
        ],
        "time_consumption": [
            [
                5.49295664
            ],
            [
                5.49960327
            ],
            [
                5.38815689
            ]
        ],
        "worker_time_execution": [
            [
                5.492956638336182
            ],
            [
                5.499603271484375
            ],
            [
                5.388156890869141
            ]
        ],
        "measurement_energy": [
            [
                "null, null, null, psutil"
            ],
            [
                "null, null, null, psutil"
            ],
            [
                "null, null, null, psutil"
            ]
        ],
        "RAPL_wrong": [
            [
                12
            ],
            [
                12
            ],
            [
                12
            ]
        ],
        "TDP": [
            [
                2.1340136539936063
            ],
            [
                2.070600631713867
            ],
            [
                2.0340292263031006
            ]
        ],
        "perf_energy_cores": [
            [
                0.0
            ],
            [
                0.0
            ],
            [
                0.0
            ]
        ],
        "rapl_energy_cores": [
            [
                0.0
            ],
            [
                0.0
            ],
            [
                0.0
            ]
        ],
        "ebpf_energy_pkg": [
            [
                0.0
            ],
            [
                0.0
            ],
            [
                0.0
            ]
        ],
        "ebpf_energy_cores": [
            [
                0.0
            ],
            [
                0.0
            ],
            [
                0.0
            ]
        ],
        "psutil_cpu_percent": [
            [
                2.0
            ],
            [
                1.9
            ],
            [
                3.8
            ]
        ],
        "cpu_name": [
            [
                "aarch64"
            ],
            [
                "aarch64"
            ],
            [
                "aarch64"
            ]
        ],
        "cpu_architecture": [
            [
                "aarch64"
            ],
            [
                "aarch64"
            ],
            [
                "aarch64"
            ]
        ],
        "cpu_cores_physical": [
            [
                0
            ],
            [
                0
            ],
            [
                0
            ]
        ],
        "cpu_cores_logical": [
            [
                2
            ],
            [
                2
            ],
            [
                2
            ]
        ],