{
    "(4, 512, 4)": {
        "read": [
            [
                2.4548568725585938,
                2.481339931488037,
                2.1777684688568115,
                2.4380204677581787
            ]
        ],
        "compute": [
            [
                5.34049654006958,
                5.302158832550049,
                5.501579761505127,
                5.499892950057983
            ]
        ],
        "write": [
            [
                0.7253689765930176,
                0.6263628005981445,
                0.6498901844024658,
                0.7110047340393066
            ]
        ],
        "cold_start": [
            [
                2.2875821590423584,
                2.2471814155578613,
                2.3363990783691406,
                2.4200615882873535
            ]
        ],
        "time_consumption": [
            [
                13.38956141,
                13.36228228,
                13.36560583,
                13.80975938
            ]
        ],
        "worker_time_execution": [
            [
                13.389561414718628,
                13.362282276153564,
                13.36560583114624,
                13.809759378433228
            ]
        ],
        "measurement_energy": [
            [
                "null, null, null, psutil",
                "null, null, null, psutil",
                "null, null, null, psutil",
                "null, null, null, psutil"
            ]
        ],
        "RAPL_wrong": [
            [
                12,
                12,
                12,
                12
            ]
        ],
        "TDP": [
            [
                1.5331047819852828,
                1.503256756067276,
                1.6640179259777068,
                1.4914540128707887
            ]
        ],
        "perf_energy_cores": [
            [
                0.0,
                0.0,
                0.0,
                0.0
            ]
        ],
        "rapl_energy_cores": [
            [
                0.0,
                0.0,
                0.0,
                0.0
            ]
        ],
        "ebpf_energy_pkg": [
            [
                0.0,
                0.0,
                0.0,
                0.0
            ]
        ],
        "ebpf_energy_cores": [
            [
                0.0,
                0.0,
                0.0,
                0.0
            ]
        ],
        "psutil_cpu_percent": [
            [
                1.9,
                0.0,
                0.0,
                1.8
            ]
        ],
        "cpu_name": [
            [
                "aarch64",
                "aarch64",
                "aarch64",
                "aarch64"
            ]
        ],
        "cpu_architecture": [
            [
                "aarch64",
                "aarch64",
                "aarch64",
                "aarch64"
            ]
        ],
        "cpu_cores_physical": [
            [
                0,
                0,
                0,
                0
            ]
        ],
        "cpu_cores_logical": [
            [
                2,
                2,
                2,
                2
            ]
        ],
        "aws_cpu": [
            [
                "type:lambda-function|arch:aarch64|lambda:True|mem:512",
                "type:lambda-function|arch:aarch64|lambda:True|mem:512",
                "type:lambda-function|arch:aarch64|lambda:True|mem:512",
                "type:lambda-function|arch:aarch64|lambda:True|mem:512"
            ]
        ]
    }
}