{
    "(3, 0, 1)": {
        "read": [
            [
                0.03904843330383301
            ],
            [
                0.03506970405578613
            ],
            [
                0.03282356262207031
            ],
            [
                0.03642416000366211
            ]
        ],
        "compute": [
            [
                0.4401280879974365
            ],
            [
                0.4429903030395508
            ],
            [
                0.437084436416626
            ],
            [
                0.43679165840148926
            ]
        ],
        "write": [
            [
                0.05559182167053223
            ],
            [
                0.05517148971557617
            ],
            [
                0.0653526782989502
            ],
            [
                0.05677223205566406
            ]
        ],
        "cold_start": [
            [
                0.3362917900085449
            ],
            [
                0.20317435264587402
            ],
            [
                0.2153334617614746
            ],
            [
                0.20166826248168945
            ]
        ],
        "RAPL": [
            [
                6866.785714285714
            ],
            [
                167923.39014285713
            ],
            [
                216720.25050000002
            ],
            [
                263243.7837857143
            ]
        ],
        "TDP": [
            [
                0.2673841714859009
            ],
            [
                0.26661574840545654
            ],
            [
                0.26763033866882324
            ],
            [
                0.2649940252304077
            ]
        ]
    },
    "(1, 1024, 1)": {
        "read": [
            [
                0.03180217742919922
            ]
        ],
        "compute": [
            [
                0.44956278800964355
            ]
        ],
        "write": [
            [
                0.09450101852416992
            ]
        ],
        "cold_start": [
            [
                0.33791565895080566
            ]
        ],
        "RAPL": [
            [
                343074.0176785714
            ]
        ],
        "TDP": [
            [
                0.28793299198150635
            ]
        ]
    },
    "(4, 1024, 2)": {
        "read": [
            [
                0.04206705093383789
            ]
        ],
        "compute": [
            [
                0.43616604804992676
            ]
        ],
        "write": [
            [
                0.0586857795715332
            ]
        ],
        "cold_start": [
            [
                0.2161726951599121
            ]
        ],
        "RAPL": [
            [
                354274.5224285714
            ]
        ],
        "TDP": [
            [
                0.2684594392776489
            ]
        ]
    },
    "(4, 1024, 8)": {
        "read": [
            [
                0.03861355781555176
            ]
        ],
        "compute": [
            [
                0.4364044666290283
            ]
        ],
        "write": [
            [
                0.06822061538696289
            ]
        ],
        "cold_start": [
            [
                0.33333611488342285
            ]
        ],
        "RAPL": [
            [
                350475.32289285713
            ]
        ],
        "TDP": [
            [
                0.2716193199157715
            ]
        ]
    },
    "(4, 2048, 1)": {
        "read": [
            [
                0.14981555938720703
            ]
        ],
        "compute": [
            [
                3.264047861099243
            ]
        ],
        "write": [
            [
                0.3223872184753418
            ]
        ],
        "cold_start": [
            [
                11.893522024154663
            ]
        ],
        "RAPL": [
            [
                272.259403
            ]
        ],
        "TDP": [
            [
                0.20551327922468743
            ]
        ],
        "time_consumption": [
            [
                10.13316631
            ]
        ],
        "worker_time_execution": [
            [
                10.133166313171387
            ]
        ]
    }
}