{

    "(3, 0, 8)": {
        "read": [
            [
                1.9524295330047607,
                1.9500508308410645,
                1.9571852684020996,
                1.948646068572998,
                2.4129691123962402,
                1.970027208328247,
                1.9535791873931885,
                1.954054832458496
            ],
            [
                1.6991336345672607,
                1.7217938899993896,
                1.7284550666809082,
                1.694981336593628,
                1.6911745071411133,
                1.690782070159912,
                1.6893610954284668,
                1.649381160736084
            ],
            [
                1.9757118225097656,
                1.9657821655273438,
                1.9339807033538818,
                1.9821178913116455,
                1.9466769695281982,
                1.9213488101959229,
                1.9716815948486328,
                1.947371006011963
            ],
            [
                1.730109691619873,
                1.7743258476257324,
                1.7724106311798096,
                1.7430040836334229,
                1.7167065143585205,
                1.7195467948913574,
                1.7324180603027344,
                1.7637925148010254
            ]
        ],
        "compute": [
            [
                0.9052212238311768,
                0.8611776828765869,
                1.0772600173950195,
                1.182992696762085,
                1.1096339225769043,
                1.1134366989135742,
                0.8574099540710449,
                1.0703439712524414
            ],
            [
                1.4503731727600098,
                1.0589172840118408,
                1.0371992588043213,
                1.0424749851226807,
                1.0786232948303223,
                1.4495065212249756,
                1.066995620727539,
                0.7966039180755615
            ],
            [
                1.2566354274749756,
                0.8484749794006348,
                0.9094429016113281,
                1.533400297164917,
                0.9861361980438232,
                0.7457630634307861,
                0.9797115325927734,
                0.9570915699005127
            ],
            [
                1.1528759002685547,
                0.9447851181030273,
                1.1444177627563477,
                0.98223876953125,
                0.7990736961364746,
                0.635521411895752,
                1.2230231761932373,
                1.220388650894165
            ]
        ],
        "write": [
            [
                0.14024591445922852,
                0.14016222953796387,
                0.10158371925354004,
                0.07610845565795898,
                0.11301803588867188,
                0.08828926086425781,
                0.14076662063598633,
                0.08587765693664551
            ],
            [
                0.4414181709289551,
                0.5723559856414795,
                0.6184155941009521,
                0.612558126449585,
                0.6144564151763916,
                0.444321870803833,
                0.5994141101837158,
                0.3051283359527588
            ],
            [
                0.3515055179595947,
                0.4740262031555176,
                0.38284969329833984,
                0.15430474281311035,
                0.6200082302093506,
                0.23048686981201172,
                0.60243821144104,
                0.38402628898620605
            ],
            [
                0.5835685729980469,
                0.33396029472351074,
                0.5835490226745605,
                0.3456580638885498,
                0.2496328353881836,
                0.2966177463531494,
                0.578981876373291,
                0.5785472393035889
            ]
        ],
        "cold_start": [
            [
                1.4275546073913574,
                1.332810878753662,
                1.5753180980682373,
                1.5690486431121826,
                0.4480559825897217,
                1.586235523223877,
                1.473419189453125,
                1.5300917625427246
            ],
            [
                0.4037282466888428,
                0.34956884384155273,
                0.33488893508911133,
                0.34844136238098145,
                0.36328697204589844,
                0.40421271324157715,
                0.34294652938842773,
                0.3162722587585449
            ],
            [
                0.3476827144622803,
                0.33750462532043457,
                0.42641115188598633,
                0.36342501640319824,
                0.3322904109954834,
                0.34796690940856934,
                0.3231849670410156,
                0.3664877414703369
            ],
            [
                0.43982744216918945,
                0.3534202575683594,
                0.36302661895751953,
                0.3336162567138672,
                0.3562901020050049,
                0.34374332427978516,
                0.3666503429412842,
                0.33611035346984863
            ]
        ],
        "energy_consumption": [
            [
                176207.58257142856,
                171009.15714285715,
                177410.48775,
                176210.38135714288,
                138205.9067857143,
                176140.61085714286,
                174356.71810714286,
                177258.01357142857
            ],
            [
                497414.3741428572,
                519490.37307142845,
                518431.1412857142,
                520174.0765714286,
                520285.16382142855,
                497338.67571428575,
                519114.8404285714,
                555922.3002857143
            ],
            [
                583410.8292142857,
                610634.9810714285,
                614809.2600000001,
                571035.0896428572,
                583410.8292142857,
                610892.0375000001,
                581393.2431071429,
                612933.9525714286
            ],
            [
                684886.3248214286,
                767824.0958571428,
                699793.3639285716,
                764919.4901785714,
                758007.5088214285,
                726575.9853214285,
                699849.1955357144,
                697615.93125
            ]
        ],
        "energy_lithops": [
            [
                1.498948335647583,
                1.4756953716278076,
                1.5680145025253296,
                1.603873610496521,
                1.8178105354309082,
                1.5858765840530396,
                1.4758778810501099,
                1.5551382303237915
            ],
            [
                1.7954624891281128,
                1.676533579826355,
                1.6920349597930908,
                1.6750072240829468,
                1.6921271085739136,
                1.7923052310943604,
                1.6778854131698608,
                1.3755567073822021
            ],
            [
                1.791926383972168,
                1.644141674041748,
                1.613136649131775,
                1.8349114656448364,
                1.776410698890686,
                1.4487993717193604,
                1.7769156694412231,
                1.6442444324493408
            ],
            [
                1.7332770824432373,
                1.5265356302261353,
                1.7501887083053589,
                1.5354504585266113,
                1.3827065229415894,
                1.3258429765701294,
                1.7672115564346313,
                1.7813642024993896
            ]
        ]
    },
    "(1, 1024, 1)": {
        "read": [
            [
                0.42308521270751953
            ]
        ],
        "compute": [
            [
                0.32107090950012207
            ]
        ],