{
    "(3, 0, 1)": {
        "read": [
            [
                0.23020291328430176
            ],
            [
                0.24453020095825195
            ],
            [
                0.17628979682922363
            ],
            [
                0.20752644538879395
            ]
        ],
        "compute": [
            [
                0.24581003189086914
            ],
            [
                0.24390387535095215
            ],
            [
                0.23025274276733398
            ],
            [
                0.26082324981689453
            ]
        ],
        "write": [
            [
                0.0202181339263916
            ],
            [
                0.017138004302978516
            ],
            [
                0.022200345993041992
            ],
            [
                0.02182602882385254
            ]
        ],
        "cold_start": [
            [
                0.3262341022491455
            ],
            [
                0.2017061710357666
            ],
            [
                0.2142345905303955
            ],
            [
                0.19484782218933105
            ]
        ],
        "RAPL": [
            [
                37346.762571428575
            ],
            [
                139483.89135714286
            ],
            [
                176375.85364285714
            ],
            [
                196483.69235714286
            ]
        ],
        "TDP": [
            [
                0.24811553955078125
            ],
            [
                0.2527860403060913
            ],
            [
                0.2143714427947998
            ],
            [
                0.2450878620147705
            ]
        ]
    },
    "(1, 1024, 1)": {
        "read": [
            [
                0.046011924743652344
            ]
        ],
        "compute": [
            [
                0.1989901065826416
            ]
        ],
        "write": [
            [
                0.009017705917358398
            ]
        ],
        "cold_start": [
            [
                0.3273477554321289
            ]
        ],
        "RAPL": [
            [
                251038.90785714285
            ]
        ],
        "TDP": [
            [
                0.12700986862182617
            ]
        ]
    },
    "(4, 1024, 2)": {
        "read": [
            [
                0.05611610412597656
            ]
        ],
        "compute": [
            [
                0.21082735061645508
            ]
        ],
        "write": [
            [
                0.010424613952636719
            ]
        ],
        "cold_start": [
            [
                0.19884276390075684
            ]
        ],
        "RAPL": [
            [
                267311.8491428572
            ]
        ],
        "TDP": [
            [
                0.13868403434753418
            ]
        ]
    },
    "(4, 1024, 8)": {
        "read": [
            [
                0.17148590087890625
            ]
        ],
        "compute": [
            [
                0.23183727264404297
            ]
        ],
        "write": [
            [
                0.05706334114074707
            ]
        ],
        "cold_start": [
            [
                0.33867526054382324
            ]
        ],
        "RAPL": [
            [
                236554.30489285712
            ]
        ],
        "TDP": [
            [
                0.23019325733184814
            ]
        ]
    },
    "(4, 2048, 1)": {
        "read": [
            [
                0.45527005195617676
            ]
        ],
        "compute": [
            [
                1.2144954204559326
            ]
        ],
        "write": [
            [
                0.028835535049438477
            ]
        ],
        "cold_start": [
            [
                4.762394905090332
            ]
        ],
        "RAPL": [
            [
                178.086448
            ]
        ],
        "TDP": [
            [
                0.1429311610289062
            ]
        ],
        "time_consumption": [
            [
                7.91999507
            ]
        ],
        "worker_time_execution": [
            [
                7.919995069503784
            ]
        ]
    }
}