{
    "(1, 2048, 2)": {
        "read": [
            [
                0.00031304359436035156,
                0.00024199485778808594
            ]
        ],
        "compute": [
            [
                2.384185791015625e-06,
                2.1457672119140625e-06
            ]
        ],
        "write": [
            [
                7.486343383789062e-05,
                6.556510925292969e-05
            ]
        ],
        "cold_start": [
            [
                0.10789179801940918,
                0.12221407890319824
            ]
        ],
        "energy_consumption": [
            [
                0.03250286890629785,
                0.025248211898505072
            ]
        ],
        "energy_lithops": [
            [
                0.0001951456069946289,
                0.00015485286712646484
            ]
        ]
    }
}