{
    "(1, 2048, 2)": {
        "read": [
            [
                0.0002677440643310547
            ]
        ],
        "compute": [
            [
                7.700920104980469e-05
            ]
        ],
        "write": [
            [
                0.0002028942108154297
            ]
        ],
        "cold_start": [
            [
                0.11468720436096191
            ]
        ],
        "energy_consumption": [
            [
                0.06510018666435949
            ]
        ],
        "energy_lithops": [
            [
                0.00027382373809814453
            ]
        ]
    }
}